customer_id,account_number,credit_score,country,gender,age,tenure,balance,products_number,credit_card,active_member,estimated_salary,churn
15634602,999915634602,619,France,Female,42,2,0,1,1,1,101348.88,1
15647311,999915647311,608,Spain,Female,41,1,83807.86,1,0,1,112542.58,0
15619304,999915619304,502,France,Female,42,8,159660.8,3,1,0,113931.57,1
15701354,999915701354,699,France,Female,39,1,0,2,0,0,93826.63,0
15737888,999915737888,850,Spain,Female,43,2,125510.82,1,1,1,79084.1,0
15574012,999915574012,645,Spain,Male,44,8,113755.78,2,1,0,149756.71,1
15592531,999915592531,822,France,Male,50,7,0,2,1,1,10062.8,0
15656148,999915656148,376,Germany,Female,29,4,115046.74,4,1,0,119346.88,1
15792365,999915792365,501,France,Male,44,4,142051.07,2,0,1,74940.5,0
15592389,999915592389,684,France,Male,27,2,134603.88,1,1,1,71725.73,0
15767821,999915767821,528,France,Male,31,6,102016.72,2,0,0,80181.12,0
15737173,999915737173,497,Spain,Male,24,3,0,2,1,0,76390.01,0
15632264,999915632264,476,France,Female,34,10,0,2,1,0,26260.98,0
15691483,999915691483,549,France,Female,25,5,0,2,0,0,190857.79,0
15600882,999915600882,635,Spain,Female,35,7,0,2,1,1,65951.65,0
15643966,999915643966,616,Germany,Male,45,3,143129.41,2,0,1,64327.26,0
15737452,999915737452,653,Germany,Male,58,1,132602.88,1,1,0,5097.67,1
15788218,999915788218,549,Spain,Female,24,9,0,2,1,1,14406.41,0
15661507,999915661507,587,Spain,Male,45,6,0,1,0,0,158684.81,0
15568982,999915568982,726,France,Female,24,6,0,2,1,1,54724.03,0
15577657,999915577657,732,France,Male,41,8,0,2,1,1,170886.17,0
15597945,999915597945,636,Spain,Female,32,8,0,2,1,0,138555.46,0
15699309,999915699309,510,Spain,Female,38,4,0,1,1,0,118913.53,1
15725737,999915725737,669,France,Male,46,3,0,2,0,1,8487.75,0
15625047,999915625047,846,France,Female,38,5,0,1,1,1,187616.16,0
15738191,999915738191,577,France,Male,25,3,0,2,0,1,124508.29,0
15736816,999915736816,756,Germany,Male,36,2,136815.64,1,1,1,170041.95,0
15700772,999915700772,571,France,Male,44,9,0,2,0,0,38433.35,0
15728693,999915728693,574,Germany,Female,43,3,141349.43,1,1,1,100187.43,0
15656300,999915656300,411,France,Male,29,0,59697.17,2,1,1,53483.21,0
15589475,999915589475,591,Spain,Female,39,3,0,3,1,0,140469.38,1
15706552,999915706552,533,France,Male,36,7,85311.7,1,0,1,156731.91,0
15750181,999915750181,553,Germany,Male,41,9,110112.54,2,0,0,81898.81,0
15659428,999915659428,520,Spain,Female,42,6,0,2,1,1,34410.55,0
15732963,999915732963,722,Spain,Female,29,9,0,2,1,1,142033.07,0
15794171,999915794171,475,France,Female,45,0,134264.04,1,1,0,27822.99,1
15788448,999915788448,490,Spain,Male,31,3,145260.23,1,0,1,114066.77,0
15729599,999915729599,804,Spain,Male,33,7,76548.6,1,0,1,98453.45,0
15717426,999915717426,850,France,Male,36,7,0,1,1,1,40812.9,0
15585768,999915585768,582,Germany,Male,41,6,70349.48,2,0,1,178074.04,0
15619360,999915619360,472,Spain,Male,40,4,0,1,1,0,70154.22,0
15738148,999915738148,465,France,Female,51,8,122522.32,1,0,0,181297.65,1
15687946,999915687946,556,France,Female,61,2,117419.35,1,1,1,94153.83,0
15755196,999915755196,834,France,Female,49,2,131394.56,1,0,0,194365.76,1
15684171,999915684171,660,Spain,Female,61,5,155931.11,1,1,1,158338.39,0
15754849,999915754849,776,Germany,Female,32,4,109421.13,2,1,1,126517.46,0
15602280,999915602280,829,Germany,Female,27,9,112045.67,1,1,1,119708.21,1
15771573,999915771573,637,Germany,Female,39,9,137843.8,1,1,1,117622.8,1
15766205,999915766205,550,Germany,Male,38,2,103391.38,1,0,1,90878.13,0
15771873,999915771873,776,Germany,Female,37,2,103769.22,2,1,0,194099.12,0
15616550,999915616550,698,Germany,Male,44,10,116363.37,2,1,0,198059.16,0
15768193,999915768193,585,Germany,Male,36,5,146050.97,2,0,0,86424.57,0
15683553,999915683553,788,France,Female,33,5,0,2,0,0,116978.19,0
15702298,999915702298,655,Germany,Male,41,8,125561.97,1,0,0,164040.94,1
15569590,999915569590,601,Germany,Male,42,1,98495.72,1,1,0,40014.76,1
15760861,999915760861,619,France,Male,43,1,125211.92,1,1,1,113410.49,0
15630053,999915630053,656,France,Male,45,5,127864.4,1,1,0,87107.57,0
15647091,999915647091,725,Germany,Male,19,0,75888.2,1,0,0,45613.75,0
15623944,999915623944,511,Spain,Female,66,4,0,1,1,0,1643.11,1
15804771,999915804771,614,France,Male,51,4,40685.92,1,1,1,46775.28,0
15651280,999915651280,742,Germany,Male,35,5,136857,1,0,0,84509.57,0
15773469,999915773469,687,Germany,Female,27,9,152328.88,2,0,0,126494.82,0
15702014,999915702014,555,Spain,Male,33,1,56084.69,2,0,0,178798.13,0
15751208,999915751208,684,Spain,Male,56,8,78707.16,1,1,1,99398.36,0
15592461,999915592461,603,Germany,Male,26,4,109166.37,1,1,1,92840.67,0
15789484,999915789484,751,Germany,Female,36,6,169831.46,2,1,1,27758.36,0
15696061,999915696061,581,Germany,Female,34,1,101633.04,1,1,0,110431.51,0
15641582,999915641582,735,Germany,Male,43,10,123180.01,2,1,1,196673.28,0
15638424,999915638424,661,Germany,Female,35,5,150725.53,2,0,1,113656.85,0
15755648,999915755648,675,France,Female,21,8,98373.26,1,1,0,18203,0
15703793,999915703793,738,Germany,Male,58,2,133745.44,4,1,0,28373.86,1
15620344,999915620344,813,France,Male,29,6,0,1,1,0,33953.87,0
15812518,999915812518,657,Spain,Female,37,0,163607.18,1,0,1,44203.55,0
15779052,999915779052,604,Germany,Female,25,5,157780.84,2,1,1,58426.81,0
15770811,999915770811,519,France,Male,36,9,0,2,0,1,145562.4,0
15780961,999915780961,735,France,Female,21,1,178718.19,2,1,0,22388,0
15614049,999915614049,664,France,Male,55,8,0,2,1,1,139161.64,0
15662085,999915662085,678,France,Female,32,9,0,1,1,1,148210.64,0
15575185,999915575185,757,Spain,Male,33,5,77253.22,1,0,1,194239.63,0
15803136,999915803136,416,Germany,Female,41,10,122189.66,2,1,0,98301.61,0
15706021,999915706021,665,France,Female,34,1,96645.54,2,0,0,171413.66,0
15663706,999915663706,777,France,Female,32,2,0,1,1,0,136458.19,1
15641732,999915641732,543,France,Female,36,3,0,2,0,0,26019.59,0
15701164,999915701164,506,France,Female,34,4,90307.62,1,1,1,159235.29,0
15738751,999915738751,493,France,Female,46,4,0,2,1,0,1907.66,0
15805254,999915805254,652,Spain,Female,75,10,0,2,1,1,114675.75,0
15762418,999915762418,750,Spain,Male,22,3,121681.82,1,1,0,128643.35,1
15625759,999915625759,729,France,Male,30,9,0,2,1,0,151869.35,0
15622897,999915622897,646,France,Female,46,4,0,3,1,0,93251.42,1
15767954,999915767954,635,Germany,Female,28,3,81623.67,2,1,1,156791.36,0
15757535,999915757535,647,Spain,Female,44,5,0,3,1,1,174205.22,1
15731511,999915731511,808,France,Male,45,7,118626.55,2,1,0,147132.46,0
15809248,999915809248,524,France,Female,36,10,0,2,1,0,109614.57,0
15640635,999915640635,769,France,Male,29,8,0,2,1,1,172290.61,0
15676966,999915676966,730,Spain,Male,42,4,0,2,0,1,85982.47,0
15699461,999915699461,515,Spain,Male,35,10,176273.95,1,0,1,121277.78,0
15738721,999915738721,773,Spain,Male,41,9,102827.44,1,0,1,64595.25,0
15693683,999915693683,814,Germany,Male,29,8,97086.4,2,1,1,197276.13,0
15604348,999915604348,710,Spain,Male,22,8,0,2,0,0,99645.04,0
15633059,999915633059,413,France,Male,34,9,0,2,0,0,6534.18,0
15808582,999915808582,665,France,Female,40,6,0,1,1,1,161848.03,0
15743192,999915743192,623,France,Female,44,6,0,2,0,0,167162.43,0
15580146,999915580146,738,France,Male,31,9,82674.15,1,1,0,41970.72,0
15776605,999915776605,528,Spain,Male,36,7,0,2,1,0,60536.56,0
15804919,999915804919,670,Spain,Female,65,1,0,1,1,1,177655.68,1
15613854,999915613854,622,Spain,Female,46,4,107073.27,2,1,1,30984.59,1
15599195,999915599195,582,Germany,Male,32,1,88938.62,1,1,1,10054.53,0
15812878,999915812878,785,Germany,Female,36,2,99806.85,1,0,1,36976.52,0
15602312,999915602312,605,Spain,Male,33,5,150092.8,1,0,0,71862.79,0
15744689,999915744689,479,Germany,Male,35,9,92833.89,1,1,0,99449.86,1
15803526,999915803526,685,Germany,Male,30,3,90536.81,1,0,1,63082.88,0
15665790,999915665790,538,Germany,Male,39,7,108055.1,2,1,0,27231.26,0
15715951,999915715951,562,France,Male,42,2,100238.35,1,0,0,86797.41,0
15591100,999915591100,675,Spain,Male,36,9,106190.55,1,0,1,22994.32,0
15609618,999915609618,721,Germany,Male,28,9,154475.54,2,0,1,101300.94,1
15675522,999915675522,628,Germany,Female,30,9,132351.29,2,1,1,74169.13,0
15705512,999915705512,668,Germany,Female,37,6,167864.4,1,1,0,115638.29,0
15698028,999915698028,506,France,Female,41,1,0,2,1,0,31766.3,0
15661670,999915661670,524,Germany,Female,31,8,107818.63,1,1,0,199725.39,1
15600781,999915600781,699,Germany,Male,34,4,185173.81,2,1,0,120834.48,0
15682472,999915682472,828,France,Male,34,8,129433.34,2,0,0,38131.77,0
15580203,999915580203,674,Spain,Male,39,6,120193.42,1,0,0,100130.95,0
15690673,999915690673,656,France,Female,39,6,0,2,1,0,141069.88,0
15760085,999915760085,684,Germany,Female,48,10,126384.42,1,1,1,198129.36,0
15779659,999915779659,625,France,Female,28,3,0,1,0,0,183646.41,0
15627360,999915627360,432,France,Male,42,9,152603.45,1,1,0,110265.24,1
15671137,999915671137,549,France,Female,52,1,0,1,0,1,8636.05,1
15782688,999915782688,625,Germany,Male,56,0,148507.24,1,1,0,46824.08,1
15575492,999915575492,828,France,Female,41,7,0,2,1,0,171378.77,0
15591607,999915591607,770,France,Male,24,9,101827.07,1,1,0,167256.35,0
15740404,999915740404,758,France,Female,34,3,0,2,1,1,124226.16,0
15718369,999915718369,795,Germany,Female,33,9,130862.43,1,1,1,114935.21,0
15677871,999915677871,687,France,Male,38,9,122570.87,1,1,1,35608.88,0
15642004,999915642004,686,France,Male,25,1,0,2,0,1,16459.37,0
15712543,999915712543,789,Germany,Male,39,7,124828.46,2,1,1,124411.08,0
15584518,999915584518,589,Germany,Female,50,5,144895.05,2,1,1,34941.23,0
15802381,999915802381,461,Germany,Female,34,5,63663.93,1,0,1,167784.28,0
15610156,999915610156,637,France,Male,40,2,133463.1,1,0,1,93165.34,0
15594408,999915594408,584,Spain,Female,48,2,213146.2,1,1,0,75161.25,1
15640905,999915640905,579,Spain,Female,35,1,129490.36,2,0,1,8590.83,1
15698932,999915698932,756,Germany,Male,44,10,137452.09,1,1,0,189543.9,0
15724944,999915724944,663,France,Male,34,7,0,2,1,1,180427.24,0
15628145,999915628145,682,France,Female,43,5,125851.93,1,1,1,193318.33,0
15713483,999915713483,793,Spain,Male,52,2,0,1,1,0,159123.82,1
15612350,999915612350,691,France,Female,31,5,40915.55,1,1,0,126213.84,1
15800703,999915800703,485,Spain,Female,21,5,113157.22,1,1,1,54141.5,0
15705707,999915705707,635,Spain,Female,29,8,138296.94,2,1,0,141075.51,0
15754105,999915754105,650,France,Male,37,5,106967.18,1,0,0,24495.03,0
15703264,999915703264,735,France,Male,44,9,120681.63,1,1,0,74836.34,0
15794413,999915794413,416,France,Male,32,0,0,2,0,1,878.87,0
15650237,999915650237,754,Spain,Female,32,7,0,2,1,0,89520.75,0
15759618,999915759618,535,France,Female,48,9,0,1,1,0,149892.79,1
15811589,999915811589,716,Spain,Male,42,8,0,2,1,0,180800.42,0
15689044,999915689044,539,France,Male,37,2,127609.59,1,1,0,98646.22,0
15709368,999915709368,614,France,Female,43,6,0,2,1,1,109041.53,0
15679145,999915679145,706,Spain,Male,57,7,0,1,1,0,17941.16,1
15655007,999915655007,758,France,Female,33,7,0,2,0,0,82996.47,0
15623595,999915623595,586,Spain,Female,28,2,0,2,1,1,92067.35,0
15589975,999915589975,646,France,Female,73,6,97259.25,1,0,1,104719.66,0
15804017,999915804017,631,Germany,Female,33,4,123246.7,1,0,0,112687.57,0
15692132,999915692132,717,Spain,Female,22,6,101060.25,1,0,1,84699.56,0
15641122,999915641122,684,France,Male,30,2,0,2,1,0,83473.82,0
15630910,999915630910,800,France,Female,49,7,108007.36,1,0,0,47125.11,0
15680772,999915680772,721,Spain,Female,36,2,0,2,1,1,106977.8,0
15658929,999915658929,683,Spain,Male,29,0,133702.89,1,1,0,55582.54,1
15585388,999915585388,660,Germany,Male,31,9,125189.75,2,1,1,139874.43,0
15724623,999915724623,704,Germany,Female,24,7,113034.22,1,1,0,162503.48,1
15588537,999915588537,615,Spain,Female,41,9,109013.23,1,1,0,196499.96,0
15574692,999915574692,667,Spain,Female,39,2,0,2,1,0,40721.24,1
15611325,999915611325,682,Germany,Male,24,9,57929.81,2,0,0,53134.3,0
15587562,999915587562,484,France,Female,29,4,130114.39,1,1,0,164017.89,0
15613172,999915613172,628,Germany,Male,27,5,95826.49,2,1,0,155996.96,0
15651022,999915651022,480,Germany,Male,44,10,129608.57,1,1,0,5472.7,1
15586310,999915586310,578,France,Male,30,4,169462.09,1,1,0,112187.11,0
15625524,999915625524,512,France,Male,40,5,0,2,1,1,146457.83,0
15755209,999915755209,484,Spain,Female,35,7,133868.21,1,1,1,27286.1,0
15645248,999915645248,510,France,Female,30,0,0,2,1,1,130553.47,0
15790355,999915790355,606,Germany,Male,36,5,190479.48,2,0,0,179351.89,0
15762615,999915762615,597,Spain,Female,40,8,101993.12,1,0,1,94774.12,0
15625426,999915625426,754,Germany,Female,55,3,161608.81,1,1,0,8080.85,1
15716334,999915716334,850,Spain,Female,45,2,122311.21,1,1,1,19482.5,0
15789669,999915789669,510,France,Male,65,2,0,2,1,1,48071.61,0
15621075,999915621075,778,Germany,Female,45,1,162150.42,2,1,0,174531.27,0
15810845,999915810845,636,France,Male,42,2,0,2,1,1,55470.78,0
15719377,999915719377,804,France,Female,50,4,0,1,1,1,8546.87,1
15654506,999915654506,514,France,Male,32,8,0,2,1,0,95857.18,0
15771977,999915771977,730,France,Female,39,1,99010.67,1,1,0,194945.8,0
15708710,999915708710,525,Spain,Female,37,0,0,1,0,1,131521.72,0
15726676,999915726676,616,Spain,Male,30,5,0,2,0,1,196108.51,0
15587421,999915587421,687,Germany,Female,34,7,111388.18,2,1,0,148564.76,0
15726931,999915726931,715,France,Female,41,8,56214.85,2,0,0,92982.61,1
15771086,999915771086,512,France,Female,36,3,84327.77,2,1,0,17675.36,0
15756850,999915756850,479,France,Male,40,1,0,2,0,0,114996.43,0
15702741,999915702741,601,France,Male,32,8,93012.89,1,1,0,86957.42,0
15679200,999915679200,580,Spain,Male,29,9,61710.44,2,1,0,128077.8,0
15594815,999915594815,807,France,Male,35,3,174790.15,1,1,1,600.36,0
15635905,999915635905,616,Spain,Female,32,6,0,2,1,1,43001.46,0
15777892,999915777892,721,Germany,Male,37,3,107720.64,1,1,1,158591.12,0
15656176,999915656176,501,France,Male,57,10,0,2,1,1,47847.19,0
15811127,999915811127,521,France,Male,35,6,96423.84,1,1,0,10488.44,0
15604482,999915604482,850,Spain,Male,30,2,141040.01,1,1,1,5978.2,0
15622911,999915622911,759,France,Male,42,4,105420.18,1,0,1,121409.06,0
15600974,999915600974,516,Spain,Male,50,5,0,1,0,1,146145.93,1
15727868,999915727868,711,France,Female,38,2,129022.06,2,1,1,14374.86,1
15627801,999915627801,512,Spain,Male,33,3,176666.62,1,1,0,94670.77,0
15773039,999915773039,550,France,Male,37,3,0,1,1,1,179670.31,0
15755262,999915755262,608,Spain,Female,41,3,89763.84,1,0,0,199304.74,1
15679531,999915679531,618,France,Male,34,5,134954.53,1,1,1,151954.39,0
15684181,999915684181,643,France,Male,45,5,0,1,1,0,142513.5,1
15612087,999915612087,671,France,Male,45,2,106376.85,1,0,1,158264.62,0
15752047,999915752047,689,Germany,Male,33,2,161814.64,2,1,0,169381.9,0
15624592,999915624592,603,France,Male,31,8,0,2,1,1,169915.02,0
15573152,999915573152,620,France,Female,41,9,0,2,0,0,88852.47,0
15594917,999915594917,676,France,Female,34,1,63095.01,1,1,1,40645.81,0
15785542,999915785542,572,Germany,Male,26,4,118287.01,2,0,0,60427.3,0
15723488,999915723488,668,Germany,Male,47,7,106854.21,1,0,1,157959.02,1
15680920,999915680920,695,France,Male,46,7,49512.55,1,1,0,133007.34,0
15786308,999915786308,730,Spain,Female,33,9,0,2,0,0,176576.62,0
15659366,999915659366,807,France,Male,43,1,105799.32,2,1,0,34888.04,1
15774854,999915774854,592,France,Male,54,8,0,1,1,1,28737.71,1
15725311,999915725311,726,France,Female,31,9,114722.05,2,1,1,98178.57,0
15787155,999915787155,514,Spain,Male,30,7,0,1,0,1,125010.24,0
15727829,999915727829,567,France,Male,42,2,0,2,1,1,167984.61,0
15733247,999915733247,850,France,Male,33,10,0,1,1,0,4861.72,1
15568748,999915568748,671,Germany,Male,45,6,99564.22,1,1,1,108872.45,1
15699029,999915699029,670,France,Male,37,4,170557.91,2,1,0,198252.88,0
15774393,999915774393,694,France,Female,30,9,0,2,1,1,26960.31,0
15676895,999915676895,547,Germany,Female,39,6,74596.15,3,1,1,85746.52,1
15637753,999915637753,751,Germany,Male,50,2,96888.39,1,1,0,77206.25,1
15605461,999915605461,594,Germany,Female,29,3,130830.22,1,1,0,61048.53,0
15808473,999915808473,673,France,Male,72,1,0,2,0,1,111981.19,0
15627000,999915627000,610,France,Male,40,0,0,2,1,0,62232.6,0
15787174,999915787174,512,France,Female,37,1,0,2,0,1,156105.03,0
15723886,999915723886,767,Germany,Male,20,3,119714.25,2,0,1,150135.38,0
15704769,999915704769,585,France,Female,67,5,113978.97,2,0,1,93146.11,0
15772896,999915772896,763,Germany,Male,42,6,100160.75,1,1,0,33462.94,1
15711540,999915711540,712,France,Female,29,2,0,1,1,1,144375,0
15764866,999915764866,539,Germany,Female,43,3,116220.5,3,1,0,55803.96,1
15794056,999915794056,668,France,Female,46,2,0,3,1,0,89048.46,1
15795149,999915795149,703,France,Male,28,2,81173.83,2,0,1,162812.16,0
15812009,999915812009,662,Spain,Male,38,4,0,2,1,0,136259.65,0
15651001,999915651001,725,Germany,Female,39,5,116803.8,1,1,0,124052.97,0
15813844,999915813844,703,France,Male,37,8,105961.68,2,0,1,74158.8,0
15596175,999915596175,659,Germany,Male,67,6,117411.6,1,1,1,45071.09,1
15576269,999915576269,523,Spain,Male,34,7,0,2,1,0,62030.06,0
15797219,999915797219,635,France,Female,40,10,123497.58,1,1,0,131953.23,1
15685500,999915685500,772,Germany,Male,26,7,152400.51,2,1,0,79414,0
15599792,999915599792,545,France,Female,26,1,0,2,1,1,199638.56,0
15657566,999915657566,634,Germany,Male,24,8,103097.85,1,1,1,157577.29,0
15772423,999915772423,739,Germany,Male,54,8,126418.14,1,1,0,134420.75,1
15628112,999915628112,771,Germany,Female,36,5,77846.9,1,0,0,99805.99,0
15753754,999915753754,587,Spain,Female,34,1,0,2,1,1,97932.68,0
15793726,999915793726,681,France,Female,79,0,0,2,0,1,170968.99,0
15694717,999915694717,544,Germany,Male,37,2,79731.91,1,1,1,57558.95,0
15665834,999915665834,696,Spain,Male,28,8,0,1,0,0,176713.47,0
15765297,999915765297,766,Spain,Male,41,0,0,2,0,1,34283.23,0
15636684,999915636684,727,France,Male,34,10,0,2,1,1,198637.34,0
15592979,999915592979,671,Germany,Female,34,6,37266.67,2,0,0,156917.12,0
15750803,999915750803,693,France,Female,30,6,127992.25,1,1,1,50457.2,0
15607178,999915607178,850,Germany,Male,38,3,54901.01,1,1,1,140075.55,0
15713853,999915713853,732,Germany,Male,42,9,108748.08,2,1,1,65323.11,0
15673481,999915673481,726,Spain,Female,48,6,99906.19,1,1,0,64323.24,0
15686776,999915686776,557,France,Female,32,6,184686.41,2,1,0,14956.44,0
15673693,999915673693,682,France,Female,26,0,110654.02,1,0,1,111879.21,0
15700696,999915700696,738,Spain,Male,31,9,79019.8,1,1,1,18606.23,0
15813163,999915813163,531,Spain,Female,36,9,99240.51,1,1,0,123137.01,0
15653857,999915653857,498,France,Male,34,2,0,2,1,1,148528.24,0
15777076,999915777076,651,France,Male,36,7,0,2,1,0,13898.31,0
15717398,999915717398,549,Spain,Female,39,7,0,1,0,0,81259.25,1
15799217,999915799217,791,Germany,Female,35,7,52436.2,1,1,0,161051.75,0
15787071,999915787071,650,Spain,Male,41,9,0,2,0,1,191599.67,0
15619955,999915619955,733,Germany,Male,34,3,100337.96,3,1,0,48559.19,1
15796505,999915796505,811,Germany,Female,34,1,149297.19,2,1,1,186339.74,0
15725166,999915725166,707,France,Male,30,8,0,2,1,0,33159.37,0
15800116,999915800116,712,Germany,Male,28,4,145605.44,1,0,1,93883.53,0
15758685,999915758685,706,Spain,Female,37,7,0,2,1,1,110899.3,0
15694456,999915694456,756,France,Male,62,3,0,1,1,1,11199.04,1
15767339,999915767339,777,France,Female,53,10,0,2,1,0,189992.97,0
15683562,999915683562,646,France,Male,35,6,84026.86,1,0,1,164255.69,0
15782210,999915782210,714,France,Male,46,1,0,1,1,0,152167.79,1
15668893,999915668893,782,France,Male,39,8,0,2,1,1,33949.67,0
15669169,999915669169,775,Spain,Male,29,10,0,2,1,1,68143.93,0
15643024,999915643024,479,Germany,Male,35,4,138718.92,1,1,1,47251.79,1
15699389,999915699389,807,France,Male,42,7,118274.71,1,1,1,25885.72,0
15708608,999915708608,799,France,Female,22,8,174185.98,2,0,1,192633.85,0
15626144,999915626144,675,France,Male,40,7,113208.86,2,1,0,34577.36,0
15573112,999915573112,602,Spain,Male,29,5,103907.28,1,1,0,161229.84,0
15790678,999915790678,475,France,Female,32,8,119023.28,1,1,0,100816.29,0
15727556,999915727556,744,Spain,Female,26,5,166297.89,1,1,1,181694.44,0
15697307,999915697307,588,Spain,Male,34,10,0,2,1,0,79078.91,0
15652266,999915652266,703,Germany,Male,42,9,63227,1,0,1,137316.32,0
15607098,999915607098,747,Spain,Female,41,5,94521.17,2,1,0,194926.86,0
15655774,999915655774,583,France,Male,27,7,0,2,1,0,51285.49,0
15590241,999915590241,750,Spain,Female,34,9,112822.26,1,0,0,150401.53,1
15785819,999915785819,681,France,Male,38,3,0,2,1,1,112491.96,0
15723654,999915723654,773,France,Male,25,2,135903.33,1,1,0,73656.38,0
15774510,999915774510,714,France,Female,31,4,125169.26,1,1,1,106636.89,0
15684173,999915684173,687,Spain,Female,44,7,0,3,1,0,155853.52,1
15650068,999915650068,511,France,Male,58,0,149117.31,1,1,1,162599.51,0
15811490,999915811490,627,France,Male,33,5,0,2,1,1,103737.82,0
15803976,999915803976,694,France,Female,31,10,0,2,1,0,160990.27,0
15682541,999915682541,616,Spain,Female,36,6,132311.71,1,0,0,15462.84,0
15695699,999915695699,687,France,Male,35,8,0,2,1,0,10334.05,0
15624188,999915624188,712,France,Female,33,6,0,2,1,1,190686.16,0
15812191,999915812191,553,France,Male,33,4,118082.89,1,0,0,94440.45,0
15636673,999915636673,667,France,Male,31,1,119266.69,1,1,1,28257.63,0
15594898,999915594898,731,France,Male,43,2,0,1,1,1,170034.95,1
15660211,999915660211,629,Germany,Male,35,7,156847.29,2,1,0,31824.29,0
15773972,999915773972,614,France,Male,50,4,137104.47,1,1,0,127166.49,1
15746726,999915746726,438,Germany,Male,31,8,78398.69,1,1,0,44937.01,0
15712287,999915712287,652,France,Female,80,4,0,2,1,1,188603.07,0
15702919,999915702919,729,Germany,Male,30,6,63669.42,1,1,0,145111.37,0
15674398,999915674398,642,France,Male,38,3,0,2,0,0,171463.83,0
15797960,999915797960,806,Germany,Female,59,0,135296.33,1,1,0,182822.5,0
15631868,999915631868,744,Spain,Male,36,2,153804.44,1,1,1,87213.33,0
15581539,999915581539,474,Spain,Male,37,3,0,2,0,0,57175.32,0
15662736,999915662736,559,France,Male,49,2,147069.78,1,1,0,120540.83,1
15666252,999915666252,706,Spain,Male,42,9,0,2,1,1,28714.34,0
15677512,999915677512,628,Spain,Female,22,3,0,1,1,0,85426.28,0
15626114,999915626114,429,France,Male,24,4,95741.75,1,1,0,46170.75,0
15810834,999915810834,525,Spain,Female,57,2,145965.33,1,1,1,64448.36,0
15678910,999915678910,680,France,Female,30,8,141441.75,1,1,1,16278.97,0
15694408,999915694408,749,France,Male,40,1,139290.41,1,1,0,182855.42,1
15585215,999915585215,763,France,Female,31,4,0,2,0,0,50404.72,0
15682757,999915682757,734,France,Male,30,3,0,2,1,0,107640.25,0
15736601,999915736601,716,France,Male,35,4,144428.87,1,1,0,134132.65,0
15601848,999915601848,594,France,Male,35,2,0,2,1,0,103480.69,0
15736008,999915736008,644,France,Female,46,9,95441.27,1,1,0,108761.05,1
15669064,999915669064,671,Germany,Male,35,1,144848.74,1,1,1,179012.3,0
15624528,999915624528,664,Germany,Male,26,7,116244.14,2,1,1,95145.14,0
15598493,999915598493,656,France,Male,50,7,0,2,0,1,72143.44,0
15601274,999915601274,667,Spain,Female,40,1,146502.07,1,1,0,19162.89,0
15702669,999915702669,663,Germany,Male,44,2,117028.6,2,0,1,144680.18,0
15728669,999915728669,584,Germany,Female,30,8,112013.81,1,1,0,177772.03,1
15742668,999915742668,626,Spain,Female,37,6,108269.37,1,1,0,5597.94,0
15697441,999915697441,485,France,Male,29,7,182123.79,1,1,0,116828.51,1
15740476,999915740476,659,Germany,Female,32,3,150923.74,2,0,1,174652.51,0
15648064,999915648064,649,France,Male,33,2,0,2,1,0,2010.98,0
15636624,999915636624,805,Spain,Female,39,5,165272.13,1,1,0,14109.85,1
15807923,999915807923,716,Germany,Female,39,10,115301.31,1,1,0,43527.4,1
15745844,999915745844,642,Germany,Female,40,6,129502.49,2,0,1,86099.23,1
15786170,999915786170,659,France,Male,31,4,118342.26,1,0,0,161574.19,0
15681081,999915681081,545,Spain,Female,47,5,0,2,1,1,38970.14,0
15684484,999915684484,543,France,Male,22,8,0,2,0,0,127587.22,0
15785869,999915785869,718,France,Female,25,7,0,2,1,0,30380.12,0
15763859,999915763859,840,France,Female,43,7,0,2,1,0,90908.95,0
15658935,999915658935,630,Germany,Female,34,9,106937.05,2,1,0,138275.01,0
15747358,999915747358,643,Germany,Male,59,3,170331.37,1,1,1,32171.79,0
15735203,999915735203,654,Germany,Female,32,1,114510.85,1,1,1,126143.23,0
15576256,999915576256,582,France,Male,39,5,0,2,1,1,129892.93,0
15659420,999915659420,659,Spain,Male,32,3,107594.11,2,1,1,102416.84,0
15593365,999915593365,762,Spain,Male,39,2,81273.13,1,1,1,18719.67,0
15777352,999915777352,568,Spain,Female,32,7,169399.6,1,1,0,61936.22,0
15812007,999915812007,670,Spain,Male,25,6,0,2,1,1,78358.94,0
15625461,999915625461,613,France,Female,45,1,187841.99,2,1,1,147224.27,0
15739438,999915739438,539,France,Male,30,0,0,2,1,0,160979.66,0
15611759,999915611759,850,Spain,Female,57,8,126776.3,2,1,1,132298.49,0
15661629,999915661629,522,Spain,Male,34,9,126436.29,1,1,0,174248.52,1
15633950,999915633950,737,France,Male,41,1,101960.74,1,1,1,123547.28,0
15592386,999915592386,520,France,Male,58,3,0,2,0,1,32790.02,0
15803716,999915803716,706,Spain,Male,28,3,0,2,0,1,181543.67,0
15696674,999915696674,643,Germany,Female,45,2,150842.93,1,0,1,2319.96,1
15706365,999915706365,648,France,Female,50,9,102535.57,1,1,1,189543.19,0
15745088,999915745088,443,Germany,Female,29,9,99027.61,2,1,0,10940.4,0
15676715,999915676715,640,France,Male,68,9,0,2,1,1,199493.38,0
15613085,999915613085,628,Spain,Female,33,3,0,1,1,1,188193.25,0
15633537,999915633537,540,Germany,Female,42,9,87271.41,2,1,0,172572.64,0
15594720,999915594720,460,Germany,Female,35,8,102742.91,2,1,1,189339.6,0
15684042,999915684042,636,Germany,Male,34,2,40105.51,2,0,1,53512.16,0
15583303,999915583303,593,France,Female,29,2,152265.43,1,1,0,34004.44,0
15611579,999915611579,801,Spain,Male,42,4,141947.67,1,1,1,10598.29,0
15774696,999915774696,640,Germany,Female,75,1,106307.91,2,0,1,113428.77,0
15694506,999915694506,611,Germany,Male,31,0,107884.81,2,1,1,183487.98,0
15688074,999915688074,802,Germany,Male,31,1,125013.72,1,1,1,187658.09,0
15759537,999915759537,717,Germany,Male,35,7,58469.37,2,1,1,172459.39,0
15758449,999915758449,769,France,Female,39,8,0,1,0,1,21016,0
15583456,999915583456,745,Germany,Male,45,10,117231.63,3,1,1,122381.02,1
15667871,999915667871,572,Spain,Male,35,4,152390.26,1,1,0,128123.66,0
15677371,999915677371,629,Spain,Female,30,2,34013.63,1,1,0,19570.63,0
15629677,999915629677,687,Spain,Female,39,2,0,3,0,0,188150.6,1
15713578,999915713578,483,France,Female,50,9,0,2,1,1,111020.24,0
15591509,999915591509,690,France,Male,36,7,101583.11,2,1,0,123775.15,0
15568240,999915568240,492,Germany,Female,30,10,77168.87,2,0,1,146700.22,0
15622993,999915622993,709,Germany,Male,28,8,124695.72,2,1,0,145251.35,0
15689294,999915689294,705,Germany,Male,44,3,105934.96,1,1,0,82463.69,0
15720910,999915720910,560,France,Female,66,9,0,1,1,1,15928.49,0
15721181,999915721181,611,Spain,Male,46,6,0,2,1,0,45886.33,0
15776433,999915776433,730,Spain,Male,62,2,0,2,1,1,186489.95,0
15748936,999915748936,709,Spain,Female,45,2,0,2,0,1,162922.65,0
15717225,999915717225,544,France,Female,21,10,161525.96,2,1,0,9262.77,0
15685226,999915685226,712,Germany,Female,29,7,147199.07,1,1,1,84932.4,0
15785611,999915785611,752,Germany,Male,38,3,183102.29,1,1,1,71557.12,0
15573456,999915573456,648,Spain,Male,46,9,127209,2,1,0,77405.95,1
15684548,999915684548,556,Spain,Male,38,8,0,2,0,0,417.41,1
15620505,999915620505,594,Spain,Female,24,0,97378.54,1,1,1,71405.17,0
15807432,999915807432,645,Germany,Female,37,2,136925.09,2,0,1,153400.24,0
15584766,999915584766,557,France,Male,33,3,54503.55,1,1,1,371.05,0
15612187,999915612187,547,Germany,Male,32,8,155726.85,1,1,0,67789.99,0
15762218,999915762218,701,France,Female,39,9,0,2,0,1,145894.9,0
15646372,999915646372,616,France,Female,66,1,135842.41,1,1,0,183840.51,1
15690452,999915690452,605,France,Male,52,1,63349.75,1,1,0,108887.44,0
15747795,999915747795,593,Germany,Female,38,4,129499.42,1,1,1,154071.27,0
15781589,999915781589,751,Spain,Male,52,8,0,2,0,1,179291.85,0
15732674,999915732674,443,Spain,Male,36,6,70438.01,2,0,1,56937.43,0
15642291,999915642291,685,France,Male,23,8,0,2,1,1,112239.03,0
15692761,999915692761,718,France,Male,36,9,0,1,1,0,45909.87,0
15578045,999915578045,538,Spain,Female,49,9,141434.04,1,0,0,173779.25,1
15745354,999915745354,611,Spain,Female,37,4,0,2,1,0,125696.26,0
15701376,999915701376,668,Germany,Male,37,10,152958.29,2,1,1,159585.61,0
15691625,999915691625,537,Germany,Female,41,3,138306.34,1,1,0,106761.47,0
15566594,999915566594,709,Spain,Male,23,10,0,2,0,0,129590.18,0
15760431,999915760431,850,France,Male,38,1,0,2,1,1,80006.65,0
15686302,999915686302,745,Spain,Female,31,3,124328.84,1,1,1,140451.52,0
15801559,999915801559,693,Germany,Female,41,9,181461.48,3,1,1,187929.43,1
15810432,999915810432,795,Spain,Male,35,8,0,2,1,0,167155.36,0
15809616,999915809616,626,Spain,Male,26,8,0,2,0,0,191420.71,0
15720559,999915720559,487,Germany,Female,61,5,110368.03,1,0,0,11384.45,1
15695632,999915695632,556,France,Female,39,9,89588.35,1,1,1,94898.1,0
15659843,999915659843,643,France,Female,46,6,0,2,0,0,106781.59,0
15615624,999915615624,605,France,Female,28,6,0,2,0,0,159508.52,0
15810418,999915810418,756,Germany,Female,60,3,115924.89,1,1,0,93524.19,1
15716186,999915716186,586,France,Female,38,2,0,2,1,0,87168.46,0
15674551,999915674551,535,Germany,Male,40,7,111756.5,1,1,0,8128.32,1
15622834,999915622834,678,France,Female,35,4,0,1,1,0,125518.32,0
15566111,999915566111,596,France,Male,39,9,0,1,1,0,48963.59,0
15784597,999915784597,648,France,Male,26,9,162923.85,1,1,0,98368.24,0
15652883,999915652883,492,Germany,Male,39,10,124576.65,2,1,0,148584.61,0
15806964,999915806964,702,France,Male,45,0,80793.58,1,1,1,27474.81,0
15576313,999915576313,486,Germany,Female,40,9,71340.09,1,1,0,76192.21,0
15806467,999915806467,568,Germany,Male,40,1,99282.63,1,0,0,134600.94,1
15597602,999915597602,619,Germany,Male,57,3,137946.39,1,1,1,72467.99,1
15743040,999915743040,724,Germany,Male,41,2,127892.57,2,0,1,199645.45,0
15705521,999915705521,548,Germany,Female,33,0,101084.36,1,1,0,42749.85,0
15595039,999915595039,545,Germany,Female,37,8,114754.08,1,1,0,136050.44,1
15799384,999915799384,683,France,Male,33,8,0,1,0,0,73564.44,0
15581197,999915581197,762,France,Female,51,3,99286.98,1,0,1,85578.63,0
15693737,999915693737,627,Germany,Female,30,4,79871.02,2,1,0,129826.89,0
15624623,999915624623,516,France,Male,35,10,104088.59,2,0,0,119666,0
15783501,999915783501,800,France,Female,38,2,168190.33,2,1,0,68052.08,0
15690134,999915690134,464,Germany,Female,42,3,85679.25,1,1,1,164104.74,0
15782735,999915782735,626,France,Female,35,3,0,1,0,0,80190.36,0
15611088,999915611088,790,France,Female,31,9,0,2,1,0,84126.75,0
15672145,999915672145,534,France,Female,34,7,121551.58,2,1,1,70179,0
15732628,999915732628,745,France,Male,46,2,122220.19,1,1,1,118024.1,0
15787470,999915787470,553,Spain,Male,47,3,116528.15,1,0,0,145704.19,1
15803406,999915803406,748,France,Female,26,1,77780.29,1,0,1,183049.41,0
15730460,999915730460,722,France,Male,37,2,0,1,0,0,120906.83,0
15644572,999915644572,501,France,Male,40,4,125832.2,1,1,1,100433.83,0
15694860,999915694860,675,France,Female,38,6,68065.8,1,0,0,138777,1
15658169,999915658169,778,Spain,Female,47,6,127299.34,2,1,0,124694.99,0
15794396,999915794396,494,Germany,Female,38,7,174937.64,1,1,0,40084.32,0
15785798,999915785798,850,France,Male,40,9,0,2,0,1,119232.33,0
15710825,999915710825,592,Spain,Male,31,7,110071.1,1,0,0,43921.36,0
15668444,999915668444,590,Spain,Female,44,3,139432.37,1,1,0,62222.81,0
15726631,999915726631,758,France,Female,39,6,127357.76,1,0,1,56577,0
15733797,999915733797,506,France,Male,36,5,0,2,1,0,164253.35,0
15747960,999915747960,733,France,Male,33,3,0,1,1,1,7666.73,0
15634632,999915634632,711,France,Male,38,3,0,2,1,0,68487.51,0
15707362,999915707362,514,Germany,Male,43,1,95556.31,1,0,1,199273.98,1
15662976,999915662976,637,Spain,Male,37,8,0,1,1,1,186062.36,0
15732778,999915732778,468,Germany,Male,29,1,111681.98,2,1,1,195711.16,0
15718443,999915718443,539,France,Male,39,3,0,2,1,0,36692.17,0
15670039,999915670039,509,Spain,Female,25,3,108738.71,2,1,0,106920.57,0
15773792,999915773792,662,France,Female,32,4,133950.37,1,1,1,48725.68,1
15613786,999915613786,818,Spain,Male,26,4,0,2,1,1,167036.94,0
15726032,999915726032,608,France,Male,33,9,89968.69,1,1,0,68777.26,0
15663252,999915663252,850,Spain,Female,32,9,0,2,1,1,18924.92,0
15593782,999915593782,816,Germany,Female,38,5,130878.75,3,1,0,71905.77,1
15633283,999915633283,536,France,Male,35,8,0,2,1,0,64833.28,0
15749167,999915749167,753,France,Male,35,3,0,2,1,1,184843.77,0
15759298,999915759298,631,Spain,Male,27,10,134169.62,1,1,1,176730.02,0
15683625,999915683625,703,France,Male,37,1,149762.08,1,1,0,20629.4,1
15635367,999915635367,774,France,Male,26,2,93844.69,1,1,0,28415.36,0
15681705,999915681705,785,France,Male,28,8,0,2,1,0,77231.27,0
15603156,999915603156,571,France,Female,33,1,0,2,1,0,102750.7,0
15591986,999915591986,621,Germany,Male,46,6,141078.37,1,0,0,34580.8,1
15798888,999915798888,605,Germany,Female,31,1,117992.59,1,1,1,183598.77,0
15809722,999915809722,611,France,Female,40,8,100812.33,2,1,0,147358.27,0
15677538,999915677538,569,France,Male,38,7,0,1,1,1,108469.2,0
15797736,999915797736,658,France,Male,29,4,80262.6,1,1,1,20612.82,0
15695585,999915695585,788,Spain,Male,34,6,156478.62,1,0,1,181196.76,0
15744398,999915744398,525,France,Female,23,5,0,2,1,0,160249.1,0
15750658,999915750658,798,France,Male,37,8,0,3,0,0,110783.28,0
15578186,999915578186,486,Germany,Male,37,9,115217.99,2,1,0,144995.33,0
15676519,999915676519,615,Spain,Male,61,9,0,2,1,0,150227.85,1
15637954,999915637954,730,France,Female,35,0,155470.55,1,1,1,53718.28,0
15758639,999915758639,641,France,Male,37,7,0,2,1,0,75248.3,0
15613772,999915613772,542,France,Male,39,3,135096.77,1,1,1,14353.43,1
15731744,999915731744,692,France,Male,30,2,0,2,0,1,130486.57,0
15807709,999915807709,714,Germany,Female,55,9,180075.22,1,1,1,100127.71,0
15714689,999915714689,591,Spain,Male,29,1,97541.24,1,1,1,196356.17,0
15699005,999915699005,710,France,Female,41,2,156067.05,1,1,1,9983.88,0
15624170,999915624170,639,France,Female,38,4,81550.94,2,0,1,118974.77,0
15725679,999915725679,531,France,Female,47,6,0,1,0,0,194998.34,1
15585865,999915585865,673,France,Female,38,2,170061.92,2,0,0,134901.34,1
15804256,999915804256,765,Germany,Male,36,8,92310.54,2,1,1,72924.56,0
15662403,999915662403,622,France,Female,32,6,169089.38,2,1,0,101057.95,0
15733616,999915733616,806,France,Male,40,5,80613.93,1,1,1,142838.64,0
15591995,999915591995,757,Germany,Male,26,8,121581.56,2,1,1,127059.04,0
15677020,999915677020,570,France,Female,58,8,0,1,0,1,116503.92,1
15727688,999915727688,555,Spain,Male,32,4,0,2,1,1,54405.79,0
15715941,999915715941,692,France,Male,54,5,0,2,1,1,88721.84,0
15714485,999915714485,774,France,Male,60,5,85891.55,1,1,0,74135.48,1
15730059,999915730059,638,Spain,Male,44,9,77637.35,2,1,1,111346.22,0
15715527,999915715527,543,Spain,Female,41,4,0,1,0,0,194902.16,0
15576623,999915576623,584,France,Male,31,5,0,2,1,0,31474.27,0
15805565,999915805565,691,Germany,Male,30,7,116927.89,1,1,0,21198.39,0
15677307,999915677307,684,Germany,Female,40,6,137326.65,1,1,0,186976.6,0
15773890,999915773890,733,France,Male,22,5,0,2,1,1,117202.19,0
15598883,999915598883,599,Spain,Female,37,2,0,2,1,1,143739.29,0
15568506,999915568506,524,Germany,Female,31,10,67238.98,2,1,1,161811.23,0
15761043,999915761043,632,Germany,Female,38,6,86569.76,2,1,0,98090.91,0
15782236,999915782236,735,Spain,Male,34,5,0,2,0,0,71095.41,0
15593601,999915593601,734,France,Male,34,6,133598.4,1,1,1,13107.24,0
15682048,999915682048,605,France,Female,51,3,136188.78,1,1,1,67110.59,1
15746902,999915746902,793,Spain,Male,38,9,0,2,1,0,88225.02,0
15752081,999915752081,468,France,Female,56,10,0,3,0,1,62256.87,1
15781307,999915781307,779,Germany,Male,37,7,120092.52,2,1,0,135925.72,0
15775912,999915775912,698,France,Male,48,4,101238.24,2,0,1,177815.87,1
15745417,999915745417,707,France,Male,58,6,89685.92,1,0,1,126471.13,0
15671256,999915671256,850,France,Female,35,1,211774.31,1,1,0,188574.12,1
15653547,999915653547,850,France,Male,56,7,131317.48,1,1,1,119175.45,0
15595766,999915595766,527,Spain,Male,37,5,93722.73,2,1,1,139093.73,0
15742358,999915742358,696,Germany,Male,32,8,101160.99,1,1,1,115916.55,0
15763274,999915763274,661,France,Male,48,3,120320.54,1,0,0,96463.25,0
15786063,999915786063,776,France,Female,31,2,0,2,1,1,112349.51,0
15600258,999915600258,701,France,Male,43,2,0,2,1,1,165303.79,0
15573318,999915573318,610,France,Male,26,8,0,2,1,0,166031.08,0
15653849,999915653849,572,Germany,Female,48,3,152827.99,1,1,0,38411.79,1
15694272,999915694272,673,France,Male,30,1,64097.75,1,1,1,77783.35,0
15736112,999915736112,519,Spain,Female,57,2,119035.35,2,1,1,29871.79,0
15749851,999915749851,702,Spain,Female,26,4,135219.57,1,0,1,59747.63,0
15663478,999915663478,729,France,Male,32,6,93694.42,1,1,1,79919.13,0
15592300,999915592300,543,Spain,Male,35,10,59408.63,1,1,0,76773.53,0
15567832,999915567832,550,France,Female,40,7,114354.95,1,1,0,54018.93,0
15776780,999915776780,608,France,Male,59,1,0,1,1,0,70649.64,1
15592846,999915592846,639,Germany,Male,35,10,128173.9,2,1,0,59093.39,0
15739803,999915739803,686,Spain,Male,34,9,0,2,1,0,127569.8,0
15794142,999915794142,564,Germany,Female,62,5,114931.35,3,0,1,18260.98,1
15762729,999915762729,745,Germany,Female,28,1,111071.36,1,1,0,73275.96,1
15667896,999915667896,833,France,Male,37,8,151226.18,2,1,1,136129.49,0
15626578,999915626578,622,France,Male,26,9,0,2,1,1,153237.59,0
15776223,999915776223,597,France,Female,42,4,64740.12,1,1,1,106841.12,0
15705953,999915705953,721,Spain,Male,51,0,169312.13,1,1,0,109078.35,1
15802593,999915802593,504,France,Female,49,7,0,3,0,1,87822.14,1
15615457,999915615457,842,Spain,Female,44,2,112652.08,2,1,0,126644.98,0
15708916,999915708916,587,France,Male,38,0,0,2,1,0,47414.15,0
15720187,999915720187,479,Germany,Female,30,7,143964.36,2,1,0,41879.99,0
15595440,999915595440,508,France,Male,49,7,122451.46,2,1,1,75808.1,0
15600651,999915600651,749,France,Male,24,1,0,3,1,1,47911.03,0
15750141,999915750141,721,Germany,Female,36,3,65253.07,2,1,0,28737.78,0
15657284,999915657284,674,Germany,Male,47,6,106901.94,1,1,1,2079.2,1
15763063,999915763063,685,Spain,Female,25,10,128509.63,1,1,0,121562.33,0
15709324,999915709324,417,France,Male,34,7,0,2,1,0,55003.79,0
15711309,999915711309,574,Germany,Male,33,3,129834.67,1,1,0,193131.42,0
15775318,999915775318,590,Spain,Female,51,3,154962.99,3,0,1,191932.27,1
15705515,999915705515,587,Germany,Male,40,5,138241.9,2,1,0,159418.1,0
15634844,999915634844,598,Germany,Male,41,3,91536.93,1,1,0,191468.78,1
15717046,999915717046,741,Spain,Male,53,3,0,2,1,1,38913.68,0
15571816,999915571816,850,Spain,Female,70,5,0,1,1,1,705.18,0
15670080,999915670080,584,Germany,Female,29,7,105204.01,1,0,1,138490.03,0
15800440,999915800440,650,Spain,Male,61,1,152968.73,1,0,1,82970.69,0
15665678,999915665678,607,Spain,Male,36,8,158261.68,1,1,1,76744.72,0
15665956,999915665956,509,France,Female,46,1,0,1,1,0,71244.59,1
15788126,999915788126,689,Spain,Female,38,6,121021.05,1,1,1,12182.15,0
15811773,999915811773,543,France,Male,36,4,0,2,1,1,141210.5,0
15651674,999915651674,438,Spain,Female,54,2,0,1,0,0,191763.07,1
15689614,999915689614,687,Spain,Female,63,1,137715.66,1,1,1,37938.74,0
15795564,999915795564,737,Germany,Male,31,5,121192.22,2,1,1,74890.58,0
15706647,999915706647,761,France,Male,31,7,0,3,1,1,166698.18,0
15728505,999915728505,601,France,Male,44,1,100486.18,2,1,1,62678.53,0
15730076,999915730076,651,France,Male,45,1,0,1,1,0,67740.08,1
15622003,999915622003,745,France,Male,35,9,92566.53,2,1,0,161519.77,0
15607312,999915607312,648,Spain,Female,49,10,0,2,1,1,159835.78,1
15644753,999915644753,848,Spain,Male,40,3,110929.96,1,1,1,30876.84,0
15653620,999915653620,546,France,Female,27,8,0,2,1,1,14858.1,0
15761986,999915761986,439,Spain,Female,32,3,138901.61,1,1,0,75685.97,0
15633922,999915633922,755,France,Male,30,4,123217.66,2,0,1,144183.1,0
15734674,999915734674,593,France,Female,41,6,0,1,1,0,65170.66,0
15658032,999915658032,701,France,Male,39,2,0,2,1,1,82526.92,0
15692671,999915692671,701,Spain,Male,36,8,0,2,1,0,169161.46,0
15737741,999915737741,607,Spain,Female,33,2,108431.87,2,0,1,109291.39,1
15576352,999915576352,586,Spain,Female,57,3,0,2,0,1,6057.81,0
15753719,999915753719,547,Germany,Female,30,9,72392.41,1,1,0,77077.14,0
15803689,999915803689,647,Germany,Female,51,1,119741.77,2,0,0,54954.51,1
15718057,999915718057,760,France,Female,51,2,100946.71,1,0,0,179614.8,1
15722010,999915722010,621,Spain,Male,53,9,170491.84,1,1,0,35588.07,1
15680998,999915680998,725,France,Male,44,5,0,1,1,1,117356.14,0
15614782,999915614782,526,France,Male,36,1,0,1,1,0,160696.72,0
15591047,999915591047,519,Spain,Female,47,6,157296.02,2,0,0,147278.43,1
15788291,999915788291,713,Germany,Female,38,7,144606.22,1,1,1,56594.36,1
15604044,999915604044,700,France,Male,38,8,134811.3,1,1,0,1299.75,0
15679587,999915679587,666,France,Female,34,9,115897.12,1,1,1,25095.03,0
15775153,999915775153,630,Spain,Male,32,4,82034,1,0,0,146326.45,0
15603925,999915603925,779,Spain,Female,26,4,174318.13,2,0,1,38296.21,0
15680970,999915680970,611,Germany,Female,41,2,114206.84,1,1,0,164061.6,0
15697183,999915697183,685,Spain,Male,43,9,0,2,1,0,107811.28,0
15567446,999915567446,646,Germany,Male,39,9,111574.41,1,1,1,30838.51,0
15637476,999915637476,683,Germany,Female,57,5,162448.69,1,0,0,9221.78,1
15714939,999915714939,484,Germany,Female,34,4,148249.54,1,0,1,33738.27,0
15683503,999915683503,601,France,Female,43,8,0,3,0,1,110916.15,1
15645569,999915645569,762,Spain,Female,26,7,123709.46,2,1,1,169654.57,0
15782569,999915782569,687,France,Female,72,9,0,1,0,1,69829.4,0
15592387,999915592387,566,France,Male,30,5,0,1,1,0,54926.51,1
15609286,999915609286,702,France,Male,37,10,150525.8,1,1,1,94728.49,0
15814035,999915814035,601,France,Male,29,9,0,1,1,1,80393.27,0
15661249,999915661249,699,France,Male,53,4,0,2,0,1,111307.98,0
15629117,999915629117,584,France,Male,28,10,0,2,1,0,19834.32,0
15607170,999915607170,699,France,Male,35,5,0,2,1,1,78397.24,0
15586585,999915586585,698,Germany,Female,51,2,111018.98,1,1,0,86410.28,0
15686611,999915686611,495,France,Male,30,10,129755.99,1,0,0,172749.65,0
15603203,999915603203,650,France,Female,27,6,0,2,1,0,1002.39,0
15619857,999915619857,605,France,Female,64,2,129555.7,1,1,1,13601.79,0
15805062,999915805062,667,Spain,Male,38,1,87202.38,1,1,1,77866.91,0
15660271,999915660271,688,Germany,Male,26,8,146133.39,1,1,1,175296.76,0
15745295,999915745295,727,Spain,Female,31,0,0,1,1,0,121751.04,1
15719352,999915719352,754,Spain,Male,39,6,170184.99,2,1,0,89593.26,0
15766575,999915766575,612,Germany,Female,62,8,140745.33,1,1,0,193437.89,1
15594594,999915594594,546,Spain,Male,42,7,139070.51,1,1,1,86945,0
15646161,999915646161,673,Spain,Female,37,8,0,2,1,1,183318.79,0
15682585,999915682585,593,France,Male,35,9,114193.24,1,1,0,71154.1,0
15603134,999915603134,656,Spain,Female,40,10,167878.5,1,0,1,151887.16,0
15636444,999915636444,535,Germany,Female,53,5,141616.55,2,1,1,75888.65,0
15773456,999915773456,678,Germany,Male,36,3,145747.67,2,0,1,89566.74,0
15745307,999915745307,477,Spain,Female,48,2,129120.64,1,0,1,26475.79,0
15604119,999915604119,850,Spain,Male,35,7,110349.82,1,0,0,126355.8,0
15626900,999915626900,427,France,Male,29,1,141325.56,1,1,1,93839.3,0
15605447,999915605447,752,France,Male,49,2,78653.84,1,1,0,7698.6,0
15589030,999915589030,649,France,Male,47,1,0,2,1,1,145593.85,0
15692463,999915692463,799,Spain,Female,28,3,142253.65,1,1,0,45042.56,0
15712403,999915712403,589,France,Female,61,1,0,1,1,0,61108.56,1
15811762,999915811762,583,Germany,Female,54,6,115988.86,1,1,0,57553.98,1
15718673,999915718673,839,Spain,Female,33,10,75592.43,1,1,0,62674.42,0
15724282,999915724282,540,Germany,Male,44,3,164113.04,2,1,1,12120.79,0
15738181,999915738181,850,France,Male,31,6,67996.23,2,0,0,50129.87,1
15633648,999915633648,696,Spain,Female,51,5,0,2,1,0,55022.43,0
15603323,999915603323,660,Spain,Female,33,1,0,2,0,0,117834.91,0
15583725,999915583725,682,France,Male,48,1,138778.15,1,0,1,168840.23,0
15588350,999915588350,744,France,Female,43,10,147832.15,1,0,1,24234.11,0
15798398,999915798398,785,France,Female,36,4,135438.4,1,0,0,190627.01,0
15784844,999915784844,752,Spain,Male,48,5,116060.08,1,1,0,156618.38,1
15580684,999915580684,706,France,Female,29,5,112564.62,1,1,0,42334.38,0
15809663,999915809663,583,France,Female,27,1,125406.58,1,1,1,110784.42,0
15640078,999915640078,660,Germany,Female,39,5,135134.99,1,1,0,173683,1
15698786,999915698786,819,France,Female,39,9,133102.92,1,1,0,27046.46,1
15569807,999915569807,673,France,Female,34,8,42157.08,1,1,0,20598.59,1
15730830,999915730830,752,France,Female,30,3,0,2,1,1,104991.28,0
15805112,999915805112,578,France,Male,38,7,82259.29,1,1,0,8996.97,0
15633064,999915633064,438,France,Female,36,4,0,2,1,0,64420.5,0
15703119,999915703119,652,France,Male,38,6,0,2,1,1,145700.22,0
15730447,999915730447,629,France,Female,49,4,0,2,1,1,196335.48,0
15813850,999915813850,720,France,Male,52,7,0,1,1,1,14781.12,0
15711889,999915711889,668,France,Male,42,3,150461.07,1,1,0,108139.23,0
15664610,999915664610,459,Germany,Male,48,4,133994.52,1,1,1,19287.06,1
15751710,999915751710,729,Spain,Male,31,8,164870.81,2,1,1,9567.39,0
15692926,999915692926,498,Germany,Male,25,8,121702.73,1,1,1,132210.49,0
15813741,999915813741,549,Spain,Male,25,6,193858.2,1,0,1,21600.11,0
15698474,999915698474,601,Germany,Female,54,1,131039.97,2,1,1,199661.5,0
15568595,999915568595,544,France,Male,64,9,113829.45,1,1,1,124341.49,0
15603065,999915603065,751,France,Female,30,6,0,2,1,0,15766.1,0
15592937,999915592937,632,Germany,Female,41,3,81877.38,1,1,1,33642.21,0
15699637,999915699637,694,Spain,Male,57,8,116326.07,1,1,1,117704.65,0
15667215,999915667215,678,France,Male,31,2,0,2,1,1,58803.28,0
15788659,999915788659,695,France,Male,46,4,0,2,1,1,137537.22,0
15763218,999915763218,661,France,Female,41,1,0,2,0,1,131300.68,0
15645772,999915645772,661,France,Male,33,9,0,2,1,1,84174.81,0
15725511,999915725511,559,France,Female,31,3,127070.73,1,0,1,160941.78,0
15575024,999915575024,503,France,Male,29,3,0,2,1,1,143954.99,0
15640825,999915640825,695,Spain,Male,46,3,122549.64,1,1,1,56297.85,0
15662397,999915662397,640,France,Female,42,5,176099.13,1,1,1,8404.73,0
15576368,999915576368,624,Germany,Female,48,3,122388.38,2,0,0,30020.09,0
15674991,999915674991,667,France,Male,42,9,0,2,0,1,58137.42,0
15721024,999915721024,642,France,Male,26,0,0,1,0,0,47472.68,0
15745621,999915745621,640,Spain,Female,32,6,118879.35,2,1,1,19131.71,0
15642394,999915642394,529,Spain,Male,35,5,0,2,1,1,187288.5,0
15754605,999915754605,563,France,Female,39,5,0,2,1,1,17603.81,0
15607040,999915607040,593,Spain,Female,38,4,88736.44,2,1,0,67020.03,0
15715142,999915715142,739,Germany,Male,45,7,102703.62,1,0,1,147802.94,1
15810978,999915810978,788,Spain,Female,70,1,0,2,1,1,41610.62,0
15668886,999915668886,684,Spain,Female,38,3,0,2,1,0,44255.65,0
15780804,999915780804,482,France,Male,55,5,97318.25,1,0,1,78416.14,0
15613880,999915613880,591,Spain,Male,58,5,128468.69,1,0,1,137254.55,0
15775238,999915775238,651,Germany,Female,41,4,133432.59,1,0,1,151303.48,0
15786905,999915786905,749,Germany,Female,40,8,141782.57,2,0,0,86333.63,0
15747867,999915747867,583,France,Male,24,9,135125.28,1,0,0,89801.9,0
15600337,999915600337,661,Spain,Male,42,2,178820.91,1,0,0,29358.57,1
15801277,999915801277,715,France,Female,31,2,112212.14,2,1,1,181600.72,0
15579334,999915579334,769,Germany,Female,45,5,126674.81,1,1,0,124118.71,1
15802741,999915802741,625,France,Female,51,7,136294.97,1,1,0,38867.46,1
15720649,999915720649,641,France,Female,36,5,66392.64,1,1,0,31106.67,0
15589493,999915589493,716,Germany,Male,27,1,122552.34,2,1,0,67611.36,0
15688251,999915688251,767,France,Male,43,1,76408.85,2,1,0,77837.63,0
15665238,999915665238,745,Germany,Male,36,8,145071.24,1,0,0,6078.46,0
15740900,999915740900,589,France,Male,34,6,0,2,1,1,177896.92,0
15681068,999915681068,796,France,Female,45,2,109730.22,1,1,1,123882.73,0
15748625,999915748625,664,France,Male,57,6,0,2,1,1,15304.08,0
15727299,999915727299,445,Spain,Male,62,1,64119.38,1,1,1,76569.64,1
15620204,999915620204,543,Germany,Female,57,1,106138.33,2,1,1,120657.32,1
15669516,999915669516,746,Spain,Male,36,2,0,2,1,1,16436.56,0
15736534,999915736534,742,Germany,Male,33,0,181656.51,1,1,1,107667.91,0
15803457,999915803457,750,France,Female,32,5,0,2,1,0,95611.47,0
15659098,999915659098,669,France,Male,30,7,95128.86,1,0,0,19799.26,0
15603436,999915603436,594,Spain,Female,49,2,126615.94,2,0,1,123214.74,0
15566292,999915566292,574,Spain,Male,36,1,0,2,0,1,71709.12,0
15808621,999915808621,659,Germany,Male,36,2,76190.48,2,1,1,149066.14,0
15580148,999915580148,750,Germany,Male,40,5,168286.81,3,1,0,20451.99,1
15776231,999915776231,626,Germany,Male,35,4,88109.81,1,1,1,32825.5,0
15773809,999915773809,620,France,Male,42,4,0,2,1,0,6232.31,0
15649423,999915649423,580,France,Female,35,8,0,2,0,1,10357.03,0
15734886,999915734886,686,France,Female,34,3,123971.51,2,1,0,147794.63,0
15722548,999915722548,540,France,Male,48,0,148116.48,1,0,0,116973.48,0
15650288,999915650288,634,Germany,Male,35,6,116269.01,1,1,0,129964.94,0
15629448,999915629448,632,Spain,Male,38,1,120599.21,1,1,0,92816.86,0
15716164,999915716164,501,France,Female,41,3,144260.5,1,1,0,172114.67,0
15807609,999915807609,650,Spain,Female,25,3,86605.5,3,1,0,16649.31,1
15578977,999915578977,786,France,Male,34,9,0,2,1,0,144517.19,0
15677369,999915677369,554,Germany,Female,37,4,58629.97,1,0,0,182038.6,0
15804072,999915804072,701,Spain,Female,42,5,0,2,0,0,24210.56,0
15696859,999915696859,474,France,Male,45,10,0,2,0,0,172175.9,0
15653780,999915653780,621,France,Female,43,5,0,1,1,1,47578.45,0
15721658,999915721658,672,Spain,Female,56,2,209767.31,2,1,1,150694.42,1
15578761,999915578761,459,Spain,Female,42,6,129634.25,2,1,1,177683.02,1
15736879,999915736879,669,France,Male,23,1,0,2,0,0,66088.83,0
15571973,999915571973,776,France,Female,38,2,169824.46,1,1,0,169291.7,0
15626742,999915626742,694,France,Male,36,3,97530.25,1,1,1,117140.41,0
15672692,999915672692,787,France,Female,42,10,145988.65,2,1,1,79510.37,0
15673570,999915673570,580,France,Male,37,9,0,2,0,1,77108.66,0
15767432,999915767432,711,France,Female,25,7,0,3,1,1,9679.28,0
15654238,999915654238,673,France,Female,40,5,137494.28,1,1,0,81753.92,0
15612525,999915612525,499,France,Female,57,1,0,1,0,0,131372.38,1
15812750,999915812750,591,France,Male,24,6,147360,1,1,1,25310.82,0
15790757,999915790757,769,France,Female,25,10,0,2,0,0,187925.75,0
15723873,999915723873,657,Spain,Male,31,3,125167.02,1,0,0,98820.39,0
15744607,999915744607,738,Germany,Male,43,9,121152.05,2,1,0,64166.7,1
15612966,999915612966,545,Germany,Female,60,7,128981.07,1,0,1,176924.21,1
15784209,999915784209,497,France,Male,47,6,0,1,1,1,90055.08,0
15794278,999915794278,816,Spain,Male,67,6,151858.98,1,1,1,72814.31,0
15766741,999915766741,525,France,Male,36,2,114628.4,1,0,1,168290.06,0
15661036,999915661036,725,France,Male,46,6,0,2,1,0,161767.38,0
15705639,999915705639,692,France,Female,28,8,95059.02,2,1,0,44420.18,0
15637414,999915637414,618,France,Female,24,7,128736.39,1,0,1,37147.61,0
15716835,999915716835,546,France,Male,24,8,156325.38,1,1,1,125381.02,0
15696231,999915696231,635,France,Male,29,7,105405.97,1,1,1,149853.89,0
15641675,999915641675,611,France,Female,49,2,88915.37,3,0,0,161435.02,1
15670755,999915670755,650,France,Male,60,8,0,2,1,1,102925.76,0
15640059,999915640059,606,France,Male,40,5,0,2,1,1,70899.27,0
15787619,999915787619,844,France,Male,18,2,160980.03,1,0,0,145936.28,0
15587535,999915587535,450,Spain,Female,46,5,177619.71,1,1,0,54227.06,0
15813034,999915813034,727,Spain,Male,38,2,62276.99,1,1,1,59280.79,0
15698839,999915698839,460,Germany,Male,46,4,127559.97,2,1,1,126952.5,0
15790314,999915790314,649,France,Male,41,0,0,2,0,1,130567.02,0
15634245,999915634245,758,Germany,Female,47,9,95523.16,1,1,0,73294.48,0
15677305,999915677305,490,France,Female,35,7,107749.03,1,1,1,3937.37,0
15661526,999915661526,815,Germany,Male,37,2,110777.26,2,1,0,2383.59,0
15685997,999915685997,838,Spain,Female,39,5,166733.92,2,1,0,14279.44,0
15660101,999915660101,803,France,Male,31,9,157120.86,2,1,0,141300.53,0
15637979,999915637979,664,Germany,Female,36,2,127160.78,2,1,0,78140.75,0
15815364,999915815364,736,Spain,Female,28,2,0,2,1,1,117431.1,0
15647099,999915647099,633,France,Female,37,9,156091.97,1,1,0,72008.61,0
15625944,999915625944,664,France,Male,58,5,98668.18,1,1,1,60887.58,0
15583212,999915583212,600,France,Female,43,5,134022.06,1,1,0,194764.83,0
15582741,999915582741,693,France,Female,35,5,124151.09,1,1,0,88705.14,1
15637876,999915637876,663,Germany,Female,36,6,77253.5,1,0,0,35817.97,1
15622750,999915622750,742,Germany,Female,21,1,114292.48,1,1,0,31520.4,0
15672056,999915672056,710,Germany,Male,43,2,140080.32,3,1,1,157908.19,1
15812351,999915812351,710,Spain,Female,27,2,135277.96,1,1,0,142200.15,0
15810864,999915810864,700,France,Female,82,2,0,2,0,1,182055.36,0
15677921,999915677921,720,Germany,Male,60,9,115920.62,2,0,0,157552.08,1
15724296,999915724296,684,Spain,Male,41,2,119782.72,2,0,0,120284.67,0
15685329,999915685329,531,France,Female,63,1,114715.71,1,0,1,24506.95,1
15584091,999915584091,742,Germany,Female,36,2,129748.54,2,0,0,47271.61,1
15640442,999915640442,717,France,Male,31,4,129722.57,1,0,0,41176.6,0
15639314,999915639314,589,France,Male,32,2,0,2,0,1,9468.64,0
15685320,999915685320,767,France,Male,36,3,139180.2,1,0,0,123880.19,0
15789158,999915789158,636,Germany,Male,49,6,113599.74,2,1,0,158887.09,1
15752137,999915752137,648,France,Male,33,7,134944,1,1,1,117036.38,0
15712551,999915712551,622,Germany,Female,58,7,116922.25,1,1,0,120415.61,1
15628936,999915628936,692,Spain,Male,28,9,118945.09,1,0,0,16064.25,1
15797227,999915797227,754,France,Male,28,8,0,2,1,1,52615.62,0
15769974,999915769974,679,Spain,Female,35,8,119182.73,1,0,0,121210.09,0
15737051,999915737051,639,France,Male,27,8,0,2,1,0,192247.35,0
15585595,999915585595,774,France,Female,28,1,71264.02,2,0,1,68759.57,0
15654060,999915654060,517,France,Male,41,2,0,2,0,1,75937.47,0
15745196,999915745196,571,France,Female,35,8,0,2,0,0,84569.13,0
15571221,999915571221,747,Germany,Male,58,7,116313.57,1,1,1,190696.35,1
15660155,999915660155,792,Spain,Male,36,5,92140.15,1,0,1,67468.67,0
15605284,999915605284,688,France,Male,26,1,0,2,1,1,104435.94,0
15694366,999915694366,714,Germany,Male,42,2,177640.09,1,0,1,47166.55,0
15600739,999915600739,562,Spain,Female,35,0,0,2,1,0,119899.52,0
15653253,999915653253,704,Spain,Male,48,8,167997.6,1,1,1,173498.45,0
15763431,999915763431,698,France,Male,36,2,82275.35,2,1,1,93249.26,0
15643696,999915643696,611,France,Male,49,3,0,2,1,1,142917.54,0
15707473,999915707473,850,Germany,Female,48,6,111962.99,1,1,0,111755.8,0
15769504,999915769504,743,Germany,Female,34,1,131736.88,1,1,1,108543.21,0
15776807,999915776807,654,France,Male,29,1,0,1,1,0,180345.44,0
15686870,999915686870,761,Germany,Male,36,8,108239.11,2,0,0,99444.02,0
15668747,999915668747,702,France,Female,46,9,98444.19,1,0,1,109563.28,0
15766908,999915766908,488,Germany,Male,32,3,114540.38,1,1,0,92568.07,0
15570134,999915570134,683,France,Female,35,6,187530.66,2,1,1,37976.36,0
15567367,999915567367,601,Germany,Female,42,9,133636.16,1,0,1,103315.74,0
15747542,999915747542,605,France,Male,52,7,0,2,1,1,173952.5,0
15762238,999915762238,671,Germany,Female,44,0,84745.03,2,0,1,34673.98,0
15681554,999915681554,614,Germany,Female,31,7,120599.38,2,1,1,46163.44,0
15712825,999915712825,511,Spain,Female,29,9,0,2,0,1,140676.98,0
15640280,999915640280,850,France,Male,39,4,127771.35,2,0,1,151738.54,0
15756026,999915756026,790,Spain,Female,46,9,0,1,0,0,14679.81,1
15613319,999915613319,793,France,Female,33,0,0,1,0,0,175544.02,0
15798906,999915798906,628,France,Male,69,5,0,2,1,1,181964.6,0
15708917,999915708917,598,Germany,Male,53,10,167772.96,1,1,1,136886.86,0
15778463,999915778463,657,France,Female,37,6,95845.6,1,1,0,122218.23,0
15699430,999915699430,618,France,Female,35,10,0,2,1,0,180439.75,0
15649992,999915649992,681,Spain,Male,65,7,134714.7,2,0,1,190419.81,0
15578980,999915578980,516,Spain,Female,33,3,0,2,1,1,58685.59,0
15775306,999915775306,421,Germany,Male,28,8,122384.22,3,1,1,89017.38,1
15641655,999915641655,700,France,Female,26,2,0,2,0,0,50051.42,0
15619708,999915619708,745,France,Male,25,5,157993.15,2,1,0,146041.45,0
15734565,999915734565,696,France,Male,29,8,0,2,1,0,191166.09,0
15806438,999915806438,580,Germany,Female,42,2,123331.36,1,0,0,103516.08,1
15591969,999915591969,497,Spain,Male,27,9,75263.16,1,1,1,164825.04,0
15747807,999915747807,720,France,Female,43,6,137824.03,2,1,0,172557.77,0
15596939,999915596939,659,Germany,Male,36,4,132578.92,2,1,0,84320.94,0
15716155,999915716155,841,France,Female,36,5,156021.31,1,0,0,122662.98,0
15765311,999915765311,642,Spain,Male,34,8,0,1,1,0,72085.1,0
15757811,999915757811,732,Spain,Female,69,9,137453.43,1,0,1,110932.24,1
15603830,999915603830,600,Spain,Male,36,4,0,2,1,0,143635.36,0
15660602,999915660602,464,Germany,Male,33,8,164284.72,2,1,1,3710.34,0
15660535,999915660535,680,France,Female,47,5,0,2,1,1,179843.33,0
15666633,999915666633,758,Spain,Male,56,1,0,2,1,1,10643.38,0
15596914,999915596914,630,Germany,Female,31,2,112373.49,2,1,1,131167.98,0
15639788,999915639788,577,France,Female,39,10,0,2,1,0,10553.31,0
15695846,999915695846,684,France,Female,34,6,0,2,1,1,130928.22,0
15726234,999915726234,708,Spain,Female,41,5,0,1,0,1,157003.99,0
15797964,999915797964,732,Germany,Female,29,1,154333.82,1,1,1,138527.56,0
15625881,999915625881,634,Germany,Male,37,3,111432.77,2,1,1,167032.49,0
15780628,999915780628,633,France,Female,30,6,0,2,0,0,41642.29,0
15575883,999915575883,559,France,Male,34,2,137390.11,2,1,0,9677,0
15585036,999915585036,694,Spain,Female,37,3,0,2,1,1,147012.22,0
15589488,999915589488,686,Germany,Female,56,5,111642.08,1,1,1,80553.87,0
15585888,999915585888,553,Spain,Female,48,3,0,1,0,1,30730.95,1
15727915,999915727915,507,France,Male,36,4,83543.37,1,0,0,140134.43,0
15707567,999915707567,732,Germany,Male,50,6,145338.76,1,0,0,91936.1,1
15737792,999915737792,818,France,Female,31,1,186796.37,1,0,0,178252.63,0
15599433,999915599433,660,Germany,Male,35,8,58641.43,1,0,1,198674.08,0
15672012,999915672012,773,Spain,Female,41,5,0,1,1,0,28266.9,1
15806983,999915806983,640,France,Male,44,3,137148.68,1,1,0,92381.01,0
15592222,999915592222,505,France,Male,49,7,80001.23,1,0,0,135180.11,0
15608968,999915608968,714,Germany,Male,21,6,86402.52,2,0,0,27330.59,0
15586959,999915586959,468,France,Female,42,5,0,2,1,0,125305.34,0
15646558,999915646558,611,Spain,Male,51,1,122874.74,1,1,1,149648.45,0
15725811,999915725811,705,France,Male,25,0,97544.29,1,0,1,59887.15,0
15572265,999915572265,646,Germany,Male,46,1,170826.55,2,1,0,45041.32,0
15794048,999915794048,667,Germany,Female,48,1,97133.92,2,0,0,113316.77,1
15677610,999915677610,511,Germany,Female,41,8,153895.65,1,1,1,39087.42,0
15745012,999915745012,653,France,Female,43,6,0,2,1,1,7330.59,0
15601589,999915601589,675,France,Female,57,8,0,2,0,1,95463.29,0
15686436,999915686436,523,Spain,Male,32,4,0,2,1,0,167848.02,0
15693864,999915693864,567,Germany,Female,49,5,134956.02,1,1,0,93953.84,1
15760550,999915760550,741,Spain,Male,39,7,143637.58,2,0,1,174227.66,0
15686137,999915686137,456,Spain,Male,32,9,147506.25,1,1,1,135399.21,0
15809087,999915809087,598,France,Male,64,1,0,2,1,0,195635.3,1
15807663,999915807663,667,France,Male,43,8,190227.46,1,1,0,97508.04,1
15809100,999915809100,548,France,Female,32,2,172448.77,1,1,0,188083.77,1
15794916,999915794916,725,France,Male,41,7,113980.21,1,1,1,116704.25,0
15614215,999915614215,717,France,Male,53,6,0,2,0,1,97614.87,0
15805449,999915805449,594,France,Male,38,4,0,2,0,0,186884.04,0
15686983,999915686983,678,Germany,Female,25,10,76968.12,2,0,1,131501.72,0
15808017,999915808017,545,France,Male,38,1,88293.13,2,1,1,24302.95,0
15756804,999915756804,636,France,Female,48,1,170833.46,1,1,0,110510.28,1
15646810,999915646810,603,Germany,Male,44,6,108122.39,2,1,0,108488.33,1
15710424,999915710424,435,France,Male,36,4,0,1,1,1,197015.2,0
15799422,999915799422,535,France,Female,40,8,0,1,1,1,27689.77,0
15692750,999915692750,629,Germany,Female,45,7,129818.39,3,1,0,9217.55,1
15794549,999915794549,722,France,Female,35,2,163943.89,2,1,1,15068.18,0
15803764,999915803764,561,France,Male,28,7,0,2,1,0,7797.01,0
15674840,999915674840,645,France,Female,38,5,101430.3,2,0,1,4400.32,0
15653762,999915653762,501,France,Female,39,9,117301.66,1,0,0,182025.95,0
15581229,999915581229,502,Germany,Female,32,1,173340.83,1,0,1,122763.95,0
15800228,999915800228,652,Spain,Female,42,4,0,2,1,1,38152.01,0
15656333,999915656333,574,France,Female,33,3,134348.57,1,1,0,63163.99,0
15697497,999915697497,518,France,Female,45,9,105525.65,2,1,1,73418.29,0
15585362,999915585362,749,France,Female,60,6,0,1,1,0,17978.68,1
15571928,999915571928,679,France,Female,43,4,0,3,1,0,115136.51,1
15785519,999915785519,565,France,Male,36,6,106192.1,1,1,0,149575.59,0
15743007,999915743007,643,France,Female,45,4,45144.43,1,1,0,60917.24,1
15777211,999915777211,515,France,Male,65,7,92113.61,1,1,1,142548.33,0
15721935,999915721935,521,France,Male,25,7,0,2,1,1,157878.67,0
15591711,999915591711,739,Spain,Male,38,0,128366.44,1,1,0,12796.43,0
15625021,999915625021,585,France,Male,42,2,0,2,1,1,18657.77,0
15702968,999915702968,733,Germany,Male,74,3,106545.53,1,1,1,134589.58,0
15600462,999915600462,542,France,Female,43,8,145618.37,1,0,1,10350.74,0
15768104,999915768104,788,Spain,Male,37,8,141541.25,1,0,0,66013.27,0
15780140,999915780140,435,Germany,Male,32,2,57017.06,2,1,1,5907.11,0
15585255,999915585255,577,France,Male,42,9,0,1,1,0,74077.91,0
15772781,999915772781,703,France,Female,51,3,0,3,1,1,77294.56,1
15669987,999915669987,728,Germany,Female,35,8,125884.95,2,1,0,54359.02,1
15697000,999915697000,728,Germany,Male,32,5,61825.5,1,1,1,156124.93,0
15733119,999915733119,718,France,Male,35,8,0,2,1,0,94820.85,0
15782390,999915782390,621,France,Female,40,6,0,1,1,0,155155.25,0
15654700,999915654700,523,France,Female,40,2,102967.41,1,1,0,128702.1,1
15632210,999915632210,657,Germany,Male,25,2,171770.55,1,1,0,22745.5,0
15642041,999915642041,727,Germany,Male,40,1,93051.64,2,1,0,71865.31,1
15709737,999915709737,643,France,Male,36,7,161064.64,2,0,1,84294.82,0
15792388,999915792388,645,France,Female,48,7,90612.34,1,1,1,149139.13,0
15786014,999915786014,568,France,Male,28,5,145105.64,2,1,0,185489.11,0
15794580,999915794580,599,France,Male,58,4,0,1,0,0,176407.15,1
15675964,999915675964,672,France,Female,45,9,0,1,1,1,92027.69,1
15814275,999915814275,685,France,Male,33,6,174912.72,1,1,1,43932.54,0
15724848,999915724848,516,France,Female,46,1,104947.72,1,1,0,115789.25,1
15754713,999915754713,685,Spain,Male,31,10,135213.71,1,1,1,125777.28,0
15693814,999915693814,806,Spain,Male,25,7,0,2,1,0,18461.9,0
15599660,999915599660,604,France,Male,36,6,116229.85,2,1,1,79633.38,0
15746490,999915746490,648,Spain,Female,53,6,111201.41,1,1,1,121542.29,0
15566091,999915566091,545,Spain,Female,32,4,0,1,1,0,94739.2,0
15655961,999915655961,756,Germany,Male,27,1,131899,1,1,0,93302.29,0
15710404,999915710404,569,France,Male,35,10,124525.52,1,1,1,193793.78,0
15775625,999915775625,596,France,Male,47,6,0,1,1,0,74835.65,0
15792328,999915792328,475,France,Male,39,6,0,1,1,1,56999.9,1
15719856,999915719856,646,France,Female,45,3,47134.75,1,1,1,57236.44,0
15593773,999915593773,784,Spain,Male,35,3,0,2,0,0,81483.64,0
15733114,999915733114,552,Spain,Male,45,9,0,2,1,0,26752.56,0
15797748,999915797748,729,France,Male,44,5,0,2,0,1,9200.54,0
15743411,999915743411,609,Spain,Male,61,1,0,1,1,0,22447.85,1
15753337,999915753337,555,France,Male,51,5,0,3,1,0,189122.89,1
15601026,999915601026,572,Germany,Female,19,1,138657.08,1,1,1,16161.82,0
15658485,999915658485,785,France,Female,34,9,70302.48,1,1,1,68600.36,0
15636731,999915636731,714,Germany,Female,36,1,101609.01,2,1,1,447.73,0
15628303,999915628303,738,Spain,Male,35,3,0,1,1,1,15650.73,0
15633461,999915633461,639,Germany,Male,38,5,130170.82,1,1,1,149599.62,0
15677135,999915677135,520,Germany,Male,61,8,133802.29,2,1,1,90304.01,0
15590876,999915590876,764,France,Female,24,7,106234.02,1,0,0,115676.38,0
15790782,999915790782,661,Spain,Male,39,6,132628.98,1,0,0,38812.67,0
15700476,999915700476,564,Germany,Male,41,9,103522.75,2,1,1,34338.21,0
15634141,999915634141,708,Germany,Female,42,8,192390.52,2,1,0,823.36,0
15737795,999915737795,512,Spain,Male,36,1,0,1,0,1,135482.26,1
15790299,999915790299,592,Spain,Male,37,9,0,3,1,1,10656.89,0
15675316,999915675316,619,France,Female,38,3,0,2,0,1,116467.35,0
15613630,999915613630,775,France,Male,52,8,109922.61,1,1,1,96823.32,1
15662100,999915662100,850,Germany,Female,44,5,128605.32,1,0,1,171096.2,0
15668032,999915668032,577,France,Female,37,4,0,1,1,1,79881.39,0
15599289,999915599289,724,France,Female,37,10,68598.56,1,1,0,157862.82,0
15754084,999915754084,710,Spain,Male,35,1,106518.52,1,1,1,127951.81,0
15676521,999915676521,696,France,Female,31,8,0,2,0,0,191074.11,0
15804586,999915804586,376,France,Female,46,6,0,1,1,0,157333.69,1
15781465,999915781465,675,Germany,Female,29,8,121326.42,1,1,0,133457.52,0
15729362,999915729362,745,France,Male,36,8,67226.37,1,1,0,130789.6,0
15709295,999915709295,697,Spain,Female,25,5,82931.85,2,1,1,128373.88,0
15745324,999915745324,599,Spain,Female,39,4,0,1,1,0,194273.2,1
15741336,999915741336,715,France,Female,38,5,118590.41,1,1,1,5684.17,1
15783659,999915783659,659,France,Male,67,4,145981.87,1,1,1,131043.2,0
15620981,999915620981,684,France,Female,48,3,73309.38,1,0,0,21228.34,1
15630328,999915630328,635,France,Female,48,8,130796.33,2,1,1,43250.3,0
15785899,999915785899,789,Germany,Male,33,8,151607.56,1,1,0,4389.4,0
15606149,999915606149,571,Germany,Female,66,9,111577.01,1,0,1,189271.9,0
15671139,999915671139,694,Spain,Male,39,0,107042.74,1,1,1,102284.2,0
15660429,999915660429,665,Spain,Female,42,2,156371.61,2,0,1,156774.94,1
15571002,999915571002,706,France,Female,44,4,129605.99,1,0,0,69865.49,0
15631681,999915631681,807,Spain,Female,43,0,0,2,0,1,85523.24,0
15731522,999915731522,771,Spain,Female,67,8,0,2,1,1,51219.8,0
15619529,999915619529,531,Spain,Male,27,8,132576.25,1,0,0,7222.92,0
15628034,999915628034,629,France,Female,37,6,129101.3,1,1,1,23971.33,0
15686164,999915686164,850,Germany,Female,31,1,108822.4,1,1,1,132173.31,0
15582797,999915582797,685,Spain,Male,35,4,137948.51,1,1,0,113639.64,0
15753831,999915753831,642,Spain,Male,32,7,100433.8,1,1,1,39768.59,0
15731815,999915731815,529,Spain,Male,63,4,96134.11,3,1,0,108732.96,1
15580956,999915580956,683,Germany,Female,43,4,115888.04,1,1,1,117349.19,1
15602084,999915602084,663,France,Female,42,5,124626.07,1,1,1,78004.5,0
15589805,999915589805,563,France,Female,34,6,139810.34,1,1,1,152417.79,0
15720893,999915720893,637,Spain,Female,34,9,0,2,0,0,26057.08,0
15641009,999915641009,544,France,Male,37,3,84496.71,1,0,0,79972.09,0
15605926,999915605926,649,Germany,Male,70,9,116854.71,2,0,1,107125.79,0
15805955,999915805955,638,France,Female,48,10,138333.03,1,1,1,47679.14,0
15801488,999915801488,723,France,Male,25,3,0,2,1,1,134509.47,0
15605918,999915605918,635,Germany,Male,43,5,78992.75,2,0,0,153265.31,0
15779711,999915779711,750,Spain,Female,38,7,97257.41,2,0,1,179883.04,0
15705620,999915705620,730,France,Male,34,5,122453.37,2,1,0,138882.98,0
15685357,999915685357,750,Spain,Female,36,8,112940.07,1,0,1,9855.81,0
15570060,999915570060,586,France,Female,43,8,132558.26,1,1,0,67046.83,1
15582616,999915582616,520,France,Female,38,4,0,2,1,0,56388.63,0
15799515,999915799515,652,France,Female,48,8,133297.24,1,1,0,77764.37,0
15642937,999915642937,550,France,Female,46,7,0,2,1,0,130590.35,0
15624729,999915624729,594,France,Male,27,0,197041.8,1,0,0,151912.49,0
15566156,999915566156,749,Germany,Female,44,0,71497.79,2,0,0,151083.8,0
15792360,999915792360,668,France,Male,32,7,0,2,1,1,777.37,0
15807008,999915807008,614,Germany,Female,35,6,128100.28,1,0,0,69454.24,1
15704770,999915704770,773,France,Male,25,1,124532.78,2,0,1,11723.57,0
15756475,999915756475,551,Germany,Male,31,9,82293.82,2,1,1,91565.25,0
15655339,999915655339,566,France,Male,36,1,142120.91,1,1,0,79616.37,0
15613749,999915613749,569,Spain,Male,34,0,151839.26,1,1,0,102299.81,1
15664521,999915664521,659,Spain,Male,31,7,149620.88,2,1,1,104533.51,0
15681206,999915681206,722,France,Female,49,3,168197.66,1,1,0,140765.57,1
15745527,999915745527,655,France,Male,37,5,93147,2,1,0,66214.13,0
15806926,999915806926,615,France,Female,35,2,97440.02,2,1,1,139816.1,0
15724563,999915724563,752,Germany,Female,42,3,65046.08,2,0,1,140139.28,0
15782899,999915782899,661,Spain,Female,28,7,95357.49,1,0,0,102297.15,0
15623521,999915623521,838,Spain,Male,43,9,123105.88,2,1,0,145765.83,0
15810218,999915810218,610,Spain,Male,29,9,0,3,0,1,83912.24,0
15645621,999915645621,811,Spain,Male,44,3,0,2,0,1,78439.73,0
15608114,999915608114,587,Spain,Male,62,7,121286.27,1,0,1,6776.92,0
15659557,999915659557,811,Germany,Female,28,4,167738.82,2,1,1,9903.42,0
15787772,999915787772,759,France,Female,38,1,104091.29,1,0,0,91561.91,0
15691111,999915691111,648,Germany,Female,42,8,121980.56,2,1,0,4027.02,0
15592089,999915592089,788,France,Female,43,10,0,2,1,1,116111.51,0
15633897,999915633897,725,Germany,Male,39,1,50880.98,2,1,1,184023.54,0
15701301,999915701301,646,France,Female,42,3,175159.9,2,0,0,67124.48,1
15723685,999915723685,601,Germany,Female,26,7,105514.69,2,1,0,50070.59,0
15701602,999915701602,521,Germany,Male,52,5,116497.31,3,0,0,53793.1,1
15739189,999915739189,561,Spain,Female,33,6,0,2,1,0,45261.47,0
15573086,999915573086,564,France,Male,42,7,99824.45,1,1,1,36721.4,0
15569050,999915569050,444,France,Male,45,6,0,1,1,0,130009.85,1
15750765,999915750765,650,Spain,Male,71,0,0,1,1,1,175380.77,0
15799811,999915799811,724,France,Male,40,10,0,1,1,0,127847.25,1
15698442,999915698442,719,Spain,Male,35,3,122964.88,1,1,1,138231.7,0
15655274,999915655274,548,France,Female,29,4,0,2,0,1,48673.18,0
15603594,999915603594,635,Spain,Male,24,4,0,2,1,1,70668.77,0
15585961,999915585961,496,Spain,Female,43,3,0,2,0,1,199505.53,0
15686936,999915686936,676,France,Female,37,5,89634.69,1,1,1,169583.18,1
15770424,999915770424,541,Germany,Male,40,7,95710.11,2,1,0,49063.42,0
15587451,999915587451,778,Germany,Male,41,7,139706.31,1,1,0,63337.19,0
15602010,999915602010,850,Germany,Female,45,5,103909.86,1,1,0,60083.11,1
15600583,999915600583,633,France,Male,31,1,0,1,1,0,48606.71,0
15654673,999915654673,625,France,Male,49,6,173434.9,1,1,0,165580.93,1
15717164,999915717164,485,Spain,Male,32,6,102238.01,2,1,1,194010.12,0
15765014,999915765014,547,France,Female,48,1,179380.74,2,0,1,69263.1,0
15682639,999915682639,642,France,Male,32,3,0,2,1,1,88698.83,0
15729279,999915729279,718,France,Female,25,4,108691.95,1,1,0,63030.97,0
15759805,999915759805,582,France,Female,32,4,0,2,1,0,59668.81,0
15767864,999915767864,628,France,Male,33,6,0,2,0,0,184230.23,0
15769948,999915769948,737,Germany,Male,35,0,133377.8,1,0,1,64050.19,0
15686345,999915686345,828,Spain,Male,34,9,0,2,1,1,81853.98,0
15688071,999915688071,609,Spain,Male,53,10,0,1,1,1,154642.91,0
15681174,999915681174,730,France,Male,39,1,116537.6,1,0,0,145679.6,0
15667521,999915667521,631,France,Female,22,3,0,2,0,0,30781.77,0
15750243,999915750243,830,Spain,Male,40,4,0,2,0,1,81622.52,0
15695475,999915695475,645,France,Male,29,1,130131.08,2,0,1,196474.35,0
15689176,999915689176,663,France,Male,46,3,0,2,0,1,176276.1,0
15652955,999915652955,678,Spain,Male,30,0,0,1,1,0,35113.08,0
15668958,999915668958,521,France,Male,30,2,107316.09,1,1,0,64299.82,0
15631054,999915631054,625,France,Female,24,1,0,2,1,1,180969.55,0
15581479,999915581479,523,France,Male,30,1,83181.29,1,1,1,138176.78,0
15577478,999915577478,714,France,Female,72,3,0,1,1,1,86733.61,0
15780870,999915780870,580,Spain,Male,67,3,153946.14,1,1,1,7418.92,0
15692317,999915692317,722,France,Male,30,5,0,2,1,0,166376.54,0
15593969,999915593969,630,Spain,Female,39,7,135483.17,1,1,0,140881.2,1
15570417,999915570417,579,France,Male,35,1,0,2,1,0,4460.2,0
15779059,999915779059,670,France,Female,38,4,119624.54,2,1,1,110472.12,0
15785980,999915785980,588,Spain,Male,34,6,121132.26,2,1,0,86460.28,0
15644200,999915644200,807,Spain,Female,42,1,0,1,1,0,16500.66,1
15793949,999915793949,726,France,Female,48,4,0,1,1,0,114020.06,1
15645103,999915645103,812,Germany,Male,25,5,54817.55,1,1,0,131660.31,0
15705860,999915705860,631,Germany,Male,40,3,107949.45,1,1,0,52449.62,1
15623828,999915623828,682,France,Male,30,4,0,1,0,1,161465.31,0
15715003,999915715003,625,Spain,Female,49,2,80816.45,1,1,1,20018.79,0
15623471,999915623471,607,Germany,Male,38,3,98205.77,1,1,0,176318.27,0
15798348,999915798348,600,Spain,Female,50,6,94684.27,1,1,1,50488.91,0
15743016,999915743016,602,Spain,Female,22,7,141604.76,1,1,0,30379.6,0
15769499,999915769499,545,Spain,Female,74,3,0,2,1,1,161326.73,0
15798521,999915798521,675,Spain,Male,33,3,0,2,1,0,45348.08,0
15706534,999915706534,581,France,Female,47,1,122949.14,1,0,0,180251.68,1
15706186,999915706186,640,Germany,Male,33,8,81677.22,2,0,0,34925.56,0
15812197,999915812197,850,France,Male,38,7,80293.98,1,0,0,126555.74,0
15650933,999915650933,490,Spain,Female,48,8,155413.06,1,1,0,187921.3,0
15692991,999915692991,710,Spain,Female,38,4,0,2,1,1,136390.88,0
15631189,999915631189,613,Germany,Male,38,9,67111.65,1,1,0,78566.64,1
15762198,999915762198,812,France,Male,34,5,103818.43,1,1,1,166038.27,0
15699598,999915699598,723,France,Female,20,4,0,2,1,1,140385.33,0
15692744,999915692744,512,France,Male,36,4,152169.12,2,0,0,38629.3,1
15688963,999915688963,731,France,Female,52,10,0,1,1,1,24998.75,1
15599131,999915599131,650,Germany,Male,26,4,214346.96,2,1,0,128815.33,0
15680303,999915680303,594,France,Male,57,6,0,1,1,0,19376.56,1
15628674,999915628674,844,France,Male,40,7,113348.14,1,1,0,31904.31,1
15648075,999915648075,686,Germany,Female,47,5,170935.94,1,1,0,173179.79,1
15586970,999915586970,695,Germany,Male,52,8,103023.26,1,1,1,22485.64,0
15625698,999915625698,624,Spain,Female,23,6,0,2,0,1,196668.51,0
15790497,999915790497,503,Spain,Male,37,6,0,2,0,0,136506.86,0
15682618,999915682618,535,France,Female,31,7,111855.04,2,1,1,36278.89,0
15762937,999915762937,743,Germany,Female,32,6,140348.56,2,1,1,163254.39,0
15750929,999915750929,702,Spain,Male,39,8,0,2,1,0,99654.13,0
15729832,999915729832,658,France,Male,29,3,145512.84,1,1,0,20207.02,0
15633650,999915633650,677,Germany,Female,41,8,146720.98,2,1,1,4195.84,0
15748856,999915748856,664,France,Male,32,10,107209.73,1,1,1,112340.2,0
15589195,999915589195,766,Germany,Female,38,7,130933.74,1,0,1,2035.94,0
15699911,999915699911,461,Spain,Female,35,8,0,1,1,0,132295.95,0
15663438,999915663438,688,Spain,Male,36,0,89772.3,1,1,0,177383.68,1
15692583,999915692583,678,France,Female,32,5,0,2,1,0,90284.47,0
15591257,999915591257,796,France,Male,24,8,0,2,1,0,61349.37,0
15646513,999915646513,803,France,Male,42,5,0,1,1,0,196466.83,1
15708063,999915708063,712,France,Male,36,2,100749.5,3,0,0,70758.37,1
15696098,999915696098,498,France,Female,31,10,0,2,1,0,13892.57,0
15645517,999915645517,850,Spain,Male,22,2,0,2,1,1,9684.52,0
15649744,999915649744,628,France,Female,51,3,123981.31,2,1,1,40546.15,0
15604304,999915604304,539,Germany,Female,34,4,91622.42,1,1,1,136603.42,0
15784092,999915784092,732,France,Male,36,7,126195.81,1,1,1,133172.48,0
15585198,999915585198,715,France,Male,41,4,94267.9,1,0,1,152821.12,1
15624347,999915624347,651,France,Male,40,4,0,2,1,1,147715.83,0
15621687,999915621687,813,France,Male,34,0,0,2,1,0,43169.15,0
15689081,999915689081,692,France,Male,29,4,0,1,1,0,76755.99,1
15813168,999915813168,756,Germany,Female,39,3,100717.85,3,1,1,73406.04,1
15604295,999915604295,543,France,Male,36,6,0,2,1,0,176728.28,0
15724127,999915724127,790,France,Female,26,4,141581.71,2,0,0,98309.27,0
15673055,999915673055,494,Spain,Male,38,7,0,2,1,1,6203.66,0
15768201,999915768201,850,France,Female,39,2,148586.64,1,1,1,176791.27,0
15782219,999915782219,703,Spain,Male,29,9,0,2,1,0,50679.48,0
15746410,999915746410,432,Spain,Male,38,7,0,2,1,0,150580.88,0
15780144,999915780144,512,Germany,Female,32,2,123403.85,2,1,0,80120.19,0
15590476,999915590476,589,France,Male,28,7,0,2,1,0,151645.96,0
15624293,999915624293,514,France,Female,46,3,106511.85,1,1,0,55072.32,0
15618182,999915618182,678,France,Female,38,2,0,2,0,0,115068.99,0
15660316,999915660316,420,Germany,Female,34,1,135549.9,1,0,0,149471.13,1
15678886,999915678886,679,Germany,Male,38,7,110555.37,2,1,0,46522.68,0
15616330,999915616330,595,France,Male,31,4,0,2,1,0,189995.86,0
15592229,999915592229,713,France,Female,52,0,185891.54,1,1,1,46369.57,1
15798424,999915798424,833,Germany,Male,59,1,130854.59,1,1,1,30722.52,1
15714750,999915714750,690,France,Female,42,3,92578.14,2,0,0,70810.6,0
15648800,999915648800,731,Germany,Female,21,8,132312.06,1,1,0,106663.46,1
15626147,999915626147,608,France,Female,62,8,144976.5,1,0,0,175836.03,1
15626608,999915626608,479,Spain,Male,48,5,87070.23,1,0,1,85646.41,0
15723250,999915723250,519,France,Male,42,8,0,2,1,1,101485.72,0
15592583,999915592583,731,France,Female,47,1,115414.19,3,0,0,191734.67,1
15759381,999915759381,617,Spain,Male,61,7,91070.43,1,1,1,101839.77,0
15585241,999915585241,756,Spain,Male,29,2,117412.19,2,1,0,4888.91,0
15589358,999915589358,848,Germany,Male,31,4,90018.45,2,1,0,193132.98,0
15672704,999915672704,809,France,Female,24,4,0,2,1,0,193518.76,0
15789955,999915789955,698,Germany,Male,56,1,112414.81,2,0,0,93982.02,1
15596800,999915596800,779,Germany,Male,33,1,158456.76,1,1,1,197000.92,1
15627305,999915627305,606,Spain,Male,35,7,0,1,1,0,106837.06,1
15645316,999915645316,612,Germany,Female,58,1,149641.53,1,1,1,115161.28,0
15593973,999915593973,663,Spain,Female,33,8,122528.18,1,1,0,196260.3,0
15647301,999915647301,549,Germany,Female,45,3,143734.01,2,1,1,96404.38,0
15750258,999915750258,675,France,Female,32,2,155663.31,1,1,0,97658.66,0
15685309,999915685309,669,France,Female,35,7,0,1,1,1,49108.23,1
15628205,999915628205,571,Germany,Female,34,1,101736.66,1,0,1,195651.66,0
15733974,999915733974,500,Spain,Male,37,9,125822.21,1,1,0,111698,0
15762110,999915762110,628,France,Male,37,0,0,2,1,1,171707.93,0
15706899,999915706899,559,France,Male,34,4,0,2,1,1,66721.98,0
15732660,999915732660,769,France,Female,27,2,0,1,1,1,57876.05,0
15656121,999915656121,733,Germany,Male,31,6,157791.07,2,0,0,177994.81,0
15614220,999915614220,750,France,Male,22,5,0,2,0,1,105125.65,0
15645269,999915645269,583,France,Female,42,4,0,2,1,0,17439.66,0
15698510,999915698510,468,Germany,Male,42,9,181627.14,2,1,0,172668.39,0
15569247,999915569247,727,Spain,Female,57,1,109679.72,1,0,1,753.37,0
15566251,999915566251,618,France,Female,37,5,96652.86,1,1,0,98686.4,1
15716134,999915716134,617,France,Male,40,5,190008.32,2,1,1,107047.92,0
15763625,999915763625,793,Spain,Male,41,9,0,2,1,0,152153.74,0
15605965,999915605965,630,France,Male,43,9,0,2,1,1,34338.04,0
15694821,999915694821,765,Germany,Male,43,4,148962.76,1,0,1,173878.87,1
15601688,999915601688,546,France,Male,28,8,0,1,1,0,159254.29,0
15575581,999915575581,614,Germany,Female,30,3,131344.52,2,1,0,54776.64,0
15671209,999915671209,593,Germany,Female,29,5,101713.84,3,1,0,134594.99,0
15616529,999915616529,613,Spain,Male,34,3,0,1,1,1,41724.72,0
15773906,999915773906,655,France,Male,38,4,0,2,0,0,110527.71,0
15722993,999915722993,700,France,Female,27,6,137963.07,1,0,0,8996.79,0
15752463,999915752463,826,Spain,Female,29,4,129938.07,1,0,1,190200.53,0
15589754,999915589754,652,Germany,Male,45,2,151421.44,1,0,1,115333.43,0
15669899,999915669899,755,Germany,Female,45,7,135643,1,0,0,143619.52,1
15766887,999915766887,538,Spain,Male,39,2,122773.5,2,1,1,58467.08,0
15768006,999915768006,729,France,Male,34,3,152303.8,1,1,0,12128.69,0
15741295,999915741295,615,France,Male,49,3,0,2,1,1,49872.33,0
15811327,999915811327,700,Spain,Male,54,1,79415.67,1,0,1,139735.54,0
15690007,999915690007,434,Germany,Female,58,9,125801.03,2,1,0,60891.8,1
15690664,999915690664,729,Spain,Male,37,10,0,2,1,0,100862.54,0
15719348,999915719348,513,France,Male,35,8,0,1,1,0,76640.29,1
15781802,999915781802,755,France,Male,41,6,104817.41,1,1,0,126013.58,1
15752731,999915752731,615,France,Female,30,9,0,1,1,0,87347.82,0
15600997,999915600997,747,Germany,Female,32,5,67495.04,2,0,1,77370.37,0
15750776,999915750776,850,France,Female,36,0,164850.54,1,1,1,62722.44,0
15723907,999915723907,712,Germany,Female,49,5,154776.42,2,0,0,196257.68,0
15633419,999915633419,622,Germany,Female,28,1,143124.63,2,1,0,81723.8,0
15702430,999915702430,548,France,Female,35,10,0,1,1,1,31299.71,0
15710456,999915710456,607,France,Female,27,2,0,2,1,0,63495.86,0
15650351,999915650351,653,France,Female,38,8,102133.38,1,1,1,166520.96,0
15590820,999915590820,699,Spain,Male,26,6,79932.41,1,0,0,150242.44,0
15640454,999915640454,693,Germany,Male,40,0,120711.73,1,0,0,27345.18,1
15697789,999915697789,647,Germany,Female,43,3,122717.53,2,1,1,87000.39,0
15808182,999915808182,478,Spain,Female,36,3,92363.3,2,1,0,44912.7,0
15588670,999915588670,705,Spain,Female,40,5,203715.15,1,1,0,179978.68,1
15721292,999915721292,719,Spain,Male,39,5,0,2,1,0,145759.7,0
15604217,999915604217,726,France,Male,34,9,0,2,0,0,14121.61,0
15651369,999915651369,626,France,Male,21,1,0,2,1,0,66232.23,0
15782454,999915782454,552,France,Male,49,4,0,1,1,1,190296.76,1
15814032,999915814032,807,Germany,Female,31,1,93460.47,2,0,0,172782.69,0
15570326,999915570326,621,France,Male,34,6,0,2,1,1,99128.13,0
15624428,999915624428,651,Germany,Female,24,7,40224.7,1,1,1,178341.33,0
15755638,999915755638,673,France,Female,43,5,168069.73,1,1,1,146992.24,1
15600992,999915600992,652,France,Male,36,1,0,2,1,1,151314.98,0
15755649,999915755649,584,Germany,Male,47,7,130538.77,1,1,0,92915.84,0
15795228,999915795228,756,France,Male,37,3,132623.6,1,1,1,58974,0
15589257,999915589257,670,France,Female,35,3,103465.02,2,1,1,174627.06,0
15719302,999915719302,765,France,Female,50,9,126547.8,1,1,1,79579.94,1
15639882,999915639882,528,France,Male,30,2,128262.72,2,1,0,50771.16,0
15791279,999915791279,701,France,Male,40,5,169742.64,1,1,1,153537.55,1
15636935,999915636935,797,France,Female,29,1,0,2,1,1,132975.39,0
15686909,999915686909,639,Germany,Male,27,3,150795.81,1,0,1,85208.93,0
15589572,999915589572,785,Spain,Female,61,4,129855.72,2,1,0,170214.82,1
15779947,999915779947,363,Spain,Female,28,6,146098.43,3,1,0,100615.14,1
15573769,999915573769,764,France,Female,24,7,0,2,1,0,186105.99,0
15578866,999915578866,676,France,Female,43,2,0,1,1,1,55119.53,0
15739131,999915739131,718,Germany,Male,28,4,65643.3,1,1,0,28760.99,0
15813444,999915813444,590,Spain,Female,34,6,0,2,1,0,171021.44,0
15678058,999915678058,584,France,Male,38,9,104584.16,1,1,0,176678.72,0
15769169,999915769169,645,France,Male,41,7,0,1,0,1,28667.56,0
15804602,999915804602,772,Germany,Male,30,6,99785.28,2,0,0,197238.03,0
15651052,999915651052,399,Germany,Male,46,2,127655.22,1,1,0,139994.68,1
15724334,999915724334,529,France,Male,22,5,0,1,1,0,151169.83,0
15569451,999915569451,463,France,Male,35,2,101257.16,1,1,1,118113.64,0
15650098,999915650098,630,France,Female,40,7,0,2,1,1,34453.17,0
15724307,999915724307,780,France,Male,76,10,121313.88,1,0,1,64872.33,0
15599268,999915599268,584,Spain,Male,32,5,0,2,1,0,10956.82,0
15594864,999915594864,752,Germany,Male,30,4,81523.38,1,1,1,36885.85,0
15616451,999915616451,697,France,Female,47,6,128252.66,1,1,1,168053.4,0
15715667,999915715667,850,France,Female,32,7,0,2,0,0,155227,0
15658969,999915658969,711,France,Male,51,7,0,3,1,0,38409.79,1
15738174,999915738174,452,France,Female,32,5,0,2,0,1,75279.39,0
15813590,999915813590,610,Spain,Male,42,6,0,2,1,0,158302.59,1
15624229,999915624229,694,France,Female,22,4,0,2,1,1,11525.72,0
15674148,999915674148,579,Spain,Male,33,6,0,1,1,0,94993.04,1
15625080,999915625080,745,Spain,Female,54,8,0,1,1,0,173912.29,1
15682528,999915682528,572,France,Male,33,5,0,1,0,1,41139.05,0
15696900,999915696900,505,Germany,Male,29,3,145541.56,2,1,1,58019.95,0
15730038,999915730038,706,France,Female,23,5,0,1,0,0,164128.41,1
15812272,999915812272,693,Germany,Male,44,5,124601.58,2,1,1,46998.13,1
15654654,999915654654,725,Germany,Female,33,7,115182.84,2,1,1,177279.41,0
15697625,999915697625,791,France,Male,37,2,163789.49,2,1,0,75832.53,0
15616280,999915616280,536,France,Male,46,1,65733.41,1,1,0,61094.53,0
15654229,999915654229,699,Spain,Male,47,1,0,2,0,1,30117.44,0
15628298,999915628298,500,Spain,Female,47,8,128486.11,1,1,0,179227.12,0
15733387,999915733387,707,Spain,Female,53,6,109663.47,1,1,1,52110.45,0
15775572,999915775572,531,Germany,Female,42,6,88324.31,2,1,0,75248.75,0
15613844,999915613844,557,France,Female,28,7,146445.24,2,1,0,184317.74,0
15578515,999915578515,659,France,Female,38,3,0,2,1,0,158553.1,0
15607598,999915607598,575,Spain,Female,31,6,0,2,1,1,95686.42,0
15742480,999915742480,775,Germany,Male,36,2,109949.05,2,0,1,71682.54,0
15749482,999915749482,772,Spain,Male,30,4,78653.05,1,1,0,1790.48,0
15607537,999915607537,587,Germany,Male,46,9,107850.82,1,1,0,139431,1
15575410,999915575410,667,Germany,Female,39,4,83765.35,2,1,0,118358.54,0
15684865,999915684865,771,France,Female,66,7,143773.07,1,1,1,130827.88,0
15600700,999915600700,523,Germany,Male,63,6,116227.27,1,1,1,119404.63,0
15774155,999915774155,662,Germany,Male,33,0,103471.52,1,1,1,162703,0
15634267,999915634267,717,France,Male,42,5,0,2,1,0,172665.21,0
15619626,999915619626,746,France,Male,24,3,137492.35,2,0,1,170142.09,0
15660422,999915660422,569,France,Male,28,7,0,2,1,0,73977.23,0
15617934,999915617934,579,France,Male,36,9,129829.59,1,1,1,60906.12,0
15760774,999915760774,519,France,Female,21,1,146329.57,2,1,1,194867.27,0
15813132,999915813132,696,Germany,Male,30,4,114027.7,1,1,1,193716.56,0
15593331,999915593331,693,Germany,Male,25,6,146580.69,1,0,1,14633.35,0
15616709,999915616709,587,Germany,Female,38,0,132122.42,2,0,0,31730.32,0
15658052,999915658052,626,France,Female,44,10,81553.93,1,1,0,20063.63,1
15721189,999915721189,666,France,Female,66,7,0,2,1,1,99792.82,0
15711288,999915711288,512,France,Male,24,6,0,2,1,0,37654.31,0
15770030,999915770030,689,Spain,Female,28,3,0,2,1,1,192449.02,0
15803681,999915803681,803,France,Female,26,4,0,2,1,1,181208.47,0
15702789,999915702789,548,Germany,Male,32,5,175214.71,1,1,1,155165.61,0
15814930,999915814930,588,Germany,Female,40,10,125534.51,1,1,0,121504.18,1
15658306,999915658306,693,France,Male,68,4,97705.99,1,1,1,61569.07,0
15699523,999915699523,499,Germany,Female,55,4,126817.65,2,1,0,123269.71,0
15610383,999915610383,628,France,Female,46,1,46870.43,4,1,0,31272.14,1
15615032,999915615032,624,Spain,Male,46,3,0,2,1,1,62825.03,0
15781989,999915781989,733,France,Male,42,9,120094.93,1,1,0,184056.45,0
15647402,999915647402,628,France,Female,38,3,0,2,1,1,48924.73,0
15740494,999915740494,633,France,Female,33,3,0,2,1,0,191111.02,0
15701265,999915701265,559,Germany,Female,36,1,104356.94,2,0,1,54184.06,0
15743532,999915743532,704,Germany,Male,27,5,147004.34,1,1,0,64381.33,1
15794870,999915794870,744,Germany,Male,38,6,73023.17,2,1,0,78770.86,0
15747591,999915747591,665,Spain,Female,40,1,173432.55,1,0,1,116766.79,0
15726557,999915726557,638,France,Female,42,7,165679.92,1,0,0,32916.29,0
15732199,999915732199,837,Spain,Male,31,9,104678.62,1,0,1,50972.6,0
15662291,999915662291,534,France,Female,55,8,116973.26,3,1,0,122066.5,1
15749050,999915749050,548,France,Female,36,3,0,1,1,0,65996.9,0
15781586,999915781586,837,Germany,Male,38,2,126732.85,1,1,1,79577.38,0
15617078,999915617078,658,France,Female,44,6,148481.09,1,1,0,130529.13,0
15723339,999915723339,554,France,Female,38,4,137654.05,2,1,1,172629.67,0
15671322,999915671322,724,Germany,Male,30,7,115315.04,1,1,0,15216.53,0
15793854,999915793854,723,France,Male,42,2,99095.73,1,1,1,17512.53,0
15756539,999915756539,585,Germany,Female,39,7,165610.41,2,0,0,131852.01,0
15612064,999915612064,474,France,Male,33,5,0,2,1,0,181945.52,1
15625916,999915625916,562,Spain,Male,32,6,161628.66,1,1,0,91482.5,0
15683195,999915683195,719,France,Male,32,9,146605.27,1,1,1,77119.45,0
15690182,999915690182,635,Germany,Male,37,5,113488.68,1,1,0,95611.74,1
15721719,999915721719,743,France,Male,42,7,77002.2,2,1,1,80428.42,0
15641690,999915641690,681,Spain,Male,67,7,0,2,0,1,163714.92,0
15634896,999915634896,521,France,Female,39,6,0,2,0,1,27375.15,0
15671590,999915671590,741,Spain,Male,25,4,0,2,1,1,73873.65,0
15779182,999915779182,790,Spain,Male,46,8,182364.53,1,0,0,139266.48,1
15778287,999915778287,622,France,Male,35,8,0,2,1,1,131772.51,0
15609510,999915609510,669,France,Male,45,7,149364.58,1,0,1,173454.07,0
15742229,999915742229,583,France,Male,59,7,127450.14,1,0,1,67552.71,0
15658532,999915658532,520,Spain,Female,63,5,162278.32,1,1,1,34765.33,0
15590993,999915590993,579,Spain,Male,37,5,152212.88,2,0,0,120219.14,0
15565701,999915565701,698,Spain,Female,39,9,161993.89,1,0,0,90212.38,0
15597239,999915597239,548,Spain,Male,39,7,131468.44,1,1,0,164975.82,0
15688880,999915688880,672,Germany,Male,40,10,102980.44,1,1,0,1285.81,1
15813917,999915813917,653,Germany,Male,31,9,143321.97,1,1,0,83679.46,0
15679611,999915679611,734,Spain,Female,37,2,130404.92,1,0,0,34548.74,0
15636589,999915636589,794,France,Female,41,7,0,2,1,1,74275.08,0
15687752,999915687752,641,France,Male,30,2,87505.47,2,0,1,7278.57,0
15584363,999915584363,824,France,Male,30,0,133634.02,1,1,1,162053.92,0
15737748,999915737748,534,Spain,Female,33,3,151233.62,1,0,0,199336.63,0
15803365,999915803365,653,Spain,Male,55,2,70263.83,1,0,1,62347.71,0
15793247,999915793247,498,France,Male,34,5,0,2,1,1,91711.66,0
15572360,999915572360,683,France,Male,30,10,57657.49,1,0,0,79240.9,0
15795166,999915795166,618,Germany,Male,42,8,153572.31,2,1,1,76679.6,0
15724620,999915724620,538,France,Male,37,1,134752.08,1,1,0,162511.55,0
15800856,999915800856,643,Spain,Male,34,3,83132.09,1,1,1,21360.88,0
15671097,999915671097,428,France,Female,31,2,0,2,1,0,54487.43,0
15683930,999915683930,593,Germany,Female,32,9,134096.53,2,1,0,53931.05,1
15749004,999915749004,718,France,Female,31,0,118100.59,2,1,0,103165.15,0
15800434,999915800434,811,Germany,Male,52,10,76915.4,1,0,0,146359.81,1
15709117,999915709117,823,Spain,Female,46,3,81576.75,1,1,1,28370.95,1
15638806,999915638806,645,Spain,Male,49,2,0,2,0,0,10023.15,0
15662294,999915662294,710,France,Male,33,10,118327.17,2,1,1,192928.82,0
15690079,999915690079,591,Spain,Male,30,8,124857.69,2,0,0,50485.7,0
15759317,999915759317,748,Germany,Female,27,2,90971.85,1,1,1,131662.47,0
15750497,999915750497,850,France,Female,37,7,153147.75,1,1,1,152235.3,0
15596181,999915596181,542,France,Male,38,8,65942.26,1,1,1,68093.23,1
15576602,999915576602,809,France,Male,38,3,0,2,1,1,80061.31,0
15644833,999915644833,675,France,Male,54,2,0,1,1,0,149583.67,1
15734634,999915734634,607,Spain,Female,27,5,100912.19,1,0,0,7631.27,0
15808689,999915808689,850,France,Female,31,4,0,2,1,1,33082.81,0
15720702,999915720702,789,France,Male,37,3,0,1,1,0,121883.87,1
15665077,999915665077,598,France,Female,43,5,0,3,1,1,100722.72,1
15763612,999915763612,756,Germany,Male,41,2,124439.49,2,0,1,47093.11,0
15596493,999915596493,687,France,Female,47,7,0,2,1,1,177624.01,0
15704483,999915704483,724,France,Male,40,6,0,2,0,0,106149.48,0
15598846,999915598846,700,France,Female,44,2,58781.76,1,1,0,16874.92,0
15629244,999915629244,635,Spain,Male,50,7,159453.64,2,0,0,54560.79,1
15765537,999915765537,687,Germany,Male,26,2,142721.52,1,1,1,153605.75,0
15729975,999915729975,613,France,Female,46,8,167795.6,1,0,1,44390.38,0
15682773,999915682773,781,France,Female,38,3,128345.69,2,1,0,63218.85,0
15688007,999915688007,703,Spain,Male,20,3,165260.98,1,1,1,41626.78,0
15574331,999915574331,593,Germany,Female,62,3,118233.81,1,0,1,24765.53,1
15645572,999915645572,743,France,Female,40,6,0,1,1,0,28280.8,1
15742854,999915742854,640,Spain,Female,46,8,0,2,1,0,89043.19,0
15575417,999915575417,849,Germany,Male,37,7,143452.74,2,1,1,17294.12,0
15796721,999915796721,778,France,Male,38,3,145018.49,2,1,1,126702.41,0
15734942,999915734942,539,Germany,Female,38,8,82407.51,1,1,0,13123.41,0
15664772,999915664772,489,Germany,Male,28,1,79460.98,2,1,1,167973.63,0
15576683,999915576683,568,Spain,Female,43,9,0,1,1,0,125870.79,1
15682563,999915682563,618,Spain,Male,38,5,126473.99,1,1,0,91972.49,0
15650889,999915650889,710,Germany,Female,30,10,133537.1,2,1,0,155593.74,0
15612108,999915612108,625,France,Male,52,5,164978.01,1,1,1,67788.49,0
15761132,999915761132,682,Spain,Male,46,7,128029.72,1,1,1,62615.35,0
15645511,999915645511,727,Spain,Male,43,2,97403.18,1,1,1,107415.02,1
15609824,999915609824,794,France,Female,41,7,176845.41,3,1,0,166526.26,1
15640268,999915640268,652,Spain,Male,71,4,0,1,1,1,120107.1,0
15645778,999915645778,670,Spain,Male,42,3,81589.04,1,1,0,188227.8,0
15691104,999915691104,460,Germany,Female,40,6,119507.58,2,1,0,91560.63,1
15714567,999915714567,568,Spain,Female,26,6,0,2,0,0,166495.2,0
15777826,999915777826,643,France,Male,30,5,94443.77,1,1,1,165614.4,0
15668445,999915668445,521,France,Male,37,2,0,2,1,1,86372.24,0
15576162,999915576162,615,France,Male,32,7,92199.84,1,1,1,2755.53,0
15778135,999915778135,575,Spain,Male,43,3,0,1,1,0,83594.51,0
15613141,999915613141,717,France,Female,41,3,135756.96,1,1,1,103706.41,0
15635435,999915635435,648,France,Female,54,9,120633.42,1,0,0,5924.38,1
15596552,999915596552,535,Germany,Male,48,5,134542.73,1,1,1,58203.67,1
15623644,999915623644,626,Spain,Male,29,7,0,2,1,0,49361.84,0
15683403,999915683403,611,Spain,Male,52,7,0,1,0,1,73585.18,1
15615029,999915615029,734,Spain,Male,39,6,0,1,1,1,95135.27,0
15769005,999915769005,709,France,Male,49,4,154344.49,2,1,1,38794.57,0
15746326,999915746326,591,France,Male,43,3,0,2,0,1,198926.36,0
15722364,999915722364,664,France,Male,43,9,189026.53,2,1,1,56099.86,0
15704954,999915704954,431,France,Male,37,0,120764.08,1,1,1,117023.08,0
15694409,999915694409,647,Germany,Female,22,3,97975.82,2,0,1,62083,0
15754068,999915754068,578,France,Male,32,4,0,2,1,1,141822.8,0
15683841,999915683841,555,Germany,Male,41,10,113270.2,2,1,1,185387.14,0
15789095,999915789095,775,Spain,Male,30,4,0,2,0,1,57461.13,0
15719958,999915719958,850,Germany,Male,39,3,124548.99,2,1,1,120380.12,0
15689514,999915689514,625,France,Male,43,8,201696.07,1,1,0,133020.9,1
15621353,999915621353,645,Spain,Female,37,7,0,2,1,0,13589.93,0
15627232,999915627232,608,Germany,Male,44,7,114203.47,1,1,1,77830.36,1
15745843,999915745843,689,Spain,Female,31,4,0,2,1,1,136610.02,0
15722902,999915722902,652,Germany,Male,50,8,125437.64,1,1,1,17160.94,1
15791767,999915791767,769,France,Female,26,7,0,2,1,0,176843.53,0
15792722,999915792722,611,France,Female,43,8,64897.75,1,1,0,114996.33,0
15723006,999915723006,489,France,Male,38,8,0,2,0,1,196990.79,0
15771942,999915771942,528,Germany,Female,46,9,135555.66,1,1,0,133146.03,1
15774738,999915774738,632,France,Male,44,3,107764.75,1,1,0,185667.72,0
15574004,999915574004,429,France,Female,27,6,117307.44,2,1,1,24020.49,0
15587233,999915587233,457,France,Male,41,8,73700.12,3,1,1,185750.02,1
15808228,999915808228,768,Spain,Female,44,6,60603.4,1,1,1,178045.97,0
15682834,999915682834,715,Spain,Female,35,4,40169.88,2,1,1,199857.47,0
15571752,999915571752,668,Germany,Female,32,10,92041.87,1,1,1,43595.9,0
15743067,999915743067,625,Germany,Male,26,3,130483.95,1,1,0,122810.53,0
15714466,999915714466,846,France,Female,41,5,0,3,1,0,3440.47,1
15617982,999915617982,661,Spain,Female,42,3,0,2,1,0,35989.41,0
15696637,999915696637,571,France,Female,23,10,151097.28,1,0,1,17163.75,0
15690647,999915690647,582,Spain,Female,46,8,67563.31,1,1,0,44506.09,1
15672756,999915672756,716,France,Female,35,8,112808.18,1,0,1,17848.3,0
15704586,999915704586,758,France,Female,42,7,0,2,0,1,76209.56,0
15674526,999915674526,725,France,Male,66,4,86459.8,1,1,1,141476.56,0
15775295,999915775295,630,France,Female,40,0,118633.08,1,0,1,60032.46,1
15684196,999915684196,627,France,Female,55,2,159441.27,1,1,0,100686.11,1
15727281,999915727281,653,France,Female,27,9,0,2,1,0,96429.29,0
15787835,999915787835,775,Germany,Female,38,4,125212.65,2,1,1,15795.88,1
15730540,999915730540,794,Spain,Male,45,8,88656.37,2,1,0,116547.31,0
15646276,999915646276,831,France,Female,32,2,146033.62,1,1,0,191260.74,0
15582180,999915582180,561,France,Male,29,9,120268.13,1,1,1,173870.39,0
15697095,999915697095,705,Spain,Male,46,7,0,2,1,0,117273.35,0
15748797,999915748797,636,Spain,Female,33,0,0,1,1,0,92277.47,1
15754796,999915754796,487,Germany,Female,46,4,135070.58,2,1,1,44244.49,1
15628947,999915628947,693,France,Female,38,3,0,2,0,0,78133.48,1
15775546,999915775546,517,Spain,Female,29,5,0,2,1,0,103402.88,0
15670481,999915670481,684,France,Female,27,9,122550.05,2,0,1,137835.82,0
15619029,999915619029,620,Spain,Female,43,2,0,2,1,0,20670.1,0
15613282,999915613282,757,France,Male,29,8,130306.49,1,1,0,77469.38,0
15721487,999915721487,739,France,Female,27,6,0,1,1,1,57572.38,0
15797276,999915797276,662,Spain,Female,41,4,90350.77,1,1,0,75884.65,1
15612494,999915612494,359,France,Female,44,6,128747.69,1,1,0,146955.71,1
15629617,999915629617,572,Spain,Male,23,2,126873.52,1,0,1,67040.12,0
15600821,999915600821,721,France,Male,69,2,108424.19,1,1,1,178418.35,0
15579062,999915579062,707,France,Male,32,9,0,2,0,0,30807.02,0
15814268,999915814268,444,France,Female,40,5,84350.07,1,1,0,143835.76,0
15710164,999915710164,523,France,Female,73,7,0,2,0,0,130883.9,1
15693904,999915693904,685,Germany,Female,30,4,84958.6,2,0,1,194343.72,0
15588986,999915588986,673,Germany,Female,29,4,99097.36,1,1,1,9796.69,0
15797733,999915797733,503,Germany,Male,30,10,136622.55,2,0,0,47310.24,0
15620507,999915620507,485,Germany,Female,30,5,156771.68,1,1,1,141148.21,0
15685150,999915685150,799,Germany,Male,28,7,167658.33,2,1,1,111138.25,0
15667651,999915667651,585,Spain,Female,33,8,0,2,1,0,114182.07,0
15774166,999915774166,607,Germany,Female,24,2,109483.54,2,0,1,127560.77,0
15649280,999915649280,521,Germany,Female,40,9,134504.78,1,1,0,18082.06,0
15705657,999915705657,535,France,Female,44,2,114427.86,1,1,1,136330.26,0
15753969,999915753969,724,Spain,Male,45,5,83888.54,1,0,1,34121.81,0
15742378,999915742378,520,Germany,Male,32,5,110029.77,1,1,0,56246.69,0
15794874,999915794874,696,Spain,Male,41,9,127523.75,1,0,1,191417.42,0
15589221,999915589221,657,Germany,Male,30,1,139762.13,2,1,1,23317.88,0
15596671,999915596671,603,Spain,Female,42,8,91611.12,1,0,0,144675.3,1
15583668,999915583668,726,France,Female,42,2,109471.79,1,0,1,175161.05,0
15710206,999915710206,591,France,Female,39,4,150500.64,1,1,0,14928.8,0
15799966,999915799966,792,Germany,Female,59,9,101609.77,1,0,0,161479.19,1
15794560,999915794560,550,France,Male,57,5,0,1,1,1,133501.94,0
15626485,999915626485,601,France,Female,26,8,78892.23,1,1,1,23703.52,0
15703143,999915703143,820,France,Female,29,3,82344.84,1,0,1,115985.38,0
15809772,999915809772,667,France,Male,48,2,0,1,1,0,43229.2,0
15687959,999915687959,573,Spain,Female,44,4,0,1,1,1,94862.93,0
15585282,999915585282,755,France,Male,62,1,127706.33,2,0,1,142377.69,0
15714993,999915714993,552,France,Female,41,9,124349.34,1,1,0,135635.25,0
15596021,999915596021,598,Spain,Male,44,8,0,2,1,0,148487.9,0
15646615,999915646615,576,Germany,Male,28,1,119336.29,2,0,1,58976.85,0
15742632,999915742632,670,France,Female,31,9,0,1,0,1,76254.83,0
15574068,999915574068,504,Germany,Male,56,9,104217.3,1,0,0,55857.48,1
15806967,999915806967,778,France,Female,65,7,0,1,1,1,77867.23,0
15796334,999915796334,558,Germany,Male,39,10,144757.02,1,1,0,22878.16,1
15688713,999915688713,627,Spain,Male,44,6,0,1,1,1,114469.55,0
15796179,999915796179,683,France,Male,43,8,0,1,1,0,96754.8,0
15598751,999915598751,556,France,Female,43,6,0,3,0,0,125154.57,1
15703019,999915703019,583,France,Female,38,10,0,2,0,1,113597.64,0
15646302,999915646302,705,France,Female,24,7,100169.51,1,1,0,121408.55,0
15680855,999915680855,637,France,Male,33,2,145731.83,1,0,1,109219.43,0
15697311,999915697311,697,Spain,Male,56,5,110802.03,1,1,1,50230.31,1
15585367,999915585367,555,Germany,Female,46,4,120392.99,1,1,0,177719.88,1
15726556,999915726556,594,Germany,Female,26,6,135067.52,2,0,0,131211.86,0
15676242,999915676242,632,Spain,Male,31,3,136556.44,1,1,0,82152.83,1
15684198,999915684198,551,France,Female,38,10,0,2,1,1,216.27,0
15774882,999915774882,687,France,Female,35,3,99587.43,1,1,1,1713.1,1
15714227,999915714227,672,France,Female,53,7,0,1,1,1,136910.18,0
15608653,999915608653,521,Spain,Female,34,7,70731.07,1,1,1,20243.97,1
15784280,999915784280,686,Germany,Male,35,2,109342.82,2,0,1,86043.27,0
15789546,999915789546,639,Spain,Male,28,8,0,2,1,0,126561.07,0
15590320,999915590320,850,France,Male,66,4,0,2,0,1,64350.8,0
15678385,999915678385,465,France,Male,25,2,78247.31,2,1,1,10472.31,0
15571778,999915571778,817,France,Female,55,10,117561.49,1,1,0,95941.55,1
15657085,999915657085,578,France,Male,23,10,88980.32,1,1,1,125222.36,0
15640627,999915640627,611,Spain,Male,34,4,0,2,1,0,170950.58,0
15566211,999915566211,616,Germany,Female,41,1,103560.57,1,1,0,236.45,1
15669293,999915669293,517,France,Male,37,5,113308.84,1,0,1,31517.16,0
15595067,999915595067,637,Spain,Female,40,6,0,2,1,1,181610.6,0
15753566,999915753566,806,France,Female,32,3,63763.49,1,1,0,156593.09,0
15650391,999915650391,633,France,Female,29,7,169988.35,1,1,0,4272,0
15681843,999915681843,624,Germany,Female,35,0,180303.24,2,1,0,163587.9,0
15814846,999915814846,691,France,Male,52,3,0,1,1,0,175843.68,1
15670374,999915670374,819,Germany,Female,49,1,120656.86,4,0,0,166164.3,1
15762332,999915762332,568,Germany,Female,31,1,61592.14,2,1,1,61796.64,0
15700223,999915700223,806,France,Male,48,4,164701.68,1,1,1,21439.49,0
15729956,999915729956,726,Spain,Female,26,1,80780.16,1,1,1,19225.85,0
15594862,999915594862,552,France,Male,36,8,0,2,0,0,132547.02,0
15598782,999915598782,755,Germany,Female,30,6,154221.37,2,0,1,62688.55,0
15745080,999915745080,634,France,Male,26,8,0,1,1,0,21760.96,0
15703399,999915703399,756,France,Female,26,5,101641.14,2,0,1,154460.68,0
15732175,999915732175,776,France,Male,37,2,0,1,0,1,8065,0
15630725,999915630725,649,France,Female,45,5,92786.66,1,1,0,173365.9,1
15640260,999915640260,595,Germany,Male,32,8,131081.66,2,1,1,69428.79,0
15716822,999915716822,646,France,Male,30,5,98014.74,1,1,1,12757.14,0
15583748,999915583748,592,Spain,Male,38,8,0,2,1,0,180426.2,0
15605968,999915605968,574,France,Male,26,8,97460.1,1,1,1,43093.67,0
15790683,999915790683,850,France,Male,36,1,104077.19,2,0,1,68594,0
15607713,999915607713,850,Spain,Female,29,1,0,2,1,1,197996.65,0
15700212,999915700212,475,France,Female,46,10,0,2,0,0,122953,1
15626710,999915626710,642,France,Female,39,4,0,1,1,1,76821.24,0
15716491,999915716491,710,Spain,Female,51,4,93656.95,1,0,1,141400.51,1
15625824,999915625824,596,Spain,Male,30,6,121345.88,4,1,0,41921.75,1
15617705,999915617705,609,France,Female,39,8,141675.23,1,0,1,175664.25,0
15761976,999915761976,797,Spain,Female,31,8,0,2,1,0,117916.63,0
15634891,999915634891,504,Germany,Female,43,7,102365.49,1,1,0,194690.77,1
15744517,999915744517,735,Spain,Male,50,9,0,1,0,0,166677.35,1
15686963,999915686963,680,Spain,Female,30,3,0,1,1,0,160131.58,0
15808189,999915808189,449,France,Male,52,6,0,2,0,1,123622,0
15580845,999915580845,685,Germany,Male,57,7,101868.51,1,0,1,113483.96,0
15799156,999915799156,569,Spain,Male,38,8,0,2,0,0,79618.79,0
15694296,999915694296,631,France,Male,35,9,112392.45,2,1,0,24472.23,0
15677049,999915677049,595,Germany,Female,25,7,106570.34,2,0,1,177025.79,0
15583595,999915583595,461,France,Female,28,8,0,1,1,1,103349.74,0
15590146,999915590146,630,France,Male,50,1,81947.76,1,0,1,63606.22,1
15801548,999915801548,661,France,Female,31,7,144162.3,2,1,1,14490.79,0
15660833,999915660833,796,Germany,Male,39,5,86350.87,2,0,0,105080.53,0
15762277,999915762277,710,France,Male,47,5,158623.14,1,0,0,83499.89,1
15791302,999915791302,741,France,Male,32,8,0,2,1,0,143598.7,0
15798975,999915798975,606,Germany,Male,48,4,132403.56,1,0,0,36091.91,1
15599956,999915599956,747,France,Male,27,10,0,2,0,0,13007.89,0
15577274,999915577274,549,Germany,Female,43,3,134985.66,1,1,0,6101.41,0
15701200,999915701200,576,France,Male,36,6,0,2,1,1,48314,0
15638149,999915638149,528,France,Male,37,6,103772.45,1,1,0,197111.99,0
15786199,999915786199,535,France,Male,33,2,133040.32,1,1,1,110299.78,0
15701765,999915701765,575,Spain,Female,37,0,0,2,0,0,30114.32,0
15586974,999915586974,656,France,Male,39,10,0,2,1,1,98894.64,0
15729040,999915729040,440,France,Male,42,2,0,2,1,0,49826.68,0
15788676,999915788676,539,Spain,Male,38,8,71460.67,2,1,1,10074.05,0
15602497,999915602497,850,Spain,Male,39,6,133214.13,1,0,1,20769.88,0
15701333,999915701333,646,France,Female,37,7,96558.66,1,0,0,163427.18,0
15812071,999915812071,744,France,Male,54,6,93806.31,2,0,1,140068.77,0
15634375,999915634375,710,Spain,Female,36,8,0,2,0,0,83206.19,0
15738267,999915738267,544,France,Female,64,3,124043.8,1,1,1,111402.97,1
15786800,999915786800,723,Germany,Male,52,5,131694.97,1,0,1,92873.5,1
15591130,999915591130,507,Spain,Female,29,6,0,2,0,1,94780.9,0
15720662,999915720662,787,France,Female,35,1,106266.8,1,1,1,16607.15,0
15751531,999915751531,598,Spain,Male,41,8,0,2,1,1,161954.43,0
15653595,999915653595,796,France,Male,51,6,0,2,0,1,194733.28,0
15568360,999915568360,569,Spain,Female,41,4,139840.36,1,1,1,163524.7,0
15781210,999915781210,711,France,Male,34,8,0,2,0,0,48260.19,0
15668058,999915668058,661,Germany,Male,35,8,124098.54,1,1,0,86678.48,0
15597131,999915597131,415,France,Male,32,5,145807.59,1,1,1,3064.65,0
15697283,999915697283,578,Spain,Male,23,8,0,2,1,0,112124.98,0
15640953,999915640953,611,France,Female,26,2,107508.93,2,1,1,120801.65,0
15715031,999915715031,600,France,Female,28,6,0,2,0,1,52193.23,0
15589660,999915589660,661,Germany,Female,32,1,145980.23,1,0,1,56636.28,0
15769818,999915769818,850,France,Female,37,3,212778.2,1,0,1,69372.88,0
15782736,999915782736,573,Germany,Female,47,4,152522.47,1,0,1,164038.07,1
15614818,999915614818,764,Spain,Female,33,9,168964.77,1,0,1,118982.51,0
15794014,999915794014,838,France,Female,34,8,0,2,1,0,27472.07,0
15732448,999915732448,821,France,Female,28,8,0,1,1,1,36754.13,0
15723411,999915723411,607,Spain,Female,36,4,98266.3,1,1,1,46416.36,0
15797686,999915797686,558,France,Male,38,8,113000.92,1,1,1,152872.39,0
15605950,999915605950,530,Germany,Male,23,1,137060.88,2,1,1,165227.23,0
15812497,999915812497,654,Germany,Male,37,5,112146.12,1,1,0,75927.35,0
15690678,999915690678,530,France,Female,33,4,129307.32,1,1,1,172930.28,0
15747677,999915747677,656,Spain,Male,69,6,163975.09,1,1,1,36108.5,0
15618926,999915618926,520,Spain,Male,43,7,0,2,1,1,36202.74,0
15673908,999915673908,602,Germany,Female,42,6,158414.85,1,1,1,131886.46,0
15727944,999915727944,701,Germany,Female,48,1,92072.68,1,1,1,133992.36,0
15807294,999915807294,653,Spain,Female,30,2,88243.29,2,1,1,96658.26,0
15618581,999915618581,668,Spain,Male,25,8,0,2,1,1,135112.09,0
15584364,999915584364,652,France,Male,48,4,59486.31,1,1,0,163944.18,1
15599552,999915599552,639,Spain,Female,54,2,0,2,1,1,53843.71,0
15749177,999915749177,730,Spain,Female,52,7,0,2,0,1,122398.84,0
15718779,999915718779,780,France,Male,34,1,0,1,1,1,64804.04,0
15568106,999915568106,592,France,Female,38,8,119278.01,2,0,1,19370.73,0
15779481,999915779481,628,France,Male,34,4,158741.43,2,1,1,126192.54,0
15709994,999915709994,658,France,Female,40,7,140596.95,1,0,1,135459.02,1
15772777,999915772777,850,Spain,Female,29,10,0,2,1,1,94815.04,0
15706815,999915706815,515,Germany,Male,37,2,90432.92,1,1,1,188366.04,1
15618018,999915618018,571,France,Female,35,1,104783.81,2,0,1,178512.52,0
15671032,999915671032,760,Germany,Male,42,0,77992.97,2,1,1,97906.38,0
15634281,999915634281,720,Germany,Female,43,10,110822.9,1,0,0,72861.94,0
15766374,999915766374,632,Germany,Male,42,4,119624.6,2,1,1,195978.86,0
15600991,999915600991,694,Germany,Male,31,6,109052.59,2,1,1,19448.93,1
15777576,999915777576,559,Spain,Female,40,5,139129.44,1,0,1,32635.54,0
15742613,999915742613,773,Germany,Female,42,8,152324.66,2,1,0,171733.22,0
15649523,999915649523,581,France,Male,38,1,0,2,1,0,46176.22,0
15651063,999915651063,524,Germany,Female,37,9,127480.58,2,1,0,179634.69,0
15683124,999915683124,713,France,Male,53,6,115029.4,1,0,0,191521.32,1
15618314,999915618314,676,France,Male,40,8,114005.78,1,1,1,67998.45,0
15670823,999915670823,651,Germany,Female,42,1,116646.76,1,1,0,44731.8,1
15607133,999915607133,717,Spain,Female,49,1,110864.38,2,1,1,124532.9,1
15615012,999915615012,594,France,Male,23,5,156267.59,1,1,0,160968.44,0
15725141,999915725141,716,France,Female,44,3,109528.28,1,1,0,27341.63,1
15623560,999915623560,668,France,Female,35,6,102482.76,1,1,1,53994.64,0
15693018,999915693018,678,Germany,Male,23,10,115563.71,1,1,1,91633.53,0
15636756,999915636756,545,France,Male,23,2,0,2,1,0,189613.12,0
15647474,999915647474,613,France,Female,40,9,95624.36,2,1,1,60706.33,0
15576714,999915576714,687,Spain,Female,21,8,0,2,1,1,154767.34,0
15585047,999915585047,715,France,Male,28,7,160376.61,1,0,0,196853.11,0
15743976,999915743976,618,Germany,Male,41,8,37702.79,1,1,1,195775.48,0
15793881,999915793881,721,France,Female,35,6,118273.83,1,0,1,3086.89,0
15576517,999915576517,445,Germany,Female,34,7,131082.17,2,1,1,70618,0
15631072,999915631072,690,France,Male,38,1,94456,2,0,1,55034.02,0
15730394,999915730394,709,France,Female,43,8,0,2,0,0,168035.62,1
15631460,999915631460,671,Spain,Female,42,3,0,2,1,1,128449.33,0
15692002,999915692002,538,France,Male,33,6,93791.38,1,1,1,199249.29,0
15595282,999915595282,735,France,Female,33,4,0,2,1,0,149474.69,0
15789548,999915789548,592,France,Female,37,7,0,2,1,1,126726.33,0
15758035,999915758035,747,France,Male,61,7,155973.13,1,0,1,147554.26,0
15617518,999915617518,675,Germany,Male,36,7,89409.95,1,1,1,149399.7,0
15651802,999915651802,632,Spain,Female,39,5,97854.37,2,1,0,93536.38,0
15631813,999915631813,621,France,Male,39,6,0,2,1,1,58883.91,0
15729668,999915729668,521,Spain,Male,29,3,60280.62,1,1,0,154271.41,0
15741728,999915741728,591,Spain,Male,36,7,135216.8,1,1,1,122022.89,0
15576676,999915576676,706,Germany,Female,28,6,124923.35,2,1,1,50299.14,0
15711378,999915711378,677,France,Male,38,4,0,2,1,0,187800.63,0
15765520,999915765520,769,Germany,Male,27,7,188614.07,1,1,0,171344.09,0
15656726,999915656726,771,France,Male,32,5,62321.62,1,1,1,40920.59,0
15647842,999915647842,601,Germany,Female,48,8,120782.7,1,1,0,63940.68,1
15719309,999915719309,670,France,Female,42,1,115961.58,2,0,1,29483.87,0
15748718,999915748718,517,France,Male,28,2,115062.61,1,1,0,179056.23,0
15594404,999915594404,834,France,Female,49,8,160602.25,2,1,0,129273.94,0
15751158,999915751158,571,France,Female,42,4,108825.34,3,1,0,55558.51,1
15593470,999915593470,576,Germany,Female,36,8,166287.85,1,1,1,23305.85,0
15695129,999915695129,718,France,Female,31,1,152663.77,1,0,1,17128.64,0
15640865,999915640865,636,Germany,Female,31,9,80844.69,2,1,1,74641.9,0
15714080,999915714080,566,Germany,Female,40,2,97001.36,2,1,0,154486.01,0
15648721,999915648721,711,France,Male,64,4,0,2,1,1,3185.67,0
15801466,999915801466,574,France,Female,39,2,122524.61,2,1,0,88463.63,0
15750248,999915750248,619,France,Female,35,8,132292.63,1,1,0,65682.93,0
15758726,999915758726,588,France,Female,24,0,0,2,1,1,140586.08,0
15781553,999915781553,760,Germany,Female,49,9,91502.99,1,1,0,117232.9,1
15649121,999915649121,665,France,Male,52,3,0,1,1,0,116137.01,1
15674811,999915674811,739,Germany,Male,29,3,59385.98,2,1,1,105533.96,0
15646037,999915646037,641,France,Male,77,9,0,3,1,1,81514.06,0
15722578,999915722578,685,Germany,Female,21,6,97956.5,1,1,1,164966.27,0
15665695,999915665695,594,France,Female,49,4,0,2,1,1,23631.55,0
15801062,999915801062,557,Spain,Female,40,4,0,2,0,1,105433.53,0
15662955,999915662955,697,France,Male,27,8,141223.68,2,1,0,90591.15,0
15770309,999915770309,656,France,Male,18,10,151762.74,1,0,1,127014.32,0
15657386,999915657386,712,Germany,Male,43,1,141749.74,2,0,1,90905.26,0
15777797,999915777797,689,Spain,Male,38,5,75075.14,1,1,1,8651.92,1
15783955,999915783955,697,France,Female,25,4,165686.11,2,1,0,15467.98,0
15804516,999915804516,589,France,Male,38,2,0,1,1,0,79915.28,0
15681758,999915681758,525,Spain,Female,25,10,0,2,1,0,69361.95,0
15630321,999915630321,680,France,Male,44,3,0,2,1,0,86935.08,0
15588248,999915588248,617,France,Female,28,0,0,2,1,1,7597.83,1
15591932,999915591932,680,France,Male,32,5,92961.61,1,1,0,116957.6,0
15810347,999915810347,662,Spain,Female,30,9,0,2,0,1,157884.83,0
15595303,999915595303,736,Germany,Male,46,5,130812.91,1,1,1,77981.54,1
15634950,999915634950,657,Germany,Male,57,8,107174.58,1,1,1,126369.55,1
15685372,999915685372,350,Spain,Male,54,1,152677.48,1,1,1,191973.49,1
15745827,999915745827,617,France,Male,30,3,132005.77,1,1,0,142940.39,0
15755868,999915755868,562,France,Male,35,7,0,1,0,0,48869.67,0
15735222,999915735222,705,Spain,Female,23,5,0,2,1,1,73131.73,0
15604804,999915604804,516,France,Female,33,7,127305.5,1,1,1,120037.36,0
15718944,999915718944,573,France,Female,37,6,0,2,1,0,193995.37,0
15678626,999915678626,538,Spain,Female,31,0,0,2,0,0,179453.66,0
15571550,999915571550,699,France,Male,39,9,0,1,1,0,80963.92,0
15723053,999915723053,504,Germany,Male,32,8,170291.22,2,0,1,15658.99,0
15661528,999915661528,583,Spain,Male,47,5,102562.23,1,1,0,92708.1,0
15754177,999915754177,712,Spain,Male,53,2,111061.01,2,0,0,26542.17,0
15683544,999915683544,626,Spain,Male,62,3,0,1,1,1,65010.74,0
15708048,999915708048,631,France,Female,34,4,124379.14,1,1,0,106892.91,0
15701109,999915701109,663,France,Female,37,7,0,1,1,1,185210.63,0
15600110,999915600110,506,Germany,Female,41,3,57745.76,1,1,0,4035.46,0
15651533,999915651533,570,Germany,Female,50,5,129293.74,1,1,0,177805.44,1
15777904,999915777904,703,France,Female,45,7,0,2,1,1,68831.72,0
15655574,999915655574,698,Germany,Female,40,8,150777.1,1,1,0,114732.62,0
15569423,999915569423,731,Spain,Male,41,4,0,2,1,0,22299.27,0
15718106,999915718106,625,France,Male,34,6,0,2,0,0,197283.2,0
15585067,999915585067,634,Spain,Male,31,9,108632.48,1,1,1,179485.96,1
15675501,999915675501,616,France,Male,59,5,153861.1,1,1,1,17699.48,0
15633233,999915633233,500,France,Male,56,1,100374.58,1,1,0,118490.8,1
15667134,999915667134,446,France,Male,32,8,0,2,0,0,133292.94,0
15659105,999915659105,669,France,Female,47,9,61196.54,1,1,0,58170.24,0
15575409,999915575409,581,Germany,Male,31,6,116891.72,1,1,0,107137.3,0
15752342,999915752342,704,Germany,Female,54,6,133656.91,3,1,0,145071.33,1
15654851,999915654851,748,France,Male,44,2,92911.52,1,0,1,85495.24,0
15741429,999915741429,680,Spain,Female,31,9,119825.75,2,1,1,101139.3,0
15682356,999915682356,655,France,Female,37,7,111852.84,2,1,0,10511.13,0
15806447,999915806447,690,Germany,Male,32,0,106683.52,2,1,1,137916.49,0
15800229,999915800229,695,Germany,Male,40,7,139022.24,1,0,1,193383.13,0
15663441,999915663441,700,Germany,Female,40,4,148571.07,1,1,0,189826.96,1
15791991,999915791991,773,France,Male,52,4,0,1,0,1,144113.42,0
15775082,999915775082,749,France,Male,42,1,129776.72,2,0,1,143538.51,0
15579706,999915579706,611,France,Female,46,5,0,1,1,0,77677.14,1
15718247,999915718247,606,Spain,Female,46,8,0,2,1,1,183717.94,0
15755722,999915755722,554,France,Male,24,10,0,1,0,0,92180.62,0
15582259,999915582259,567,France,Female,37,7,0,2,1,1,28690.9,0
15716994,999915716994,559,Spain,Male,24,3,114739.92,1,1,0,85891.02,1
15586880,999915586880,594,Germany,Male,41,2,122545.65,2,1,1,42050.24,0
15713854,999915713854,513,France,Female,37,6,0,2,1,0,110142.34,0
15780835,999915780835,652,Germany,Female,26,1,131908.35,1,1,1,179269.79,0
15675896,999915675896,680,Germany,Female,42,7,105722.69,1,1,1,90558.24,1
15658459,999915658459,784,Spain,Male,33,10,0,2,1,0,162022.47,0
15658057,999915658057,812,Spain,Female,44,8,0,3,1,0,66926.83,1
15801767,999915801767,784,Spain,Female,40,8,0,2,1,0,108891.3,0
15569178,999915569178,570,France,Female,18,4,82767.42,1,1,0,71811.9,0
15731478,999915731478,712,France,Female,42,1,87842.98,1,0,0,92223.59,0
15811236,999915811236,705,Spain,Male,39,6,133261.13,1,1,1,78065.9,0
15746749,999915746749,681,Spain,Female,32,3,0,2,1,1,59679.9,0
15662758,999915662758,620,France,Male,41,0,97925.11,1,1,0,85000.32,0
15709387,999915709387,711,France,Male,52,5,0,1,1,1,159808.95,0
15572093,999915572093,613,France,Female,24,7,140453.91,1,1,0,129001.3,0
15713826,999915713826,613,Germany,Female,20,0,117356.19,1,0,0,113557.7,1
15570205,999915570205,682,Spain,Male,36,5,0,2,1,1,147758.51,0
15589348,999915589348,850,Spain,Male,37,4,137204.77,1,1,1,28865.59,0
15804610,999915804610,601,France,Female,41,1,0,2,0,1,160607.06,0
15700854,999915700854,595,Spain,Male,35,8,0,1,1,0,100015.79,1
15758836,999915758836,675,Spain,Male,36,3,54098.18,2,0,1,54478.52,0
15772933,999915772933,591,Spain,Male,31,8,0,1,1,1,141677.33,0
15809006,999915809006,602,France,Male,23,7,113758.48,2,0,0,84077.6,0
15689612,999915689612,554,Spain,Female,34,8,0,1,0,1,106981.03,0
15744614,999915744614,541,France,Male,37,9,118636.92,1,1,1,73551.44,0
15704250,999915704250,506,France,Male,34,7,0,2,0,0,115842.1,0
15700255,999915700255,814,Germany,Male,44,8,95488.82,2,0,0,107013.59,0
15669410,999915669410,683,France,Male,30,8,110829.52,2,0,0,24938.84,0
15807595,999915807595,485,Germany,Male,51,7,144244.59,2,1,0,51113.14,0
15664523,999915664523,696,Germany,Female,31,8,122021.92,2,1,0,33828.64,0
15642833,999915642833,608,France,Female,30,8,0,2,1,0,128875.86,0
15605279,999915605279,792,France,Male,50,9,0,4,1,1,194700.81,1
15713644,999915713644,686,Spain,Male,22,5,0,2,1,0,158974.45,0
15750466,999915750466,790,Germany,Male,42,1,85839.62,1,1,0,198182.73,0
15739054,999915739054,654,France,Female,29,4,96974.97,1,0,1,141404.07,0
15612771,999915612771,452,France,Male,35,4,148172.44,1,1,1,4175.68,0
15788483,999915788483,719,Spain,Male,38,0,0,1,1,0,126876.47,0
15732832,999915732832,707,France,Female,40,5,0,2,1,0,41052.82,0
15772892,999915772892,699,France,Female,49,2,0,1,0,0,105760.01,0
15713843,999915713843,850,Spain,Male,30,2,0,2,0,1,27937.12,0
15567993,999915567993,828,Spain,Male,28,8,134766.85,1,1,0,79355.87,0
15617603,999915617603,850,Germany,Male,30,5,123210.56,2,1,1,102180.27,0
15744983,999915744983,712,Spain,Male,47,1,139887.01,1,1,1,95719.73,0
15630419,999915630419,634,France,Male,44,9,149961.11,1,1,0,57121.51,0
15738828,999915738828,730,Germany,Male,45,6,152880.97,1,0,0,162478.11,0
15778025,999915778025,685,Germany,Male,43,9,108589.47,2,0,1,194808.51,0
15799479,999915799479,809,Spain,Male,33,9,0,1,1,1,124045.65,0
15684269,999915684269,707,Spain,Female,35,3,56674.48,1,1,0,17987.4,1
15762745,999915762745,648,Spain,Male,32,8,0,1,1,0,133653.38,0
15746970,999915746970,760,Spain,Female,57,1,0,2,1,1,25101.17,0
15725024,999915725024,805,Germany,Female,33,3,105663.56,2,0,1,33330.89,0
15592116,999915592116,585,France,Female,39,7,0,2,1,0,2401.26,0
15624391,999915624391,595,Spain,Female,30,5,100683.54,1,1,1,178361.04,0
15567422,999915567422,630,France,Male,42,6,0,2,1,0,162697.93,0
15612627,999915612627,627,Germany,Male,29,5,139541.58,2,1,0,80607.33,0
15574879,999915574879,631,Germany,Female,37,2,121801.72,2,0,1,23146.62,0
15745107,999915745107,776,Germany,Male,38,5,112281.7,1,0,1,89893.6,0
15734491,999915734491,676,Spain,Female,36,4,0,2,1,1,3173.31,0
15675320,999915675320,758,Spain,Female,40,5,93499.82,2,0,0,123218.81,0
15643824,999915643824,637,France,Male,33,0,132255.99,2,0,1,74588.41,0
15643438,999915643438,850,France,Male,20,7,0,2,1,0,31288.77,0
15721730,999915721730,601,Spain,Female,44,4,0,2,1,0,58561.31,0
15680727,999915680727,735,France,Male,49,5,121973.28,1,1,0,148804.36,0
15752508,999915752508,614,Germany,Male,32,7,99462.8,2,1,1,51117.06,0
15808846,999915808846,672,Germany,Female,21,3,165878.76,2,1,1,164537.17,0
15727251,999915727251,642,France,Male,30,8,117494.27,1,0,0,61977.82,0
15663489,999915663489,633,Germany,Female,29,0,138577.34,1,1,0,193362.99,0
15683677,999915683677,769,Spain,Male,39,9,0,1,1,1,47722.79,0
15596414,999915596414,796,Spain,Male,41,8,107525.07,1,1,0,18510.41,0
15730639,999915730639,715,France,Male,23,7,139224.92,2,1,0,65057.71,0
15672132,999915672132,695,France,Female,42,7,121453.63,1,0,0,46374.64,0
15742638,999915742638,747,France,Female,25,4,0,2,0,1,42039.67,0
15578603,999915578603,584,Germany,Female,54,1,77354.37,1,0,0,138192.98,1
15726088,999915726088,476,France,Male,40,6,0,1,1,1,22735.45,0
15682533,999915682533,850,France,Female,39,7,79259.99,1,0,1,186910.74,0
15772995,999915772995,529,France,Male,30,2,116295.29,1,1,0,75285.47,0
15765694,999915765694,584,Spain,Female,59,1,0,1,0,1,130260.11,1
15659486,999915659486,586,Germany,Male,34,9,74309.81,1,1,0,15034.93,0
15568963,999915568963,674,Germany,Male,34,2,152797.9,1,1,0,175709.4,1
15703820,999915703820,552,France,Male,42,9,133701.07,2,1,0,101069.71,1
15569410,999915569410,601,Germany,Female,33,7,114430.18,2,1,1,153012.13,0
15632256,999915632256,541,France,Male,29,7,127504.57,1,0,0,86173.92,0
15724466,999915724466,744,Germany,Female,41,2,84113.41,1,1,0,197548.63,0
15777639,999915777639,595,Spain,Female,23,10,101126.66,2,0,0,37042.8,0
15802501,999915802501,724,Germany,Male,33,5,103564.83,2,1,0,121085.72,0
15778410,999915778410,533,Spain,Female,52,7,0,1,0,1,194113.99,1
15670702,999915670702,618,France,Male,37,2,168178.21,2,0,1,101273.23,0
15704763,999915704763,523,Germany,Female,39,1,143903.11,1,1,1,118711.75,1
15645544,999915645544,642,Germany,Female,30,5,129753.69,1,1,0,582.53,0
15757646,999915757646,584,France,Male,35,9,0,2,1,0,192381.21,0
15701121,999915701121,521,France,Male,38,5,110641.18,1,0,1,136507.69,1
15796313,999915796313,662,France,Female,36,4,166909.2,2,1,0,138871.12,1
15815660,999915815660,758,France,Female,34,1,154139.45,1,1,1,60728.89,0
15602844,999915602844,717,France,Male,38,7,97459.06,1,0,0,189175.71,0
15636238,999915636238,611,France,Male,40,1,0,2,1,1,102547.56,0
15770101,999915770101,766,Germany,Male,43,6,112088.04,2,1,1,36706.56,0
15645543,999915645543,636,France,Female,34,3,0,2,1,1,44756.25,0
15596397,999915596397,814,France,Female,48,7,0,2,1,1,132870.15,0
15770525,999915770525,760,Spain,Male,28,1,141038.57,2,0,0,16287.38,0
15684267,999915684267,607,Germany,Male,39,2,84468.67,2,1,1,121945.42,0
15689980,999915689980,725,Spain,Female,36,4,118520.26,1,0,0,131173.9,1
15633260,999915633260,600,France,Male,37,1,142663.46,1,0,1,88669.89,0
15756471,999915756471,656,Germany,Male,27,4,118627.16,2,1,1,160835.3,0
15721303,999915721303,640,Spain,Male,34,1,137523.02,1,0,0,24761.36,0
15802256,999915802256,439,France,Male,28,7,110976.23,2,1,0,138526.96,0
15725664,999915725664,549,France,Female,38,8,107283.4,1,0,0,157442.75,0
15674851,999915674851,622,France,Male,38,5,0,2,0,0,105295.77,0
15701946,999915701946,715,France,Male,34,4,124314.45,1,0,0,97782.92,0
15748947,999915748947,657,France,Female,41,5,95858.37,1,1,1,68255.88,0
15673342,999915673342,703,France,Male,36,2,0,2,1,0,108790.95,0
15601008,999915601008,802,France,Male,33,8,0,2,1,0,143706.18,0
15771636,999915771636,793,Spain,Female,36,0,0,1,0,0,148993.47,0
15642002,999915642002,554,France,Female,35,6,117707.18,2,0,0,95277.15,1
15693381,999915693381,533,Spain,Male,38,1,135289.33,2,0,1,152956.33,0
15607691,999915607691,658,France,Male,36,8,174060.46,1,1,1,94925.62,0
15589380,999915589380,713,Germany,Male,40,3,114446.84,2,1,1,87308.18,0
15603846,999915603846,711,Spain,Male,37,2,0,2,1,0,83978.86,1
15753549,999915753549,669,France,Male,25,1,157848.53,1,0,0,37543.93,1
15725355,999915725355,439,France,Female,43,8,0,1,0,1,104889.3,0
15773017,999915773017,763,Spain,Female,37,6,0,2,1,1,149705.25,0
15625641,999915625641,697,Germany,Female,74,3,108071.36,2,1,1,16445.79,0
15776467,999915776467,702,Spain,Female,35,8,14262.8,2,1,0,54689.16,0
15746451,999915746451,686,Spain,Male,41,7,102749.72,1,0,1,194913.86,0
15777922,999915777922,629,Spain,Male,36,1,161757.87,2,1,1,146371.72,0
15606841,999915606841,823,France,Male,38,1,0,2,1,0,156603.7,0
15757648,999915757648,683,Germany,Female,35,5,95698.79,1,0,1,182566.76,0
15677173,999915677173,555,France,Male,37,9,124969.13,1,1,0,60194.05,0
15764170,999915764170,647,Germany,Male,44,4,93960.35,1,1,0,36579.53,1
15610446,999915610446,714,France,Female,51,4,88308.87,3,0,0,5862.53,1
15612776,999915612776,850,Spain,Female,39,10,0,2,1,1,143030.09,0
15794122,999915794122,713,France,Female,59,3,0,2,1,1,62700.08,0
15774931,999915774931,452,France,Male,30,7,112935.87,1,1,1,99017.34,0
15779247,999915779247,683,Spain,Female,24,8,98567.1,1,1,0,187987.01,0
15707078,999915707078,577,France,Female,26,1,180530.51,1,0,0,123454.62,0
15605263,999915605263,552,France,Male,33,5,140931.57,1,0,1,10921.5,0
15607381,999915607381,769,Germany,Female,31,7,148913.72,2,1,0,53817.23,0
15683471,999915683471,691,France,Male,38,7,0,2,0,0,81617.4,0
15605037,999915605037,818,France,Female,49,2,0,1,0,1,192298.84,1
15576085,999915576085,739,France,Male,41,5,0,2,0,0,143882.25,0
15770435,999915770435,639,France,Female,50,6,115335.32,2,1,1,53130.41,0
15592994,999915592994,651,France,Female,65,0,0,2,1,1,190454.04,0
15624068,999915624068,779,France,Female,26,0,0,2,0,1,111906,0
15595221,999915595221,850,Germany,Female,33,7,134678.13,1,1,0,113177.95,0
15637131,999915637131,829,France,Male,38,9,0,2,1,0,30529.88,0
15613471,999915613471,579,Germany,Male,31,2,90547.48,2,1,1,18800.13,0
15583499,999915583499,510,France,Male,32,9,103324.78,1,1,1,46127.7,0
15752816,999915752816,531,France,Male,29,3,114590.58,1,0,0,75585.48,0
15804075,999915804075,628,Germany,Female,36,3,91286.51,1,1,0,63085.94,0
15800517,999915800517,633,Spain,Male,32,5,163340.12,2,1,1,74415.2,0
15712319,999915712319,714,Spain,Male,45,8,150900.29,2,0,1,139889.15,0
15797389,999915797389,604,Spain,Male,23,9,124577.33,1,1,1,7267.25,0
15621432,999915621432,630,Spain,Male,35,1,0,2,0,0,186826.22,0
15779390,999915779390,850,Spain,Female,31,4,91292.7,1,1,1,162149.07,0
15711219,999915711219,788,Germany,Female,57,8,93716.72,1,1,1,180150.49,1
15770498,999915770498,798,France,Female,37,4,111723.08,1,1,1,83478.12,0
15678727,999915678727,770,Germany,Male,45,4,110765.68,1,1,0,26163.74,1
15573893,999915573893,569,Germany,Male,25,9,173459.45,2,1,1,44381.06,0
15740104,999915740104,425,Spain,Female,22,7,169649.73,2,0,1,136365,1
15792649,999915792649,547,Spain,Female,31,9,0,2,0,0,99294.22,0
15605275,999915605275,725,Germany,Male,45,8,116917.07,1,0,0,173464.43,1
15572467,999915572467,506,France,Male,37,5,0,2,1,1,127543.81,0
15738219,999915738219,632,France,Female,36,7,0,2,1,1,52526.65,0
15600710,999915600710,620,France,Male,22,0,0,1,1,0,32589.45,0
15804394,999915804394,663,Germany,Male,32,8,130627.66,1,1,0,47161.25,1
15694188,999915694188,700,Spain,Female,46,5,56580.95,2,0,1,45424.13,0
15583718,999915583718,696,Germany,Male,38,6,142316.14,1,1,1,8018.49,0
15802478,999915802478,767,Spain,Male,31,6,0,2,1,1,195668,0
15619343,999915619343,561,France,Male,56,7,152759,2,1,0,133167.11,1
15758813,999915758813,350,Germany,Male,39,0,109733.2,2,0,0,123602.11,1
15761374,999915761374,706,France,Male,54,9,117444.51,1,1,1,186238.85,0
15569209,999915569209,464,Spain,Female,34,5,76001.57,1,1,1,158668.87,0
15788539,999915788539,501,France,Female,34,3,107747.57,1,1,0,9249.36,0
15747222,999915747222,745,Spain,Female,35,8,0,2,1,1,116581.1,0
15769346,999915769346,587,France,Female,36,1,134997.49,2,1,0,44688.08,0
15699634,999915699634,667,France,Female,48,2,0,2,1,1,148608.39,0
15589076,999915589076,737,France,Male,36,9,0,1,0,1,188670.9,1
15812338,999915812338,485,Spain,Female,30,7,0,1,1,0,107067.37,0
15758845,999915758845,590,Spain,Female,37,0,64345.21,1,0,1,61759.33,1
15685844,999915685844,518,Germany,Female,35,8,141665.63,1,0,1,192776.64,0
15583090,999915583090,581,Spain,Female,29,8,0,2,1,0,46735.19,0
15587581,999915587581,785,Germany,Female,33,5,136624.6,2,1,1,169117.74,0
15633640,999915633640,799,France,Female,52,4,161209.66,1,1,1,89081.41,0
15573741,999915573741,698,Spain,Male,38,10,95010.92,1,1,1,105227.86,0
15633574,999915633574,730,France,Female,41,4,167545.32,1,1,0,128246.81,0
15711455,999915711455,740,Germany,Female,36,4,109044.6,1,0,0,94554.74,1
15570601,999915570601,785,France,Female,47,9,122031.55,1,1,1,33823.5,1
15690925,999915690925,527,Spain,Female,29,2,27755.97,1,1,0,97468.44,1
15709338,999915709338,544,France,Female,29,1,118560.55,1,1,1,164137.36,0
15780746,999915780746,705,France,Male,61,4,0,2,1,1,191313.7,0
15681956,999915681956,684,France,Male,34,9,0,2,1,1,65257.57,0
15778190,999915778190,639,Spain,Female,28,8,97840.72,1,1,1,178222.77,0
15786852,999915786852,565,Germany,Female,38,2,158651.29,2,1,1,179445.28,0
15726494,999915726494,481,France,Male,44,9,175303.06,1,1,0,65500.53,1
15641183,999915641183,731,Spain,Male,25,8,96950.21,1,1,0,97877.92,0
15805312,999915805312,607,France,Male,45,7,123859.6,1,0,1,113051.57,0
15636572,999915636572,760,France,Female,32,7,0,2,1,1,105969.05,0
15632575,999915632575,559,France,Female,70,9,0,1,1,1,122996.76,0
15740164,999915740164,715,France,Female,33,3,85227.84,1,1,1,68087.15,0
15574947,999915574947,656,France,Male,36,8,97786.08,2,0,1,21478.36,0
15597909,999915597909,652,Germany,Male,33,7,128135.99,1,1,0,158437.73,0
15782574,999915782574,624,Spain,Male,33,6,0,2,0,0,76551.7,0
15734999,999915734999,634,Spain,Male,36,2,85996.19,1,1,0,15887.68,0
15706593,999915706593,850,Spain,Female,50,10,0,2,1,1,33741.84,0
15766686,999915766686,659,Germany,Female,39,1,104502.11,1,1,0,20652.69,0
15590268,999915590268,529,Spain,Male,35,5,95772.97,1,1,1,112781.5,0
15763055,999915763055,572,Spain,Male,31,5,98108.79,1,0,1,119996.95,0
15664754,999915664754,640,Germany,Male,39,9,131607.28,4,0,1,6981.43,1
15643630,999915643630,770,Spain,Male,55,9,63127.41,2,1,0,185211.28,1
15641043,999915641043,648,Spain,Male,35,7,0,2,1,1,78436.36,0
15768095,999915768095,579,France,Male,31,9,0,1,0,1,139048,0
15811314,999915811314,589,Germany,Female,36,9,140355.56,2,1,0,136329.96,0
15669922,999915669922,530,Spain,Female,36,2,0,2,1,1,14721.8,0
15707114,999915707114,831,France,Male,30,2,0,2,0,1,3430.38,0
15670602,999915670602,790,Germany,Male,24,7,107418.27,1,0,1,160450.21,0
15713479,999915713479,656,France,Male,35,6,0,2,1,0,1485.27,0
15663830,999915663830,563,Spain,Male,32,6,0,2,1,1,19720.08,0
15566958,999915566958,667,Spain,Male,39,7,167557.12,1,1,1,41183.02,0
15680918,999915680918,613,Spain,Male,34,8,117300.02,1,1,0,139410.08,0
15663921,999915663921,429,France,Male,60,7,0,2,1,1,163691.48,0
15716324,999915716324,665,France,Female,23,9,143672.9,1,1,1,115147.33,0
15796969,999915796969,731,France,Male,33,4,0,2,1,1,74945.11,0
15574783,999915574783,584,France,Female,37,1,0,2,1,1,180363.56,0
15773487,999915773487,634,Germany,Female,31,8,76798.92,1,0,0,196021.73,0
15802486,999915802486,488,France,Male,34,3,0,2,1,1,125979.36,0
15783398,999915783398,535,Spain,Female,49,7,115309.75,1,1,0,111421.77,0
15649418,999915649418,776,France,Female,29,7,178171.04,2,1,1,115818.51,0
15604588,999915604588,850,Spain,Female,38,3,0,2,0,1,179360.76,0
15735428,999915735428,673,Spain,Female,37,0,0,2,0,0,82351.06,0
15629078,999915629078,850,Germany,Female,45,5,127258.79,1,1,1,192744.23,1
15806880,999915806880,627,Spain,Female,30,6,0,1,1,1,113408.47,0
15754999,999915754999,570,France,Female,33,8,0,1,1,1,124641.42,0
15781034,999915781034,796,Spain,Male,67,5,0,2,0,1,54871.02,0
15622017,999915622017,773,Spain,Female,33,10,0,1,1,1,98820.09,0
15705885,999915705885,752,Spain,Male,36,2,0,2,1,1,45570.84,0
15677382,999915677382,625,Spain,Female,69,1,107569.96,1,1,1,182336.45,0
15566843,999915566843,535,Germany,Male,20,9,134874.4,1,1,1,118825.56,0
15608387,999915608387,786,France,Female,29,4,0,2,1,0,103372.79,0
15810786,999915810786,620,France,Female,67,3,0,2,1,1,43486.73,0
15626983,999915626983,605,Spain,Female,48,6,0,2,1,1,40062.99,0
15773605,999915773605,670,Spain,Female,32,3,0,2,1,0,46175.7,0
15811261,999915811261,617,Spain,Male,42,0,70105.87,1,1,1,120830.73,0
15590606,999915590606,595,France,Male,41,9,0,2,1,0,5967.09,0
15576644,999915576644,687,Germany,Female,29,4,78939.15,1,1,0,122134.56,1
15750264,999915750264,757,Germany,Male,30,6,105128.85,2,1,1,62972.13,0
15741554,999915741554,746,Spain,Male,31,2,113836.27,1,1,1,174815.54,0
15769051,999915769051,503,Spain,Male,25,7,0,1,0,1,192841.13,0
15812198,999915812198,543,Germany,Male,48,1,100900.5,1,0,0,33310.72,1
15699772,999915699772,428,Germany,Female,40,3,129248.11,2,1,0,72876.43,1
15744105,999915744105,768,France,Female,28,3,109118.05,2,0,1,50911.41,0
15739858,999915739858,618,France,Male,56,7,0,1,1,1,142400.27,1
15723720,999915723720,591,France,Female,31,7,0,2,0,1,48778.46,0
15638355,999915638355,658,France,Female,35,5,126397.66,1,0,0,156361.58,1
15805637,999915805637,625,France,Male,36,9,108546.16,3,1,0,133807.77,1
15629575,999915629575,717,France,Male,36,2,148061.89,1,1,0,179128.69,1
15586243,999915586243,667,France,Male,44,8,122277.87,1,1,1,91810.71,0
15757931,999915757931,804,France,Male,24,3,0,2,1,0,173195.33,0
15716023,999915716023,693,France,Male,31,1,0,2,0,1,182270.88,0
15647782,999915647782,729,Germany,Male,36,8,152899.24,2,1,0,177130.33,0
15716609,999915716609,484,Germany,Male,54,3,134388.11,1,0,0,49954.79,1
15623791,999915623791,632,Spain,Female,40,3,109740.62,1,1,0,141896.74,0
15627262,999915627262,536,Germany,Male,23,6,92366.72,2,1,0,120661.71,0
15652693,999915652693,573,France,Female,26,4,129109.02,1,0,0,149814.68,1
15586993,999915586993,655,Spain,Female,56,5,0,2,1,1,41782.7,0
15815560,999915815560,666,Germany,Male,74,7,105102.5,1,1,1,46172.47,0
15584930,999915584930,726,Germany,Male,30,5,111375.32,2,1,0,2704.09,0
15799031,999915799031,523,France,Male,39,3,0,2,1,0,6726.53,0
15810457,999915810457,728,Germany,Female,33,9,150412.14,2,1,0,170764.08,0
15697879,999915697879,701,France,Male,30,3,156660.72,2,1,0,45742.42,0
15594902,999915594902,518,France,Male,38,3,90957.81,1,0,1,162304.59,0
15799710,999915799710,739,France,Male,37,7,104960.46,1,0,1,80883.82,0
15659651,999915659651,531,Germany,Female,31,7,117052.82,1,1,0,118508.09,1
15645956,999915645956,452,Spain,Male,44,3,88915.85,1,1,0,69697.74,0
15651713,999915651713,684,France,Male,45,6,148071.39,1,1,0,183575.01,0
15737265,999915737265,728,Germany,Male,39,6,152182.83,1,0,0,161203.6,0
15687310,999915687310,783,Spain,Male,39,9,0,2,1,0,143752.77,0
15607347,999915607347,734,France,Male,22,5,130056.23,1,0,0,121894.31,1
15698321,999915698321,648,Germany,Male,34,3,95039.73,2,1,1,147055.87,0
15657812,999915657812,688,France,Male,52,1,0,2,1,1,172033.57,0
15569187,999915569187,680,Spain,Male,35,9,0,2,0,0,143774.06,0
15681562,999915681562,516,France,Female,43,2,112773.73,2,1,1,139366.58,0
15615456,999915615456,680,France,Female,37,10,123806.28,1,1,0,81776.84,1
15589793,999915589793,604,France,Male,53,8,144453.75,1,1,0,190998.96,1
15781884,999915781884,624,Germany,Male,27,9,94667.29,2,0,1,4470.52,0
15675190,999915675190,623,France,Male,21,10,0,2,0,1,135851.3,0
15600734,999915600734,624,Spain,Male,51,5,174397.21,2,1,1,172372.63,0
15779176,999915779176,565,Germany,Female,58,3,108888.24,3,0,1,135875.51,1
15605286,999915605286,565,France,Male,55,4,118803.35,2,1,1,128124.7,1
15674922,999915674922,710,France,Male,54,6,171137.62,1,1,1,167023.95,1
15737506,999915737506,645,France,Male,42,6,0,1,0,0,149807.01,0
15780514,999915780514,707,France,Male,33,8,136678.52,1,1,0,54290.62,0
15623647,999915623647,655,Spain,Female,36,1,135515.76,1,1,0,86013.96,0
15668472,999915668472,705,Spain,Female,24,5,177799.83,2,0,0,79886.06,0
15692416,999915692416,358,Spain,Female,52,8,143542.36,3,1,0,141959.11,1
15771139,999915771139,578,Germany,Male,34,8,147487.23,2,1,0,66680.77,0
15738318,999915738318,800,France,Female,40,5,97764.41,1,1,0,98640.15,1
15772243,999915772243,612,France,Female,33,9,0,1,0,0,142797.5,1
15638463,999915638463,681,Germany,Female,48,8,139480.18,1,1,1,163581.67,0
15598088,999915598088,559,Spain,Male,25,5,0,2,1,1,163221.22,0
15693468,999915693468,488,Spain,Female,39,9,140553.46,1,0,0,12440.44,0
15671930,999915671930,717,France,Female,36,5,0,2,1,1,145551.6,0
15762268,999915762268,666,France,Female,41,10,141162.08,1,1,0,50908.48,0
15780954,999915780954,582,Spain,Male,26,4,65848.36,2,1,0,30149.21,0
15700174,999915700174,733,Spain,Female,30,0,83319.28,1,0,0,57769.2,0
15635728,999915635728,693,France,Male,41,4,0,2,0,0,156381.47,0
15679283,999915679283,694,France,Female,33,4,129731.64,2,1,0,178123.86,0
15591386,999915591386,622,France,Female,35,5,0,2,1,0,51112.8,0
15694192,999915694192,598,Spain,Female,38,6,0,2,0,0,173783.38,0
15585901,999915585901,717,Spain,Male,35,1,0,3,0,0,174770.14,1
15792329,999915792329,494,Germany,Male,37,5,107106.33,2,1,0,172063.09,0
15635597,999915635597,644,France,Male,33,8,0,2,1,1,155294.17,0
15775880,999915775880,554,France,Female,30,9,0,2,1,1,40320.3,0
15630913,999915630913,476,Spain,Female,69,1,105303.73,1,0,1,134260.34,0
15756680,999915756680,667,France,Male,28,6,165798.1,1,1,0,147090.9,0
15587913,999915587913,748,Spain,Female,40,4,0,2,1,0,132368.47,0
15737605,999915737605,531,Spain,Female,45,1,126495.57,2,1,1,164741.5,0
15627876,999915627876,719,Spain,Female,47,9,116393.59,1,1,0,63051.32,1
15772601,999915772601,845,Germany,Female,41,2,81733.74,2,0,0,199761.29,0
15758606,999915758606,738,France,Male,54,4,0,1,0,1,55725.04,1
15657107,999915657107,563,Spain,Female,46,8,106171.68,1,1,0,163145.5,1
15622454,999915622454,695,Spain,Male,28,0,96020.86,1,1,1,57992.49,0
15775803,999915775803,841,Spain,Male,41,1,0,2,0,1,193093.77,0
15570859,999915570859,626,Germany,Male,36,2,181671.16,2,1,1,57531.14,0
15748381,999915748381,613,France,Female,29,6,185709.28,2,1,1,77242.19,0
15787189,999915787189,824,Germany,Male,60,8,134250.17,3,0,0,153046.16,1
15666055,999915666055,705,France,Female,49,7,0,1,1,0,63405.2,1
15617648,999915617648,584,France,Female,44,5,95671.75,2,1,1,106564.88,0
15755678,999915755678,534,France,Male,62,2,0,2,0,0,42763.12,1
15624781,999915624781,672,France,Female,34,1,142151.75,2,1,1,168753.34,0
15779497,999915779497,603,France,Male,43,5,127823.93,1,1,1,19483.35,0
15567399,999915567399,633,Germany,Male,43,3,144164.29,1,1,1,158646.46,0
15613656,999915613656,842,France,Male,58,1,63492.94,1,1,1,83172.19,0
15734311,999915734311,661,France,Female,27,3,0,2,1,1,76889.79,0
15657214,999915657214,601,France,Male,74,2,0,2,0,1,51554.58,0
15799350,999915799350,632,France,Male,41,0,106134.46,1,0,1,105570.39,0
15729970,999915729970,684,Germany,Male,29,8,127269.75,1,0,1,79495.01,0
15725835,999915725835,785,Germany,Female,32,3,124493.03,2,0,1,52583.79,1
15745543,999915745543,687,France,Male,39,7,0,2,1,0,26848.25,0
15727384,999915727384,705,Germany,Female,43,10,146547.78,1,0,1,10072.55,1
15666916,999915666916,639,France,Male,43,6,99610.92,2,1,0,187296.78,0
15732917,999915732917,729,Germany,Male,46,5,117837.43,1,1,0,104016.61,1
15612050,999915612050,556,Spain,Female,48,8,168522.37,1,1,1,151310.16,0
15726267,999915726267,570,France,Male,32,9,117337.54,2,0,1,62810.91,0
15780124,999915780124,841,France,Male,74,9,108131.53,1,0,1,60830.38,0
15742238,999915742238,705,Germany,Male,35,4,136496.12,2,1,0,116672.02,0
15679024,999915679024,553,France,Male,32,3,116324.53,1,1,0,77304.49,0
15715297,999915715297,779,Germany,Female,40,2,75470.23,1,1,1,52894.01,0
15633612,999915633612,696,France,Male,28,4,172646.82,1,1,1,116471.43,0
15602929,999915602929,728,Spain,Female,37,4,0,1,0,0,4539.38,0
15696703,999915696703,691,Germany,Male,27,3,160358.68,2,1,0,142367.72,0
15756668,999915756668,706,France,Male,30,3,98415.37,1,1,1,110520.48,0
15565779,999915565779,627,Germany,Female,30,6,57809.32,1,1,0,188258.49,0
15795519,999915795519,716,Germany,Female,18,3,128743.8,1,0,0,197322.13,0
15761477,999915761477,501,Germany,Male,24,4,130806.42,2,1,0,80241.14,0
15731890,999915731890,601,France,Male,41,1,123971.16,1,0,1,172814.99,0
15633043,999915633043,545,Spain,Female,39,6,0,1,0,0,38410.74,1
15752953,999915752953,634,France,Male,45,9,0,2,0,0,17622.82,0
15603088,999915603088,451,Spain,Female,23,9,0,2,0,1,48021.71,0
15606613,999915606613,655,France,Female,59,7,0,1,1,0,88958.49,1
15635939,999915635939,458,France,Female,39,9,0,2,1,0,116343.09,0
15666043,999915666043,520,France,Male,33,4,156297.58,2,1,1,166102.61,0
15746190,999915746190,624,Spain,Female,28,2,0,2,0,1,104353.26,0
15591357,999915591357,765,France,Male,51,3,123372.3,1,1,1,115429.32,0
15658716,999915658716,667,Germany,Female,37,5,92171.35,3,1,0,178106.34,1
15679909,999915679909,665,Spain,Male,41,8,0,2,1,0,132152.32,0
15634262,999915634262,709,Germany,Male,34,4,148375.19,2,1,1,21521.38,0
15799825,999915799825,583,France,Female,44,8,0,2,1,1,27431.62,0
15756875,999915756875,782,Spain,Male,34,6,147422.44,1,0,1,42143.61,0
15678146,999915678146,668,Spain,Female,24,7,173962.32,1,0,0,106457.11,1
15710743,999915710743,621,France,Male,47,0,0,1,1,1,133831.37,1
15595831,999915595831,579,Germany,Female,64,6,145215.43,1,1,1,164083.72,0
15626684,999915626684,547,France,Female,38,5,167539.97,1,0,1,159207.34,0
15709846,999915709846,840,France,Female,39,1,94968.97,1,1,0,84487.62,0
15635459,999915635459,667,Germany,Female,27,3,106116.5,2,1,0,3674.71,0
15642544,999915642544,723,France,Male,34,5,0,2,0,1,12092.03,0
15566494,999915566494,487,France,Male,45,2,0,2,1,0,77475.73,0
15655238,999915655238,668,France,Female,31,9,0,2,0,0,41291.73,0
15733429,999915733429,520,Germany,Male,34,8,120018.86,2,1,1,343.38,0
15814536,999915814536,549,France,Male,37,2,112541.54,2,0,0,47432.43,0
15771702,999915771702,567,France,Female,35,5,166118.45,2,1,0,127827.18,0
15723008,999915723008,720,France,Female,45,1,102882.4,2,1,1,35633.15,1
15797160,999915797160,492,France,Female,49,8,0,1,1,1,182865.09,1
15792222,999915792222,712,France,Female,37,1,106881.5,2,0,0,169386.81,0
15644765,999915644765,689,Germany,Male,26,4,120727.97,1,0,1,149073.88,0
15610686,999915610686,850,France,Male,63,8,169832.57,1,0,0,184107.26,1
15730868,999915730868,747,France,Male,41,5,0,2,1,1,22750.17,0
15705991,999915705991,469,Germany,Male,38,9,113599.42,1,0,0,11950.29,0
15577078,999915577078,539,Spain,Male,38,6,0,1,1,1,152880.07,1
15679550,999915679550,743,France,Male,32,9,0,2,1,0,175252.78,0
15787655,999915787655,707,France,Male,47,3,0,2,1,0,174303.29,0
15668081,999915668081,581,Spain,Female,50,4,0,2,1,1,80701.72,0
15747980,999915747980,737,Spain,Male,38,6,146282.79,2,1,0,198516.2,0
15710295,999915710295,445,Germany,Female,38,6,119413.62,2,1,0,175756.36,0
15724443,999915724443,703,Germany,Female,29,3,122084.63,1,0,1,82824.08,0
15571305,999915571305,588,Germany,Female,35,1,103060.63,1,1,0,179866.01,1
15569503,999915569503,765,France,Male,44,6,0,2,1,1,159899.97,0
15581840,999915581840,626,France,Male,33,8,0,2,1,0,138504.28,0
15772262,999915772262,545,Germany,Male,37,9,110483.86,1,1,1,127394.67,0
15767794,999915767794,744,France,Male,31,9,120718.28,1,1,1,58961.49,0
15629338,999915629338,658,Spain,Female,31,2,36566.96,1,1,0,103644.98,1
15790379,999915790379,629,Germany,Male,28,8,108601,1,1,1,119647.7,0
15750684,999915750684,719,France,Female,42,4,0,1,1,0,28465.86,1
15697214,999915697214,686,Spain,Female,36,5,0,2,1,1,152979.14,0
15711015,999915711015,743,France,Male,36,4,0,2,1,1,190911.02,0
15573309,999915573309,626,Spain,Female,48,2,0,2,1,1,95794.98,0
15805303,999915805303,661,Germany,Male,44,1,141136.62,1,1,0,189742.78,1
15741385,999915741385,710,Germany,Male,45,9,108231.37,1,1,1,188574.08,0
15780254,999915780254,654,France,Male,40,6,0,1,0,0,183872.88,1
15744843,999915744843,569,Spain,Female,34,6,144855.34,1,0,0,196555.32,0
15815626,999915815626,640,France,Male,63,2,68432.45,2,1,1,112503.24,1
15784736,999915784736,562,France,Male,45,6,136855.24,1,1,0,46864,0
15813412,999915813412,721,France,Female,55,3,44020.89,1,1,0,65864.4,1
15809143,999915809143,456,Germany,Male,32,9,133060.63,1,1,1,125167.92,0
15617617,999915617617,811,Spain,Male,39,7,0,2,1,1,177519.39,0
15779738,999915779738,534,France,Male,24,1,0,1,1,1,169653.32,0
15668669,999915668669,423,France,Female,36,5,97665.61,1,1,0,118372.55,1
15687477,999915687477,594,Germany,Male,28,5,185013.02,1,1,0,16481.12,0
15578908,999915578908,725,Spain,Female,32,0,0,2,1,1,138525.19,0
15687658,999915687658,716,France,Female,52,7,65971.61,2,1,0,14608,1
15615020,999915615020,595,Germany,Female,41,9,150463.11,2,0,1,81548.38,0
15608886,999915608886,679,France,Female,33,1,0,2,0,0,69608.48,0
15602551,999915602551,667,Spain,Male,39,9,0,2,1,0,68873.8,0
15672945,999915672945,661,France,Female,37,5,136425.18,1,1,0,81102.81,0
15757408,999915757408,655,Spain,Male,38,3,250898.09,3,0,1,81054,1
15806132,999915806132,555,France,Male,55,4,146798.81,1,1,1,74149.77,0
15813022,999915813022,531,Spain,Male,70,1,0,2,0,0,99503.19,0
15673578,999915673578,611,Germany,Female,40,7,128486.91,2,1,0,10109.47,0
15757916,999915757916,600,France,Female,38,9,0,2,1,1,58855.85,0
15689168,999915689168,531,Spain,Male,37,1,143407.29,2,0,1,84402.46,0
15769216,999915769216,601,France,Female,43,2,0,1,1,0,49713.87,1
15593295,999915593295,548,France,Male,57,6,76165.65,1,1,1,133537.53,0
15804814,999915804814,759,France,Male,40,4,0,2,1,0,124615.59,0
15778934,999915778934,678,Spain,Female,49,8,0,2,0,1,98090.69,0
15802351,999915802351,755,Germany,Female,33,6,90560.3,2,1,1,42607.69,0
15630241,999915630241,594,France,Male,61,3,62391.22,1,1,1,192434.11,0
15719561,999915719561,768,France,Male,42,5,0,3,0,0,60686.4,0
15615096,999915615096,492,France,Female,31,7,0,2,1,1,49463.44,0
15659931,999915659931,637,Germany,Female,55,1,123378.2,1,1,0,81431.99,1
15714586,999915714586,646,Spain,Female,42,3,99836.47,1,0,1,22909.56,0
15634949,999915634949,593,Germany,Male,74,5,161434.36,2,1,1,65532.17,0
15589224,999915589224,596,Spain,Male,41,5,0,2,0,1,141053.85,0
15795990,999915795990,722,Germany,Female,48,10,138311.76,1,1,1,3472.63,1
15603216,999915603216,642,France,Male,25,7,0,2,1,0,102083.78,0
15631201,999915631201,472,Spain,Female,28,4,0,2,1,0,1801.77,0
15686255,999915686255,738,Germany,Male,35,6,101744.84,1,0,0,85185.44,0
15746594,999915746594,732,Spain,Male,33,8,0,1,1,0,119882.7,0
15718893,999915718893,404,Germany,Female,54,4,125456.07,1,1,0,83715.66,1
15671609,999915671609,701,France,Male,44,7,0,2,1,0,23425.78,0
15652540,999915652540,683,France,Male,31,2,0,2,0,1,77326.78,0
15774857,999915774857,460,France,Female,27,7,0,2,1,0,156150.08,1
15791836,999915791836,690,France,Male,29,5,0,2,1,0,108577.97,0
15651554,999915651554,618,Germany,Female,54,4,118449.21,1,1,1,133573.29,1
15583576,999915583576,671,France,Male,30,2,0,1,0,1,102057.86,0
15732740,999915732740,765,Spain,Female,32,9,178095.55,1,0,0,47247.56,0
15723320,999915723320,651,Germany,Female,25,2,109175.14,2,1,0,114566.47,0
15603851,999915603851,704,France,Male,32,7,127785.17,4,0,0,184464.7,1
15777923,999915777923,544,France,Female,45,6,0,2,0,1,151401.33,0
15735719,999915735719,790,France,Female,40,9,0,2,1,1,70607.1,0
15703482,999915703482,710,Germany,Male,34,9,134260.36,2,1,0,147074.67,0
15605835,999915605835,743,France,Male,37,8,69143.91,2,0,1,105780.18,0
15664881,999915664881,702,France,Male,34,4,100054.77,1,1,0,109496.45,0
15757568,999915757568,704,France,Female,45,6,0,1,1,1,137739.45,0
15792660,999915792660,614,France,Male,38,2,116248.88,1,1,0,105140.92,0
15599722,999915599722,609,Spain,Female,43,6,86053.52,2,1,1,113276.46,1
15726354,999915726354,688,France,Female,32,6,123157.95,1,1,0,172531.23,0
15610355,999915610355,713,France,Male,44,1,63438.91,1,1,0,64375.4,0
15704284,999915704284,736,Germany,Male,57,9,95295.39,1,1,0,28434.44,1
15621893,999915621893,727,France,Male,18,4,133550.67,1,1,1,46941.41,0
15588219,999915588219,850,France,Female,38,1,106871.81,2,1,0,29333.01,0
15688619,999915688619,718,Spain,Male,45,3,105266.32,2,1,1,193724.51,0
15765518,999915765518,643,France,Female,51,2,105229.53,1,1,0,34967.75,1
15616931,999915616931,653,France,Male,41,8,102768.42,1,1,0,55663.85,0
15758372,999915758372,674,France,Male,18,7,0,2,1,1,55753.12,1
15782591,999915782591,690,France,Male,35,6,112689.95,1,1,0,176962.31,0
15612109,999915612109,819,France,Male,38,9,122334.26,2,1,1,181507.44,0
15613712,999915613712,634,Spain,Male,34,1,0,2,1,0,61995.57,0
15639322,999915639322,633,Spain,Male,33,4,137847.41,2,1,0,98349.13,0
15594349,999915594349,850,France,Male,49,5,122486.47,1,0,1,59748.19,0
15574167,999915574167,665,France,Male,33,2,101286.11,1,1,1,159840.51,0
15811842,999915811842,630,Spain,Male,26,7,0,2,1,1,6656.64,0
15648794,999915648794,836,Spain,Male,57,4,101247.06,1,1,0,37141.62,1
15771211,999915771211,668,France,Male,38,10,86977.96,1,0,1,37094.75,0
15588614,999915588614,753,France,Male,57,7,0,1,1,0,159475.08,1
15630698,999915630698,745,France,Female,55,9,110123.59,1,0,1,51548.14,1
15694200,999915694200,693,France,Male,36,8,178111.82,1,0,0,58719.63,1
15721426,999915721426,606,Germany,Male,65,10,126306.64,3,0,0,7861.68,1
15725997,999915725997,660,France,Female,35,6,100768.77,1,1,0,19199.61,0
15762138,999915762138,608,France,Male,42,5,0,2,1,0,178504.29,0
15750649,999915750649,744,France,Female,44,3,0,2,1,1,189016.14,0
15685706,999915685706,731,France,Female,40,7,118991.79,1,1,1,156048.64,0
15641835,999915641835,683,France,Male,72,3,140997.26,1,0,1,52876.41,0
15586821,999915586821,727,France,Male,28,5,0,2,0,1,19653.08,0
15569678,999915569678,561,Germany,Male,32,6,166824.59,1,1,0,139451.98,0
15793842,999915793842,700,France,Female,34,2,76322.69,1,1,0,128136.29,0
15667554,999915667554,605,France,Male,35,6,0,2,1,1,45206.57,0
15794479,999915794479,767,Spain,Male,77,8,149083.7,1,1,1,190146.83,0
15585041,999915585041,511,France,Male,33,7,0,2,0,1,158313.87,0
15780650,999915780650,667,France,Male,40,9,0,1,1,1,96670.2,0
15780846,999915780846,787,France,Male,33,1,126588.81,2,0,1,62163.53,0
15805260,999915805260,705,Germany,Female,56,2,143249.67,1,1,0,88428.41,1
15621629,999915621629,773,Germany,Male,43,8,81844.91,2,1,1,35908.46,0
15662151,999915662151,554,France,Male,40,4,0,1,0,1,168780.04,0
15747174,999915747174,526,Germany,Male,58,9,190298.89,2,1,1,191263.76,0
15651585,999915651585,661,Germany,Male,35,2,117212.18,1,1,1,83052.03,0
15649738,999915649738,698,France,Female,46,0,0,2,1,1,125962.02,0
15633108,999915633108,646,France,Male,26,4,139848.17,1,1,0,164696.27,0
15769254,999915769254,757,Germany,Female,34,9,101861.36,2,0,0,187011.96,0
15704746,999915704746,699,Spain,Male,35,2,167455.66,2,1,1,55324.49,0
15637644,999915637644,667,France,Female,24,4,0,2,0,1,34335.55,0
15609562,999915609562,774,Spain,Female,43,1,116360.07,1,1,0,17004.14,0
15787459,999915787459,745,Spain,Male,40,3,88466.82,1,0,0,116331.42,0
15762902,999915762902,649,France,Female,42,7,0,2,0,1,22974.01,0
15738605,999915738605,634,Germany,Female,46,5,123642.36,1,1,1,49725.16,1
15724889,999915724889,665,Spain,Male,38,9,0,1,0,1,87412.74,0
15730735,999915730735,713,France,Male,38,9,72286.84,2,1,1,26136.89,0
15689147,999915689147,652,France,Female,40,1,0,2,1,0,126554.96,0
15730397,999915730397,739,Spain,Male,40,1,109681.61,1,1,1,193321.3,0
15762169,999915762169,556,Germany,Male,37,9,145018.64,2,1,0,90928.02,1
15589320,999915589320,699,Spain,Male,34,8,0,1,1,1,76510.46,0
15799211,999915799211,708,Spain,Female,32,8,187487.63,1,1,1,120115.5,0
15798310,999915798310,480,France,Male,35,2,165692.91,1,1,1,197984.58,0
15609998,999915609998,700,Germany,Female,59,5,137648.41,1,1,0,142977.05,1
15583548,999915583548,525,Spain,Female,47,6,118560,1,1,0,82522.61,1
15761763,999915761763,845,France,Male,33,8,164385.53,1,1,0,150664.97,0
15764409,999915764409,613,France,Male,37,9,108286.5,1,1,1,114153.44,0
15710161,999915710161,850,France,Female,34,2,0,2,1,1,171706.66,0
15735246,999915735246,798,Spain,Female,58,9,0,2,0,0,119071.56,1
15791700,999915791700,773,Germany,Male,47,2,118079.47,4,1,1,143007.49,1
15670753,999915670753,614,Spain,Male,35,2,127283.78,1,1,1,31302.35,0
15573876,999915573876,473,Spain,Male,48,8,0,2,1,0,71139.8,0
15770174,999915770174,762,France,Male,29,6,141389.06,1,1,0,54122.89,0
15641114,999915641114,701,France,Male,37,8,130091.5,1,1,1,120031.29,0
15682435,999915682435,600,France,Male,35,4,143744.77,2,1,0,104076.51,0
15751788,999915751788,850,Spain,Male,28,9,97408.03,1,1,1,175853.64,0
15672598,999915672598,613,Spain,Male,30,9,111927.45,1,1,1,175795.87,0
15762803,999915762803,509,France,Male,31,3,0,2,1,0,15360.91,0
15812982,999915812982,509,Spain,Male,38,2,0,1,0,0,168460.12,0
15597901,999915597901,609,France,Male,34,1,0,1,1,1,181177.9,0
15731507,999915731507,456,France,Female,33,1,188285.68,1,0,0,58363.94,0
15809826,999915809826,728,France,Female,46,2,109705.52,1,1,0,20276.87,1
15764237,999915764237,663,Spain,Male,33,9,0,2,0,0,91514.62,0
15769917,999915769917,673,Germany,Female,34,1,127122.79,3,0,1,76703.1,0
15641850,999915641850,717,France,Male,40,0,98241.04,1,1,0,110887.14,0
15770974,999915770974,741,Germany,Female,37,8,170840.08,2,0,0,109843.16,0
15803749,999915803749,498,Germany,Female,41,4,87541.06,2,1,1,12577.21,1
15684999,999915684999,850,France,Female,26,4,62610.96,2,0,1,179365.1,0
15770225,999915770225,493,France,Male,36,9,0,2,1,1,65816.53,0
15627484,999915627484,686,France,Female,47,5,113328.93,1,1,0,124170.9,0
15610337,999915610337,666,Spain,Male,35,2,104832.49,1,1,0,175015.12,0
15752488,999915752488,733,Spain,Female,31,9,102289.85,1,1,1,115441.66,0
15610056,999915610056,631,Germany,Female,34,6,125227.82,2,0,1,128247.03,0
15806049,999915806049,714,Germany,Female,49,5,140510.89,1,1,0,141914.94,0
15736069,999915736069,767,Germany,Female,35,6,132253.22,1,1,0,115566.57,1
15763662,999915763662,711,Germany,Male,43,2,39043.29,2,1,1,175423.69,0
15615575,999915615575,722,France,Male,34,8,0,2,1,1,133447.49,0
15691723,999915691723,631,Spain,Male,55,9,99685.06,1,1,0,114474.98,0
15774098,999915774098,701,Germany,Male,38,3,125385.49,2,0,1,52044.66,0
15750808,999915750808,790,Spain,Male,46,2,131365.37,2,1,1,180290.68,0
15744368,999915744368,633,Spain,Male,58,6,98308.51,1,1,1,132034.13,0
15610594,999915610594,644,France,Female,37,8,0,2,1,0,20968.88,0
15756125,999915756125,757,Spain,Male,44,5,140856.16,2,1,0,158735.1,0
15623277,999915623277,696,France,Female,30,8,0,2,1,1,196134.44,0
15795954,999915795954,746,France,Male,35,2,172274.01,1,1,0,22374.97,0
15671969,999915671969,649,Spain,Male,36,8,0,2,1,0,161668.15,0
15791268,999915791268,565,Spain,Male,38,0,122447.76,1,0,0,67339.34,0
15713655,999915713655,720,France,Female,38,10,0,2,1,1,56229.72,1
15633930,999915633930,648,Spain,Female,56,6,157559.59,2,1,0,140991.23,1
15712849,999915712849,632,Germany,Male,41,3,126550.7,1,0,0,177644.52,1
15639077,999915639077,622,France,Female,30,2,158584.82,3,1,0,142342.55,1
15808784,999915808784,835,France,Male,28,2,163569.61,2,1,1,154559.28,0
15648577,999915648577,493,France,Female,31,3,0,1,1,1,176570.28,1
15670345,999915670345,785,Germany,Female,33,6,127211.45,1,0,0,191961.83,0
15633112,999915633112,681,Germany,Male,42,3,118199.97,2,1,0,9452.88,1
15714397,999915714397,621,Germany,Female,30,2,101014.08,2,1,1,165257.31,0
15780038,999915780038,756,Spain,Male,38,6,119208.85,1,1,0,169763.89,1
15756305,999915756305,515,France,Female,66,6,0,2,1,1,160663.11,0
15578799,999915578799,625,France,Female,58,10,53772.73,1,1,1,192072.1,1
15800326,999915800326,717,Spain,Female,39,6,0,2,1,0,93275.61,0
15785485,999915785485,595,Germany,Female,41,2,138878.81,1,0,1,112269.67,0
15783958,999915783958,539,Spain,Female,37,1,130922.81,2,0,0,2186.83,0
15727546,999915727546,762,France,Male,35,9,0,2,1,1,43075.7,0
15739576,999915739576,706,Spain,Male,20,8,0,2,1,1,12368.11,0
15631333,999915631333,677,Spain,Female,25,8,130866.19,1,1,0,42410.21,0
15604782,999915604782,733,Germany,Female,33,7,187257.94,1,0,1,190430.81,0
15589643,999915589643,684,Spain,Female,41,7,0,1,1,1,138394.37,0
15585533,999915585533,679,France,Male,36,6,147733.64,1,0,1,172501.38,0
15681506,999915681506,478,Spain,Male,43,1,0,2,1,1,197916.43,0
15630551,999915630551,696,France,Male,33,2,163139.27,1,1,1,7035.36,0
15698349,999915698349,686,Spain,Female,35,4,0,2,1,1,159676.55,0
15776631,999915776631,466,France,Female,36,5,119540.15,1,0,1,80603.99,0
15762216,999915762216,686,France,Female,41,4,129553.76,2,1,0,187599.8,0
15623927,999915623927,576,France,Male,55,9,0,2,1,1,94450.97,0
15681402,999915681402,763,Germany,Female,61,1,66101.89,1,1,1,143981.27,0
15586264,999915586264,572,France,Male,43,2,140431.98,1,1,0,26450.57,1
15594685,999915594685,757,France,Female,49,2,0,2,0,0,164482.92,0
15812945,999915812945,582,France,Female,29,0,0,1,1,1,84012.81,0
15734628,999915734628,623,France,Female,35,5,0,2,1,0,101192.08,0
15629323,999915629323,617,Germany,Female,37,4,116471.43,2,1,0,175324.74,1
15666823,999915666823,425,France,Male,39,4,0,2,1,0,197226.32,0
15777553,999915777553,659,France,Female,56,9,123785.24,1,1,0,99504.03,1
15613097,999915613097,605,France,Female,33,4,0,2,0,1,83700.66,0
15622217,999915622217,538,France,Female,38,8,88758.95,2,0,0,28226.15,1
15703588,999915703588,665,Germany,Male,25,5,153611.83,2,1,0,35321.65,0
15570835,999915570835,491,Germany,Female,57,4,112044.72,1,1,1,41229.73,1
15679299,999915679299,726,Spain,Female,27,7,123826.07,1,0,1,78970.58,0
15808044,999915808044,580,France,Female,65,9,106804.26,3,1,0,107890.69,1
15579208,999915579208,550,France,Female,48,6,0,2,1,1,191870.28,0
15684951,999915684951,542,France,Female,59,2,68892.77,2,1,0,7905.06,1
15667620,999915667620,732,France,Female,43,6,0,2,1,0,65731.53,0
15582960,999915582960,473,France,Female,33,5,125827.43,1,0,1,145698.73,0
15590730,999915590730,745,Spain,Male,34,9,0,2,1,0,50046.25,0
15763747,999915763747,732,France,Male,36,7,0,2,1,1,60830.24,0
15778320,999915778320,848,Germany,Female,40,5,148495.64,1,0,0,158853.98,0
15642787,999915642787,572,France,Male,37,1,133043.66,1,0,0,111243.09,0
15624633,999915624633,702,France,Male,45,9,74989.58,1,1,1,171014.69,0
15766765,999915766765,664,Germany,Male,39,7,60263.23,1,1,0,170835.32,0
15783615,999915783615,630,Germany,Male,50,3,129370.91,4,1,1,47775.34,1
15640161,999915640161,618,Germany,Male,44,5,157955.83,2,0,0,139297.71,0
15619889,999915619889,556,France,Male,26,4,0,1,1,0,195167.38,0
15579166,999915579166,619,France,Female,30,7,70729.17,1,1,1,160948.87,0
15789097,999915789097,644,France,Male,48,8,0,2,0,1,44965.54,1
15674880,999915674880,658,Spain,Male,50,2,0,2,1,0,52137.73,0
15778157,999915778157,598,Spain,Male,27,8,90721.52,2,1,0,109296.18,0
15779064,999915779064,677,France,Male,27,2,0,2,1,1,20092.89,0
15801265,999915801265,689,Spain,Female,45,0,57784.22,1,1,0,197804,1
15589204,999915589204,591,France,Male,33,9,131765.72,1,1,0,118782.06,0
15664543,999915664543,699,France,Male,40,7,0,1,0,1,152876.13,1
15582714,999915582714,749,Germany,Male,47,9,110022.74,1,0,1,135655.29,1
15797595,999915797595,709,France,Female,40,9,131569.63,1,1,1,103970.58,0
15614034,999915614034,607,Germany,Male,61,2,164523.5,2,1,1,35786.76,0
15763171,999915763171,650,Germany,Female,25,2,114330.95,1,1,1,25325.07,0
15647266,999915647266,651,Spain,Female,45,10,135923.16,1,1,0,18732.84,0
15757577,999915757577,676,France,Female,61,8,0,2,1,1,118522.73,0
15736656,999915736656,723,France,Female,49,4,0,2,0,1,89972.25,0
15635078,999915635078,714,Spain,Male,45,0,124693.48,1,0,1,187194.15,0
15680141,999915680141,759,Spain,Female,35,7,147936.42,1,1,1,106785.7,0
15576945,999915576945,582,France,Male,29,0,0,1,1,0,142516.35,0
15602034,999915602034,697,France,Female,34,2,126558.92,1,1,0,73334.43,0
15732020,999915732020,610,Germany,Male,57,6,106938.11,2,0,1,186612.47,0
15611029,999915611029,488,Germany,Female,33,4,140002.35,1,1,0,123613.81,0
15621210,999915621210,599,Germany,Male,46,9,123444.72,1,1,1,31368.08,1
15569222,999915569222,781,France,Male,32,6,147107.91,1,1,1,40066.95,0
15664639,999915664639,645,France,Male,19,9,128514.84,1,0,0,175969.19,0
15724223,999915724223,545,France,Female,55,5,0,1,0,0,10034.77,1
15644621,999915644621,597,Germany,Female,40,9,106756.01,2,1,0,151167.94,0
15756056,999915756056,561,Spain,Female,28,3,0,2,1,0,191387.76,0
15700353,999915700353,662,France,Female,37,6,0,2,1,0,51229.17,0
15624388,999915624388,649,Germany,Female,50,5,155393.32,1,1,1,87351.42,1
15627212,999915627212,630,France,Female,36,2,110414.48,1,1,1,48984.95,0
15648005,999915648005,672,Spain,Male,33,2,0,2,1,1,182738,0
15681446,999915681446,636,Germany,Female,37,9,157098.52,1,1,1,153535.27,0
15775888,999915775888,593,Germany,Female,38,5,85626.6,1,1,1,125079.65,0
15749019,999915749019,545,Germany,Male,45,6,93796.42,2,1,1,162321.26,0
15709928,999915709928,567,Spain,Female,41,1,0,2,1,0,3414.72,0
15784676,999915784676,583,France,Male,51,6,125268.03,2,1,0,165082.25,0
15748116,999915748116,681,France,Female,29,2,148143.84,1,1,1,52021.39,0
15612193,999915612193,762,Spain,Male,29,10,115545.33,2,1,0,148256.43,0
15762984,999915762984,648,Spain,Male,35,7,0,2,0,0,122899.01,0
15613713,999915613713,644,France,Male,30,5,44928.88,1,1,1,10771.46,0
15664204,999915664204,706,Spain,Male,29,2,0,2,1,1,18255.51,0
15639415,999915639415,850,France,Male,35,3,162442.35,1,1,0,183566.78,0
15806332,999915806332,484,Spain,Female,39,5,0,2,1,1,175224.12,0
15614929,999915614929,508,Germany,Male,28,0,96213.82,2,1,0,147913.56,0
15695492,999915695492,439,France,Female,29,6,156569.43,1,1,0,180598.66,0
15635972,999915635972,484,Spain,Male,36,8,0,2,1,0,186136.48,0
15616380,999915616380,803,Spain,Female,37,1,0,2,0,0,7455.2,0
15581440,999915581440,724,Germany,Female,48,6,110463.25,2,1,1,80552.11,1
15654390,999915654390,640,France,Male,33,7,154575.76,1,1,0,25722.28,1
15660688,999915660688,701,Spain,Female,35,9,0,2,0,0,170996.86,0
15806307,999915806307,537,France,Male,37,3,0,2,1,1,20603.32,0
15647975,999915647975,651,Germany,Male,26,5,147037.32,1,0,0,141763.26,0
15595728,999915595728,523,Germany,Male,41,0,119276.31,1,0,0,122284.38,1
15735388,999915735388,717,France,Female,25,7,108664.85,2,1,0,190011.85,0
15788535,999915788535,593,Spain,Male,44,5,0,1,1,0,128046.98,0
15765902,999915765902,706,Germany,Male,38,5,163034.82,2,1,1,135662.17,0
15642345,999915642345,714,Germany,Female,49,4,93059.34,1,1,0,7571.51,1
15641250,999915641250,794,Spain,Male,38,9,179581.31,1,1,0,23596.24,0
15706163,999915706163,518,Germany,Male,46,4,113625.93,1,0,0,92727.42,1
15746708,999915746708,589,Germany,Male,55,7,119961.48,1,1,0,65156.83,1
15775203,999915775203,824,France,Male,45,3,129209.48,1,0,0,60151.77,0
15787907,999915787907,719,Germany,Female,42,5,137227.04,3,1,0,149097.38,1
15646764,999915646764,617,Germany,Female,58,3,119024.75,2,1,0,35199.24,1
15678284,999915678284,651,France,Male,35,7,74623.5,3,1,0,129451.29,1
15726791,999915726791,637,Spain,Female,45,2,157929.45,1,1,1,145134.49,1
15813144,999915813144,554,France,Female,26,7,92606.86,2,1,0,192709.69,0
15669342,999915669342,731,Germany,Male,35,2,127862.93,2,1,0,139083.7,0
15710366,999915710366,569,Spain,Female,42,1,0,1,1,1,83629.6,1
15614934,999915614934,625,Germany,Female,37,4,142711.81,1,1,0,35625.41,0
15588701,999915588701,592,France,Female,38,4,0,2,1,0,35338.96,0
15665438,999915665438,669,France,Male,43,1,163159.85,1,0,1,15602.8,0
15644896,999915644896,663,Germany,Male,32,3,108586.86,1,1,1,182355.21,0
15670205,999915670205,518,Germany,Female,41,5,110624.99,1,1,0,89327.67,0
15635776,999915635776,686,Germany,Female,43,5,154846.24,2,1,1,151903.6,0
15791053,999915791053,709,Germany,Male,45,4,122917.71,1,1,1,11.58,1
15644005,999915644005,571,France,Female,33,9,0,2,0,1,77519.62,0
15796343,999915796343,707,France,Female,31,2,82787.93,2,0,0,91423.69,0
15751057,999915751057,701,Germany,Male,32,5,102500.34,1,0,0,106287.77,0
15623430,999915623430,672,France,Male,34,9,0,2,1,0,161800.77,0
15682600,999915682600,620,Germany,Male,39,9,159492.79,1,1,0,80582.34,1
15769312,999915769312,557,Spain,Male,48,10,0,2,1,1,185094.48,0
15708212,999915708212,648,Spain,Female,54,7,118241.02,1,1,0,172586.89,1
15650258,999915650258,479,France,Female,35,2,113090.4,1,1,0,195649.79,0
15604345,999915604345,730,France,Female,22,9,65763.57,1,1,1,145792.01,0
15578297,999915578297,737,Germany,Female,43,1,125537.38,1,1,0,138510.01,1
15671789,999915671789,616,France,Male,31,3,94263.91,2,1,0,168895.06,0
15726186,999915726186,639,Spain,Male,29,4,133434.57,2,1,0,97983.44,0
15764618,999915764618,815,Spain,Female,39,6,0,1,1,1,85167.88,0
15730738,999915730738,786,Spain,Male,31,9,0,2,1,1,18210.36,0
15637650,999915637650,549,France,Male,50,9,94748.76,2,0,1,13608.18,0
15606267,999915606267,622,France,Female,38,4,98640.74,1,1,1,110457.99,0
15625904,999915625904,624,France,Male,26,9,74681.9,2,0,0,31231.35,0
15654463,999915654463,841,France,Male,34,4,0,2,1,0,141582.66,0
15774151,999915774151,614,Spain,Female,41,7,179915.85,1,0,0,14666.35,1
15693259,999915693259,676,France,Male,30,1,128207.23,1,1,1,55400.17,0
15642468,999915642468,697,France,Male,42,9,132739.26,2,0,0,174667.65,0
15758531,999915758531,732,France,Female,40,10,0,2,1,0,154189.08,0
15728352,999915728352,623,France,Male,27,4,120509.81,1,0,0,142170.44,0
15637240,999915637240,541,France,Male,46,4,124547.13,2,1,0,94499.06,0
15595588,999915595588,773,Spain,Female,39,4,0,2,0,1,182081.45,0
15778395,999915778395,762,Germany,Male,34,4,88815.56,2,1,0,68562.26,1
15711825,999915711825,655,Spain,Female,35,1,82231.51,2,1,0,88798.02,0
15599251,999915599251,602,Germany,Male,32,7,184715.86,2,1,0,113781.99,0
15570004,999915570004,850,France,Male,31,3,0,2,1,0,121866.87,0
15656912,999915656912,649,Spain,Male,51,4,0,1,1,1,150390.57,0
15657342,999915657342,850,Germany,Male,28,4,147972.19,1,1,0,60708.72,1
15716284,999915716284,543,France,Male,43,9,0,2,1,1,78858.07,0
15672374,999915672374,672,France,Male,52,8,170008.84,1,0,0,56407.42,1
15732476,999915732476,600,France,Female,27,3,0,2,0,1,125698.97,0
15747724,999915747724,671,Spain,Female,34,10,0,1,1,0,23235.38,0
15633877,999915633877,706,Spain,Female,42,8,95386.82,1,1,1,75732.25,0
15672516,999915672516,541,Germany,Male,51,7,90373.28,2,1,0,179861.79,0
15607827,999915607827,711,Germany,Male,34,4,133467.77,2,1,1,42976.64,0
15751336,999915751336,630,Spain,Male,30,3,0,2,0,1,10486.69,0
15646539,999915646539,531,France,Male,31,3,96288.26,1,1,0,56794.73,0
15756901,999915756901,641,France,Female,26,4,91547.84,2,0,1,28157.34,0
15809286,999915809286,631,Germany,Male,37,8,138292.64,2,0,0,152422.91,1
15759021,999915759021,685,France,Male,35,9,0,1,1,0,167033.83,0
15725039,999915725039,702,Spain,Male,32,8,71667.74,1,1,1,126082.18,0
15579130,999915579130,708,Germany,Female,43,0,118994.84,1,1,0,181499.77,1
15754112,999915754112,653,Spain,Male,55,7,0,2,1,1,41967.03,0
15735522,999915735522,654,Germany,Male,37,2,145610.07,2,0,0,186300.59,0
15613326,999915613326,596,France,Female,33,1,138162.81,1,1,0,85412.54,0
15739502,999915739502,549,Germany,Female,31,9,135020.21,2,1,1,23343.18,0
15670914,999915670914,754,France,Male,38,2,0,2,1,0,180698.32,0
15604073,999915604073,815,Germany,Female,25,8,135161.67,1,1,1,136071.05,0
15806027,999915806027,556,France,Female,52,9,0,1,1,0,175149.2,1
15574886,999915574886,706,France,Male,32,6,94486.47,1,1,1,146949.74,0
15707120,999915707120,850,France,Male,46,9,117640.39,1,1,0,88920.68,0
15800845,999915800845,732,Spain,Female,33,8,111379.55,1,1,1,45098.62,0
15603914,999915603914,614,France,Male,40,6,0,1,1,1,20339.79,1
15722765,999915722765,580,Spain,Female,57,0,136820.99,1,0,1,108528.74,0
15783305,999915783305,593,France,Female,46,7,98752.51,1,1,0,145560.38,0
15574842,999915574842,653,Germany,Female,25,2,158266.42,3,1,1,199357.24,0
15607837,999915607837,746,France,Female,29,4,105599.67,1,1,1,43106.17,0
15714877,999915714877,662,France,Female,29,10,0,2,1,0,137508.31,0
15782941,999915782941,573,France,Male,31,2,0,2,1,1,91957.39,0
15630167,999915630167,684,Spain,Female,39,4,139723.9,1,1,1,120612.11,0
15759038,999915759038,793,France,Female,41,3,141806.46,1,1,0,102921.17,0
15661821,999915661821,798,Germany,Female,49,5,132571.67,1,1,1,31686.33,1
15728006,999915728006,524,France,Male,40,2,180516.9,1,1,0,180002.42,0
15712176,999915712176,816,France,Male,31,8,0,2,1,1,28407.4,0
15689351,999915689351,742,Germany,Female,41,4,92805.72,1,0,1,73743.95,1
15782247,999915782247,540,France,Male,22,4,0,3,1,1,186233.26,1
15769064,999915769064,537,Germany,Male,39,3,135309.36,1,1,0,31728.86,1
15718153,999915718153,759,Spain,Female,74,6,128917.84,1,1,1,48244.64,0
15613189,999915613189,774,France,Female,52,2,56580.93,1,1,0,113266.28,1
15661734,999915661734,608,Germany,Male,42,8,131390.75,2,1,0,71178.09,0
15592645,999915592645,704,Spain,Male,37,4,0,2,0,0,25684.93,0
15768387,999915768387,581,France,Male,41,8,0,2,0,0,29737.14,0
15792525,999915792525,628,Germany,Female,61,1,97361.66,1,1,1,149922.38,1
15586976,999915586976,566,France,Female,42,6,0,1,1,0,180702.12,1
15790659,999915790659,701,Spain,Male,59,7,0,2,0,1,27597.59,0
15691446,999915691446,735,Spain,Male,29,10,0,2,1,1,95025.27,0
15772632,999915772632,680,France,Female,34,1,0,2,1,0,167035.07,0
15706587,999915706587,560,France,Male,57,0,0,2,0,1,116781.71,0
15572461,999915572461,663,Germany,Female,29,4,102714.65,2,0,0,21170.81,0
15654409,999915654409,665,France,Female,34,5,67816.72,1,1,1,29641.58,0
15568025,999915568025,758,France,Male,51,8,81710.46,1,1,1,116520.07,0
15715769,999915715769,621,France,Male,26,2,75237.54,1,0,1,44220.4,0
15667458,999915667458,764,Germany,Male,28,10,124023.18,1,1,0,166188.28,0
15567980,999915567980,537,Germany,Female,46,5,100727.5,1,0,1,140857.76,1
15679294,999915679294,589,France,Female,46,10,107238.85,2,1,0,37024.28,0
15606507,999915606507,555,France,Male,24,5,0,2,1,0,27513.47,0
15578825,999915578825,734,France,Female,29,0,139994.66,1,1,0,17744.72,0
15619935,999915619935,783,Spain,Female,59,9,126224.87,1,1,1,4423.63,0
15636089,999915636089,678,Germany,Female,51,1,145751.03,1,0,0,109718.44,1
15727490,999915727490,661,France,Male,47,5,0,1,0,1,107243.31,1
15591766,999915591766,607,Spain,Female,25,4,121166.89,1,0,1,115288.24,0
15641629,999915641629,537,Spain,Female,38,1,0,2,0,1,41233.97,0
15813303,999915813303,513,Spain,Male,88,10,0,2,1,1,52952.24,0
15756920,999915756920,576,France,Male,63,9,70655.48,1,0,0,78955.8,1
15726403,999915726403,660,Germany,Male,41,1,129901.21,1,1,0,26025.6,1
15592765,999915592765,637,France,Male,40,8,125470.81,1,1,1,174536.17,0
15704442,999915704442,672,France,Female,53,9,169406.33,4,1,1,147311.47,1
15641136,999915641136,629,France,Male,32,2,0,2,0,1,77965.44,0
15725818,999915725818,583,Germany,Male,40,4,107041.3,1,1,1,5635.63,0
15612071,999915612071,763,Spain,Female,32,10,95153.77,1,0,1,81310.1,0
15719809,999915719809,516,Germany,Male,32,3,145166.09,2,0,0,111421.45,0
15716518,999915716518,617,France,Female,27,4,0,2,0,0,190269.21,0
15742210,999915742210,700,France,Male,38,9,65962.63,1,1,1,100950.48,0
15630617,999915630617,727,Germany,Male,36,6,140418.81,1,1,1,113033.73,1
15720838,999915720838,689,Spain,Female,31,3,139799.63,1,0,1,120663.57,0
15595537,999915595537,626,Germany,Male,49,9,171787.84,2,1,0,187192.23,0
15623196,999915623196,686,France,Male,38,6,149238.97,1,1,1,97825.23,0
15679249,999915679249,351,Germany,Female,57,4,163146.46,1,1,0,169621.69,1
15693199,999915693199,739,France,Female,37,8,0,2,1,0,191557.1,1
15661219,999915661219,627,France,Male,32,10,0,2,1,0,103287.62,0
15617136,999915617136,451,Germany,Female,38,9,61482.47,1,1,1,167538.66,0
15760294,999915760294,512,France,Female,41,8,145150.28,1,1,0,64869.32,1
15652808,999915652808,774,France,Female,41,5,126670.37,1,1,0,102426.06,0
15657139,999915657139,652,France,Female,40,8,84390.8,2,0,1,107876.2,0
15803790,999915803790,638,Germany,Male,37,2,89728.86,2,1,1,37294.88,0
15764105,999915764105,475,France,Female,57,1,0,2,1,0,89248.99,0
15672610,999915672610,567,Spain,Male,40,4,118628.8,1,0,0,91973.63,0
15766896,999915766896,750,France,Male,37,3,0,2,1,0,16870.2,0
15587735,999915587735,850,France,Male,39,6,96863.13,1,1,1,121681.19,0
15659501,999915659501,753,France,Female,38,6,142263.45,1,0,1,33730.43,0
15745001,999915745001,683,Spain,Female,36,7,0,2,1,0,104786.59,0
15651140,999915651140,710,France,Female,32,3,0,1,1,0,94790.34,0
15571148,999915571148,645,Spain,Female,21,1,0,2,0,0,28726.07,0
15776824,999915776824,714,France,Male,28,6,122724.37,1,1,1,67057.27,0
15633141,999915633141,696,Germany,Female,35,4,174902.26,1,1,0,69079.85,0
15764174,999915764174,612,Spain,Female,26,4,0,2,1,1,179780.74,0
15778155,999915778155,520,Germany,Female,31,3,108914.17,1,1,1,183572.39,1
15715920,999915715920,782,Spain,Male,23,10,98052.66,1,1,1,142587.32,0
15671917,999915671917,666,France,Male,46,5,123873.19,1,1,1,177844.06,0
15666548,999915666548,466,Germany,Female,56,2,111920.13,3,1,0,197634.11,1
15625623,999915625623,567,France,Female,45,4,0,2,0,1,121053.19,0
15748123,999915748123,613,France,Male,20,3,0,2,1,1,149613.77,0
15648735,999915648735,718,France,Male,37,8,0,2,1,1,142.81,0
15634974,999915634974,614,France,Female,37,8,75150.34,4,0,1,131766.67,1
15713378,999915713378,711,France,Male,38,10,0,2,0,0,53311.78,0
15753370,999915753370,691,Germany,Female,38,5,114753.76,1,1,0,107665.02,0
15782659,999915782659,527,France,Male,32,0,0,1,1,0,109523.88,0
15583364,999915583364,476,France,Female,32,6,111871.93,1,0,0,112132.86,0
15625942,999915625942,619,Spain,Female,45,0,0,2,0,0,113645.4,0
15720284,999915720284,607,Germany,Female,37,4,135927.06,1,0,0,180890.4,0
15679642,999915679642,695,Spain,Male,44,8,0,2,1,1,70974.13,0
15628007,999915628007,653,France,Male,33,1,0,2,0,0,53379.52,0
15661974,999915661974,677,France,Male,46,2,57037.74,1,1,1,158531.01,0
15689341,999915689341,655,France,Female,50,10,0,4,1,0,179267.94,1
15607993,999915607993,625,France,Female,52,2,79468.96,1,1,1,84606.03,0
15693267,999915693267,679,Germany,Female,34,7,121063.85,1,1,0,56984.58,0
15769522,999915769522,734,France,Male,51,1,118537.47,1,1,1,116912.45,0
15755825,999915755825,666,France,Male,39,10,0,2,1,0,102999.33,0
15598175,999915598175,592,Germany,Female,26,4,105082.07,2,1,0,132801.57,0
15744327,999915744327,564,France,Male,40,4,0,1,1,0,85455.62,1
15798666,999915798666,814,France,Female,36,6,0,2,1,1,98657.01,0
15577064,999915577064,592,Germany,Male,36,2,104702.65,2,1,0,107948.72,0
15759436,999915759436,758,France,Female,50,2,95813.76,3,1,1,67944.09,1
15690231,999915690231,612,Spain,Female,62,0,167026.61,2,1,1,192892.05,0
15751561,999915751561,498,Germany,Male,61,7,102453.26,1,1,0,187247.56,1
15739068,999915739068,638,Germany,Male,25,4,148045.45,2,1,1,114722.42,0
15758056,999915758056,558,France,Male,35,1,0,2,0,0,111687.57,0
15742269,999915742269,756,France,Female,24,1,0,2,1,0,184182.25,0
15726490,999915726490,782,Spain,Male,52,4,0,1,1,1,52759.82,1
15738411,999915738411,505,France,Male,34,10,104498.79,1,0,1,126451.14,0
15727919,999915727919,671,Spain,Female,29,6,0,2,0,0,12048.67,0
15709396,999915709396,801,France,Male,42,6,0,2,1,1,95804.33,0
15654106,999915654106,604,France,Male,26,8,149542.52,2,0,1,197911.52,0
15621653,999915621653,716,France,Female,29,10,87946.39,1,1,1,182531.74,0
15598086,999915598086,624,France,Female,45,3,68639.57,1,1,0,168002.31,1
15752300,999915752300,607,Germany,Male,47,4,148826.32,1,1,1,79450.61,0
15658693,999915658693,827,France,Female,60,2,0,2,0,1,60615.83,0
15631838,999915631838,606,France,Male,61,5,108166.09,2,0,1,8643.21,0
15803804,999915803804,717,Germany,Female,35,5,103214.71,1,1,0,172172.7,0
15578809,999915578809,651,Germany,Male,40,1,134760.21,2,0,0,174434.06,1
15752026,999915752026,691,France,Male,58,3,0,1,0,1,194930.3,1
15723706,999915723706,573,France,Female,33,0,90124.64,1,1,0,137476.71,0
15752838,999915752838,723,Spain,Male,38,6,0,2,1,1,94415.6,0
15569571,999915569571,584,Germany,Female,46,6,87361.02,2,1,0,120376.87,1
15769703,999915769703,550,Germany,Female,45,8,111257.59,1,0,0,97623.42,1
15679770,999915679770,611,France,Female,61,3,131583.59,4,0,1,66238.23,1
15791102,999915791102,549,Germany,Male,41,9,95020.8,3,1,1,131710.59,1
15655192,999915655192,850,Spain,Female,24,1,0,2,0,1,69052.87,0
15709487,999915709487,668,Germany,Male,34,5,80242.37,2,0,0,56780.97,0
15687130,999915687130,686,France,Female,43,0,0,1,1,1,170072.9,0
15755178,999915755178,660,France,Male,50,1,0,3,1,1,191849.15,1
15634772,999915634772,682,Spain,Female,59,0,122661.39,1,0,1,84803.76,0
15617197,999915617197,524,France,Male,50,4,0,2,1,1,31840.59,1
15631240,999915631240,645,France,Female,36,8,0,2,1,1,12096.61,1
15784301,999915784301,850,France,Male,42,0,0,2,1,0,44165.84,0
15631310,999915631310,537,France,Female,53,3,0,1,1,1,91406.62,0
15756560,999915756560,599,Spain,Female,46,7,81742.84,2,1,0,83282.21,0
15732270,999915732270,727,Spain,Male,71,8,0,1,1,1,198446.91,1
15739357,999915739357,756,Spain,Male,30,2,145127.85,1,0,0,7554.68,0
15771540,999915771540,755,France,Male,38,9,148912.44,1,1,0,80416.16,0
15567486,999915567486,634,Spain,Female,41,4,0,2,1,1,164549.74,0
15714634,999915714634,837,France,Male,26,4,89900.24,2,1,0,175477.03,0
15727021,999915727021,727,Germany,Female,30,8,119027.28,2,1,1,137903.54,0
15650670,999915650670,567,Germany,Female,40,2,105222.86,2,1,0,93795.86,0
15711834,999915711834,650,Spain,Female,30,6,0,1,0,0,67997.13,1
15729763,999915729763,655,Spain,Male,34,1,116114.93,1,1,1,49492.15,0
15646566,999915646566,763,France,Female,58,9,187911.55,1,0,1,35825.18,0
15645463,999915645463,843,France,Female,27,5,0,2,1,1,67494.23,0
15672144,999915672144,667,France,Female,38,6,144432.04,1,1,1,73963.17,1
15596088,999915596088,705,France,Female,50,4,77065.9,2,0,1,145159.26,0
15614878,999915614878,660,Germany,Female,29,6,180520.29,1,1,1,123850.58,0
15635240,999915635240,553,France,Male,42,1,0,2,0,0,23822.04,0
15775905,999915775905,612,Germany,Female,47,6,130024.87,1,1,1,45750.21,1
15700657,999915700657,641,Germany,Female,40,2,110086.69,1,1,0,159773.14,0
15611905,999915611905,513,Spain,Female,31,5,174853.46,1,1,0,84238.63,0
15652527,999915652527,680,France,Male,44,7,108724.98,1,0,1,72330.46,0
15785865,999915785865,711,France,Male,58,9,91285.13,2,1,1,26767.85,0
15645942,999915645942,689,Spain,Male,40,2,0,2,1,1,164768.82,0
15688691,999915688691,665,Germany,Female,51,9,110610.41,2,0,1,1112.76,1
15592736,999915592736,551,Germany,Male,54,5,102994.04,1,1,0,176680.16,1
15673529,999915673529,645,Spain,Male,36,4,59893.85,2,1,0,43999.64,0
15724145,999915724145,616,Germany,Male,29,8,149318.55,1,1,0,140746.13,0
15704629,999915704629,582,France,Female,32,1,116409.55,1,0,1,152790.92,0
15597896,999915597896,365,Germany,Male,30,0,127760.07,1,1,0,81537.85,1
15731790,999915731790,697,Germany,Female,38,6,132591.36,1,1,1,7387.8,1
15634719,999915634719,704,France,Male,31,0,0,2,1,0,183038.33,0
15703205,999915703205,656,France,Female,46,5,113402.14,2,1,1,138849.06,0
15567333,999915567333,712,France,Female,31,7,0,2,1,0,170333.38,0
15754537,999915754537,748,France,Male,40,0,0,1,0,0,60416.76,0
15612030,999915612030,724,France,Male,28,9,0,2,1,1,100240.2,0
15573242,999915573242,691,France,Male,50,6,136953.47,1,1,1,2704.98,0
15601892,999915601892,563,France,Male,33,8,0,2,0,1,68815.05,0
15663885,999915663885,741,France,Male,32,5,0,1,1,1,64839.23,0
15701096,999915701096,778,France,Male,44,8,123863.64,1,1,0,144494.94,0
15710450,999915710450,848,Spain,Male,22,7,120811.89,1,1,1,185510.34,0
15790846,999915790846,634,Germany,Male,38,2,148430.55,1,1,1,56055.72,0
15658956,999915658956,505,Germany,Male,40,6,47869.69,2,1,1,155061.97,0
15755223,999915755223,692,Germany,Male,53,7,150926.99,2,0,0,119817.19,0
15787318,999915787318,537,Germany,Female,47,6,103163.35,1,1,0,16259.64,1
15737310,999915737310,633,France,Male,29,10,130206.28,1,1,0,184654.87,0
15763665,999915763665,833,France,Female,28,4,136674.51,2,0,0,5278.78,0
15668818,999915668818,592,Spain,Female,40,2,200322.45,1,1,1,113244.73,0
15765812,999915765812,587,Spain,Male,48,1,0,2,1,1,8908,0
15704844,999915704844,550,Spain,Male,62,7,80927.56,1,0,1,64490.67,0
15744582,999915744582,680,France,Female,24,10,0,3,1,0,154971.63,1
15616700,999915616700,622,Spain,Female,41,9,0,2,1,1,155786.39,0
15683521,999915683521,594,Germany,Male,28,0,142574.71,2,1,0,129084.82,0
15583049,999915583049,643,Germany,Female,34,7,160426.07,1,0,1,188533.11,0
15643752,999915643752,540,France,Male,25,5,116160.23,1,1,0,13411.67,0
15620398,999915620398,635,Spain,Female,34,5,98683.47,2,1,0,15733.19,0
15715707,999915715707,657,France,Male,32,3,118829.03,2,1,1,73127.61,0
15814209,999915814209,814,France,Male,31,1,118870.92,1,1,0,101704.19,0
15733768,999915733768,600,France,Male,32,1,0,1,1,1,101986.16,0
15755242,999915755242,682,France,Female,46,2,0,1,1,1,114442.66,0
15729412,999915729412,682,France,Male,38,4,107192.38,1,1,1,15669.17,0
15746564,999915746564,566,France,Male,42,3,108010.78,1,1,1,157486.1,0
15588446,999915588446,550,Spain,Male,34,3,0,2,0,0,131281.28,0
15665221,999915665221,630,France,Male,26,7,129837.72,2,0,1,197001.15,0
15640846,999915640846,546,Germany,Female,58,3,106458.31,4,1,0,128881.87,1
15700209,999915700209,486,France,Male,63,9,97009.15,1,1,1,85101,0
15658360,999915658360,762,Spain,Male,35,9,122929.42,2,0,0,149822.04,0
15602735,999915602735,692,Germany,Male,45,6,152296.83,4,0,1,108040.86,1
15724834,999915724834,498,France,Female,30,1,0,2,0,0,135795.53,0
15800062,999915800062,850,Spain,Male,49,8,0,1,0,0,25867.67,1
15685300,999915685300,603,France,Male,35,6,128993.76,2,1,0,130483.56,0
15760102,999915760102,551,France,Female,36,5,0,1,1,0,183479.12,0
15787026,999915787026,627,Germany,Male,27,0,185267.45,2,1,1,77027.34,0
15653696,999915653696,515,France,Female,28,9,0,2,0,0,94141.75,0
15788946,999915788946,605,Spain,Female,29,3,116805.82,1,0,0,4092.75,0
15600724,999915600724,567,Germany,Male,29,5,129750.68,1,1,0,109257.59,0
15574324,999915574324,568,Germany,Female,29,2,129177.01,2,0,1,104617.99,0
15707144,999915707144,571,Germany,Male,25,6,82506.72,2,1,0,167705.07,0
15775891,999915775891,634,Germany,Male,48,2,107247.69,1,1,1,103712.05,1
15711789,999915711789,768,Spain,Female,42,3,0,1,0,0,161242.99,1
15600879,999915600879,554,Germany,Female,36,3,157780.93,2,1,0,6089.13,0
15681196,999915681196,629,France,Male,35,1,172170.36,1,1,1,159777.37,0
15716000,999915716000,638,Spain,Male,48,2,0,2,1,1,7919.08,0
15766776,999915766776,576,France,Male,41,1,0,1,1,1,188274.6,0
15680278,999915680278,661,Spain,Female,42,9,75361.44,1,1,0,27608.12,1
15688637,999915688637,592,France,Female,27,4,0,2,1,1,183569.25,0
15591179,999915591179,702,Spain,Male,30,2,0,2,1,1,145537.32,0
15677435,999915677435,647,France,Female,29,0,98263.46,2,1,0,164717.95,0
15698619,999915698619,593,France,Male,43,9,0,2,1,1,76357.43,0
15581036,999915581036,712,Germany,Female,40,3,109308.79,2,1,0,120158.72,1
15622117,999915622117,625,Spain,Female,31,8,0,2,1,0,151843.54,0
15599301,999915599301,538,Germany,Female,28,6,164365.44,1,0,1,5698.97,0
15581548,999915581548,637,Spain,Female,22,5,98800,1,1,0,122865.55,0
15586870,999915586870,632,France,Male,27,4,193125.85,1,1,1,152665.85,0
15735263,999915735263,736,France,Male,27,5,51522.75,1,0,1,192131.77,0
15765322,999915765322,755,France,Male,23,5,84284.48,2,1,1,62851.6,0
15582944,999915582944,425,Spain,Female,39,5,0,2,1,0,140941.47,0
15687162,999915687162,461,France,Male,51,9,119889.84,1,0,0,56767.67,1
15644962,999915644962,745,France,Male,21,4,137910.45,1,1,1,177235.23,0
15612615,999915612615,616,France,Female,37,6,0,2,1,0,86242.18,0
15813439,999915813439,587,France,Male,33,5,100116.82,1,1,0,34215.58,0
15604544,999915604544,850,Germany,Male,40,4,166082.15,2,0,1,44406.17,0
15761348,999915761348,601,France,Female,38,0,0,2,1,0,165196.65,0
15785078,999915785078,730,Spain,Male,26,3,0,1,1,0,34542.41,0
15759874,999915759874,532,France,Male,44,3,148595.55,1,1,0,74838.64,1
15643658,999915643658,850,Germany,Male,53,2,94078.97,2,1,0,36980.54,0
15713267,999915713267,779,Spain,Female,34,5,0,2,0,1,111676.63,0
15737782,999915737782,562,France,Male,29,9,0,1,1,1,25858.68,0
15815490,999915815490,670,Germany,Male,40,2,164948.98,3,0,0,177028,1
15679410,999915679410,729,France,Female,62,4,140549.4,1,1,0,30990.16,1
15756241,999915756241,767,France,Female,44,2,152509.25,1,1,1,136915.15,0
15688409,999915688409,742,France,Female,28,2,191864.51,1,1,0,108457.99,1
15742272,999915742272,669,France,Female,44,8,96418.09,1,0,0,131609.48,1
15717898,999915717898,542,Spain,Male,32,2,131945.94,1,0,1,159737.56,0
15769582,999915769582,586,France,Male,29,3,0,2,1,1,142238.54,0
15635660,999915635660,612,Germany,Male,30,9,142910.15,1,1,0,105890.55,1
15576723,999915576723,740,France,Female,37,7,0,2,1,1,194270.91,0
15591577,999915591577,584,France,Male,35,3,146311.58,1,1,1,105443.47,0
15582325,999915582325,524,France,Male,52,2,87894.26,1,1,0,173899.42,1
15693947,999915693947,614,France,Female,19,5,97445.49,2,1,0,122823.34,0
15760446,999915760446,598,France,Female,64,9,0,1,0,1,13181.37,1
15611105,999915611105,799,Spain,Male,35,7,0,2,0,1,140780.8,0
15630920,999915630920,724,France,Male,34,2,154485.74,2,0,0,78560.64,0
15574910,999915574910,601,France,Male,50,2,115625.07,1,1,0,185855.21,0
15756472,999915756472,804,France,Male,25,7,108396.67,1,1,0,128276.95,0
15682890,999915682890,745,Germany,Male,38,5,65095.41,2,1,1,140197.42,0
15641994,999915641994,667,Germany,Male,43,1,103018.45,1,1,0,32462.39,1
15733297,999915733297,518,France,Female,38,10,84764.79,1,1,1,162253.9,0
15767793,999915767793,819,France,Female,38,10,0,2,1,0,30498.7,0
15725698,999915725698,520,Spain,Female,35,4,115680.81,1,1,1,90280.7,0
15813532,999915813532,625,France,Female,39,5,0,2,1,0,32615.21,0
15576760,999915576760,673,Germany,Male,36,5,73088.06,2,0,0,196142.26,0
15732102,999915732102,656,Germany,Female,27,3,150905.03,2,1,0,16998.72,0
15739046,999915739046,850,Spain,Female,23,9,143054.85,1,0,1,62980.96,0
15631927,999915631927,574,Spain,Female,28,7,0,2,0,0,185660.3,0
15672115,999915672115,679,France,Male,60,6,0,2,1,1,77331.77,0
15618765,999915618765,530,Germany,Female,42,0,99948.45,1,0,1,97338.62,0
15679148,999915679148,508,France,Male,44,3,115451.05,2,0,0,67234.33,0
15728474,999915728474,558,Germany,Male,32,4,108235.91,1,1,1,143783.28,0
15636999,999915636999,414,France,Male,38,8,0,1,0,1,77661.12,1
15754261,999915754261,648,Spain,Male,42,2,98795.61,2,1,0,89123.99,0
15629150,999915629150,721,France,Female,37,1,0,2,1,0,70810.8,0
15736274,999915736274,751,France,Male,31,8,0,2,0,0,17550.49,0
15627697,999915627697,662,France,Male,34,2,0,2,0,1,21497.27,0
15721585,999915721585,628,Germany,Male,29,3,113146.98,2,0,1,124749.08,0
15639946,999915639946,597,Germany,Female,39,8,162532.14,3,1,0,36051.46,1
15792176,999915792176,698,Spain,Female,40,0,92053.44,1,1,1,143681.83,0
15699450,999915699450,723,France,Male,48,7,0,2,1,1,150694.58,0
15729954,999915729954,586,France,Female,28,5,0,3,1,0,170487.4,1
15600103,999915600103,633,Germany,Female,29,8,104944.1,1,1,1,97684.46,0
15786200,999915786200,564,France,Male,31,4,0,2,1,0,53520.03,0
15797010,999915797010,649,France,Female,31,2,0,2,1,0,15200.61,0
15670172,999915670172,622,France,Female,30,4,107879.04,1,0,1,196894.62,0
15627352,999915627352,459,Germany,Male,46,7,110356.42,1,1,0,4969.13,1
15622494,999915622494,718,France,Male,27,2,0,2,0,0,26229.24,0
15585835,999915585835,655,Spain,Female,34,4,109783.69,2,1,0,134034.32,0
15595071,999915595071,696,France,Male,22,9,149777,1,1,1,198032.93,0
15628203,999915628203,637,France,Female,38,3,104339.56,1,0,0,119882.86,0
15667190,999915667190,630,Spain,Female,21,1,85818.18,1,1,1,133102.3,0
15780212,999915780212,592,France,Male,37,4,212692.97,1,0,0,176395.02,0
15766869,999915766869,634,Germany,Male,37,1,89696.84,2,1,1,193179.88,0
15775741,999915775741,608,France,Female,28,9,0,2,1,1,125062.02,0
15628170,999915628170,565,Germany,Female,32,9,68067.24,1,1,0,143287.58,0
15701318,999915701318,763,Spain,Male,67,9,148564.66,1,0,1,87236.4,0
15710928,999915710928,665,France,Female,55,8,136354.16,1,1,1,93769.89,0
15682547,999915682547,649,France,Male,38,1,122214,1,0,1,88965.46,0
15631170,999915631170,695,France,Male,45,3,0,2,1,1,30793.61,0
15648702,999915648702,775,Germany,Male,70,6,119684.88,2,1,1,74532.02,0
15783444,999915783444,788,France,Female,39,3,135139.33,1,0,1,113086.08,0
15809178,999915809178,569,Germany,Female,42,9,146100.75,1,1,0,32574.01,1
15806688,999915806688,726,Spain,Female,56,8,123110.9,3,0,1,130113.78,1
15576824,999915576824,564,Germany,Female,44,3,111760.4,3,1,1,104722.47,1
15675422,999915675422,544,France,Female,32,9,110728.39,1,1,1,14559.62,0
15681550,999915681550,614,France,Female,41,8,121558.46,1,1,1,598.8,0
15812628,999915812628,453,Germany,Female,38,8,120623.21,1,1,0,129697.99,0
15597951,999915597951,471,France,Female,58,4,114713.57,1,1,1,36315.03,0
15807045,999915807045,829,Germany,Female,37,3,103457.76,1,0,0,1114.12,0
15581748,999915581748,754,Germany,Male,57,2,101134.87,2,1,1,70954.41,0
15770420,999915770420,749,Germany,Male,46,10,78136.36,2,1,1,73470.98,0
15608230,999915608230,667,France,Male,23,1,0,2,1,0,91573.19,0
15730339,999915730339,670,Spain,Male,30,3,133446.34,1,0,0,3154.95,0
15712584,999915712584,670,France,Female,33,7,0,2,1,1,88187.81,0
15592816,999915592816,623,Germany,Female,48,1,108076.33,1,1,0,118855.26,1
15641480,999915641480,571,France,Male,32,5,131354.25,1,1,0,125256.53,0
15708505,999915708505,641,Germany,Female,37,7,62974.64,2,0,1,39016.43,0
15791131,999915791131,551,Germany,Female,30,2,143340.44,1,1,0,145796.49,0
15618225,999915618225,741,Germany,Male,36,8,116993.43,2,1,0,168816.22,0
15644724,999915644724,472,France,Male,31,4,58662.92,2,0,1,73322,0
15662098,999915662098,650,Spain,Male,41,3,128808.65,3,0,0,113677.53,1
15723894,999915723894,625,France,Male,45,7,137555.44,1,0,0,124607.7,0
15787699,999915787699,650,Germany,Male,34,4,142393.11,1,1,1,11276.48,0
15687738,999915687738,535,France,Female,38,8,0,2,1,0,136620.64,0
15576126,999915576126,649,France,Female,41,2,125785.23,1,1,1,70523.92,0
15658889,999915658889,689,France,Male,22,4,136444.25,1,1,0,51980.25,1
15667046,999915667046,694,Spain,Male,38,7,121527.4,1,1,0,113481.02,0
15669957,999915669957,655,Germany,Male,52,9,144696.75,1,1,1,49025.79,0
15655794,999915655794,620,France,Male,36,8,0,2,1,1,145937.99,0
15599829,999915599829,577,France,Female,35,10,0,2,1,1,25161.61,0
15753332,999915753332,401,Germany,Male,48,8,128140.17,1,1,0,175753.55,1
15671124,999915671124,599,France,Male,25,6,120383.41,1,1,1,24903.09,0
15767474,999915767474,481,France,Female,57,9,0,3,1,1,169719.35,1
15720671,999915720671,704,France,Male,42,8,129735.3,2,1,1,179565.57,0
15626787,999915626787,698,Spain,Female,31,8,185078.26,1,0,0,115337.74,1
15774491,999915774491,480,France,Female,28,6,0,2,0,0,48131.92,0
15579647,999915579647,682,France,Male,42,0,0,1,1,1,160828.98,0
15625522,999915625522,700,Spain,Male,31,7,0,2,0,1,145151.96,0
15765806,999915765806,492,France,Male,29,1,144591.96,1,1,1,196293.76,0
15566708,999915566708,444,France,Female,45,4,0,2,1,0,161653.5,1
15668347,999915668347,624,France,Male,36,6,0,2,0,0,84635.64,0
15575214,999915575214,709,France,Male,37,7,0,1,1,0,159486.76,0
15591123,999915591123,557,Germany,Male,68,2,100194.44,1,1,1,38596.34,0
15573280,999915573280,646,Germany,Male,50,6,145295.31,2,1,1,27814.74,0
15589018,999915589018,719,Germany,Male,28,3,106070.29,2,1,1,183893.31,0
15654495,999915654495,706,Germany,Female,47,6,120621.89,1,1,1,140803.7,0
15597265,999915597265,660,France,Male,38,7,0,2,0,1,146585.53,0
15733876,999915733876,667,France,Male,36,9,0,2,1,1,40062.29,0
15677217,999915677217,705,France,Male,30,1,0,1,1,1,181300.32,0
15747265,999915747265,598,Germany,Female,27,10,171283.91,1,1,1,84136.12,0
15713379,999915713379,669,France,Male,26,4,0,2,1,1,197594.34,0
15730433,999915730433,580,Germany,Female,38,1,128218.47,1,1,0,125953.83,1
15693347,999915693347,676,France,Female,32,5,0,2,1,1,75465.41,0
15715465,999915715465,714,Germany,Male,28,7,77776.39,1,1,0,177737.07,0
15680736,999915680736,597,Germany,Female,72,6,124978.19,2,1,1,7144.46,0
15610765,999915610765,559,France,Male,29,1,0,2,0,0,155639.76,0
15650034,999915650034,564,France,Female,28,1,0,1,1,1,162428.05,0
15782468,999915782468,850,Spain,Male,51,3,109799.55,2,1,1,12457.76,1
15685109,999915685109,689,France,Male,39,7,0,2,0,0,14917.09,0
15776233,999915776233,758,Germany,Female,61,8,125397.21,1,1,0,182184.09,1
15761141,999915761141,604,Spain,Female,71,10,0,2,1,1,129984.2,0
15781702,999915781702,733,Germany,Male,38,9,111347.37,2,0,1,194872.97,0
15790235,999915790235,778,Spain,Male,40,8,104291.41,2,1,1,117507.11,0
15641416,999915641416,732,Germany,Female,61,9,94867.18,2,1,1,157527.6,1
15775234,999915775234,646,France,Male,24,8,0,2,0,0,92612.88,0
15659475,999915659475,597,France,Female,33,6,135703.59,2,0,0,74850.84,0
15642202,999915642202,821,Germany,Female,37,5,106453.53,2,0,1,127413,0
15771417,999915771417,640,France,Male,43,7,132412.38,1,0,0,69584.3,1
15585100,999915585100,511,Germany,Female,40,9,124401.6,1,1,0,198814.24,1
15700487,999915700487,805,France,Male,46,6,118022.06,3,1,0,162643.15,1
15726589,999915726589,540,Germany,Male,39,1,82531.11,1,1,0,114092.52,0
15747503,999915747503,705,Spain,Male,44,0,184552.12,1,1,0,68860.3,1
15595883,999915595883,540,Germany,Male,39,4,127278.31,1,1,1,16150.34,0
15663826,999915663826,532,Spain,Female,66,3,0,1,1,1,115227.02,0
15742820,999915742820,535,France,Female,45,2,0,2,0,1,170621.55,0
15624793,999915624793,627,Germany,Male,23,5,184244.86,1,1,0,103099.22,0
15597930,999915597930,646,France,Male,52,8,59669.43,1,0,0,172495.81,1
15665110,999915665110,515,France,Female,25,7,79543.59,1,0,1,38772.82,0
15770719,999915770719,697,France,Female,39,6,151553.19,1,1,1,44946.29,0
15731327,999915731327,652,Germany,Male,27,2,166527.88,2,0,1,146007.7,0
15576044,999915576044,579,Germany,Male,28,6,150329.15,1,1,0,145558.42,0
15775662,999915775662,760,France,Male,43,8,121911.59,1,1,0,193312.33,0
15646817,999915646817,769,France,Male,51,9,156773.78,2,1,0,40257.79,0
15596060,999915596060,498,Spain,Male,29,8,127864.26,1,1,1,46677.9,0
15723299,999915723299,774,France,Male,53,4,113709.28,1,1,1,153887.93,1
15636982,999915636982,705,Germany,Female,43,7,79974.55,1,1,1,103108.33,0
15751175,999915751175,648,France,Female,44,2,0,2,1,1,58652.23,0
15618936,999915618936,688,France,Female,51,5,0,1,1,0,91624.11,1
15787529,999915787529,592,Spain,Male,38,0,0,1,1,0,65986.48,1
15780128,999915780128,705,France,Male,33,3,144427.96,2,1,0,113845.19,0
15615991,999915615991,654,France,Male,42,7,99263.09,1,1,1,67607.9,0
15757001,999915757001,624,France,Female,32,2,79368.87,2,1,1,145471.94,0
15595388,999915595388,594,France,Female,30,10,0,2,1,1,124071.71,0
15699550,999915699550,695,Spain,Female,34,9,0,2,1,1,67502.12,0
15581620,999915581620,597,France,Male,28,2,0,3,1,1,78707.97,0
15600934,999915600934,758,France,Female,52,7,125095.94,1,1,0,171189.83,1
15738672,999915738672,737,Germany,Female,40,2,162485.8,2,1,0,149381.32,0
15721307,999915721307,694,Germany,Male,37,1,95668.82,2,1,0,100335.55,0
15619280,999915619280,683,France,Male,25,4,0,2,1,0,152698.24,0
15768244,999915768244,538,Spain,Female,30,8,0,2,1,1,41192.95,0
15806837,999915806837,669,France,Male,37,4,0,1,1,0,132540.33,0
15643496,999915643496,730,France,Female,34,5,74197.38,2,1,0,96875.52,0
15813916,999915813916,622,France,Female,31,1,89688.94,1,1,1,152305.47,0
15626385,999915626385,714,Spain,Female,33,10,103121.33,2,1,1,49672.01,0
15603582,999915603582,569,Spain,Female,34,3,0,1,1,0,133997.53,0
15764351,999915764351,668,Germany,Female,59,5,120170.07,1,0,1,50454.8,0
15667938,999915667938,628,France,Male,32,9,149136.31,2,1,1,16402.11,0
15576360,999915576360,600,France,Male,40,1,141136.79,1,1,1,67803.83,0
15628813,999915628813,693,France,Female,43,4,152341.55,1,1,0,9241.78,0
15584190,999915584190,704,France,Male,36,7,120026.98,2,0,1,100601.73,0
15716449,999915716449,527,Spain,Male,33,9,132168.28,1,0,0,98734.15,0
15759913,999915759913,553,Germany,Male,43,6,85200.82,2,1,1,160574.09,0
15701555,999915701555,575,Spain,Male,53,1,84903.33,2,0,1,26015.8,0
15758482,999915758482,626,France,Female,32,0,0,2,0,0,187172.54,0
15758171,999915758171,582,France,Male,20,4,0,1,1,1,55763.66,0
15680346,999915680346,683,Spain,Male,40,8,0,1,1,0,75848.22,0
15649124,999915649124,850,France,Male,30,9,121535.18,1,0,0,40313.47,0
15812917,999915812917,653,Spain,Male,35,6,116662.96,2,1,1,23864.21,0
15768455,999915768455,679,France,Male,60,8,0,2,1,1,51380.9,0
15703059,999915703059,549,Germany,Female,49,6,124829.16,1,0,1,93551.36,0
15646196,999915646196,850,Spain,Female,36,2,155180.56,2,0,0,169415.54,0
15585451,999915585451,558,Germany,Female,32,1,108262.87,1,1,1,6935.31,0
15714057,999915714057,528,Spain,Male,40,4,0,2,1,0,25399.7,0
15748473,999915748473,801,France,Male,38,5,0,2,1,0,66256.27,0
15785782,999915785782,513,Spain,Male,48,2,0,1,1,1,114709.13,1
15693233,999915693233,666,Germany,Male,38,6,99812.88,2,1,1,158357.97,0
15757521,999915757521,606,France,Male,35,2,132164.26,1,0,1,164815.59,0
15812513,999915812513,599,Germany,Male,45,10,103583.05,1,1,0,132127.69,1
15674950,999915674950,544,Germany,Male,39,4,142406.43,2,1,0,146637.45,0
15678572,999915678572,529,Spain,Male,38,7,99842.5,2,1,0,90256.06,1
15713608,999915713608,850,France,Female,41,5,0,2,1,1,34827.43,0
15579262,999915579262,497,France,Male,41,9,0,1,0,0,22074.48,0
15610426,999915610426,764,France,Female,39,5,81042.42,1,0,1,109805.17,0
15776454,999915776454,603,France,Female,48,5,0,1,1,0,100478.6,1
15771483,999915771483,609,France,Male,40,6,0,2,1,1,97416.34,0
15648489,999915648489,487,France,Male,53,4,199689.49,1,1,1,24207.86,1
15646609,999915646609,748,France,Male,33,1,142645.43,1,0,0,69132.66,0
15693203,999915693203,710,Spain,Female,75,5,0,2,1,1,9376.89,0
15813067,999915813067,432,Germany,Female,45,3,110219.14,1,1,0,43046.7,1
15769829,999915769829,534,Spain,Male,51,3,0,2,0,1,20856.31,0
15662434,999915662434,607,France,Male,25,3,0,2,0,0,187048.72,0
15773503,999915773503,551,Spain,Male,32,4,0,2,1,0,53420.53,0
15705890,999915705890,674,France,Male,45,7,142072.02,1,1,0,37013.29,0
15711398,999915711398,525,France,Female,25,6,0,2,1,0,89566.64,0
15752375,999915752375,645,Germany,Male,33,8,149564.61,1,0,0,149913.84,0
15659175,999915659175,755,France,Female,43,9,0,2,1,0,18066.69,0
15597033,999915597033,708,Germany,Male,37,8,153366.13,1,1,1,26912.34,0
15590228,999915590228,715,France,Male,21,6,76467.16,1,1,1,173511.72,0
15631848,999915631848,727,France,Female,26,9,121508.28,1,1,1,146785.44,0
15654211,999915654211,559,Spain,Female,27,1,0,1,0,1,1050.33,0
15707968,999915707968,545,Spain,Male,36,8,73211.12,2,1,0,89587.34,1
15594084,999915594084,524,France,Male,22,9,0,2,1,0,74405.34,0
15651093,999915651093,707,France,Female,55,1,0,2,0,1,54409.48,0
15798824,999915798824,671,Spain,Male,38,0,92674.94,2,1,0,3647.57,0
15671591,999915671591,439,Spain,Male,52,3,96196.24,4,1,0,198874.52,1
15707189,999915707189,667,Germany,Female,36,1,114391.62,1,1,1,53412.54,0
15733581,999915733581,831,Germany,Male,32,9,80262.66,1,1,0,194867.78,0
15641640,999915641640,545,Spain,Female,33,7,173331.52,1,1,0,150452.88,0
15585284,999915585284,604,Spain,Female,35,7,147285.52,1,1,1,57807.05,0
15617866,999915617866,657,Spain,Male,67,5,119785.47,2,1,1,107534.32,0
15667751,999915667751,487,Spain,Female,36,1,140137.15,1,1,0,194073.33,0
15669411,999915669411,750,Germany,Female,52,6,107467.56,1,1,0,126233.18,1
15789425,999915789425,694,Germany,Female,37,8,98218.04,2,1,0,182354.46,1
15570943,999915570943,711,Germany,Female,35,2,133607.75,1,1,1,120586.32,0
15685829,999915685829,551,France,Male,37,3,0,2,1,1,50578.4,0
15721917,999915721917,559,France,Female,38,8,95139.41,1,1,1,86575.46,0
15776047,999915776047,620,France,Female,29,3,0,2,0,1,153392.28,0
15716024,999915716024,660,Spain,Male,42,5,0,2,1,0,115509.59,0
15675328,999915675328,449,France,Female,37,6,0,2,1,0,82176.48,0
15604314,999915604314,703,Germany,Female,26,1,97331.19,1,1,0,63717.49,0
15658339,999915658339,795,Germany,Male,37,2,139265.63,2,1,1,198745.94,0
15630402,999915630402,594,France,Female,31,9,0,1,0,1,5719.11,0
15689616,999915689616,586,Spain,Male,34,5,168094.01,1,0,0,20058.61,0
15774224,999915774224,613,Germany,Female,30,5,131563.88,2,1,0,170638.98,0
15701291,999915701291,601,France,Male,44,3,0,2,1,0,30607.11,0
15719606,999915719606,657,France,Male,50,9,0,2,0,0,37171.46,0
15644119,999915644119,531,France,Male,31,3,0,1,1,1,42589.33,0
15646859,999915646859,621,Germany,Male,47,7,107363.29,1,1,1,66799.28,0
15606836,999915606836,782,France,Female,33,2,94493.03,1,0,1,101866.39,0
15664150,999915664150,528,Germany,Female,29,9,170214.23,2,1,0,49284,0
15624510,999915624510,696,France,Male,52,6,139781.06,1,1,0,27445.4,1
15810944,999915810944,586,France,Female,35,7,0,2,1,0,70760.69,0
15668575,999915668575,626,Spain,Female,26,8,148610.41,3,0,1,104502.02,1
15603246,999915603246,498,France,Male,73,2,170241.7,2,1,1,165407.96,0
15804002,999915804002,691,France,Female,33,1,128306.83,1,1,1,113580.79,0
15728773,999915728773,568,France,Female,47,7,0,2,1,1,45978.39,0
15598044,999915598044,715,France,Female,35,3,0,1,1,1,152012.36,0
15694829,999915694829,680,Germany,Male,32,7,175454,1,0,1,77349.92,0
15600575,999915600575,802,Spain,Male,41,6,0,2,1,0,47322.05,0
15727311,999915727311,539,France,Female,22,0,100885.93,2,1,1,38772.65,0
15570769,999915570769,494,France,Male,69,9,93320.8,1,1,1,24489.44,0
15606274,999915606274,594,Germany,Male,38,6,63176.44,2,1,1,14466.08,0
15746139,999915746139,596,France,Male,33,2,139451.67,1,0,0,63142.12,0
15704987,999915704987,649,France,Female,52,8,49113.75,1,1,0,41858.43,0
15628972,999915628972,699,Germany,Male,32,1,123906.22,3,1,1,127443.82,1
15697686,999915697686,787,France,Female,40,6,0,2,1,1,84151.98,0
15733883,999915733883,604,France,Male,28,7,0,2,0,0,58595.64,0
15617482,999915617482,489,Germany,Female,52,1,131441.51,1,1,0,37240.11,1
15704583,999915704583,651,France,Male,56,2,0,1,1,0,114522.68,1
15621083,999915621083,698,France,Male,57,6,136325.48,2,1,1,72549.27,1
15649487,999915649487,578,Germany,Female,38,4,113150.44,2,1,0,176712.59,1
15736760,999915736760,538,Spain,Female,42,9,0,1,0,0,152855.96,0
15714658,999915714658,696,France,Female,33,4,0,2,1,1,73371.65,0
15599081,999915599081,507,Germany,Female,46,8,102785.16,1,1,1,70323.68,0
15705113,999915705113,685,Spain,Male,34,6,83264.28,1,0,0,9663.28,0
15631159,999915631159,705,Germany,Male,41,4,72252.64,2,1,1,142514.66,0
15792818,999915792818,499,Germany,Female,29,6,148051.52,1,1,0,118623.94,0
15633531,999915633531,717,France,Female,76,9,138489.66,1,1,1,68400.14,0
15744529,999915744529,510,France,Male,63,8,0,2,1,1,115291.86,0
15669656,999915669656,632,France,Male,32,6,111589.33,1,1,1,170382.99,0
15581198,999915581198,668,Germany,Female,39,0,122104.79,1,1,0,112946.67,1
15729054,999915729054,744,Germany,Male,32,4,96106.83,1,1,1,79812.77,0
15573452,999915573452,663,Germany,Male,42,7,115930.87,1,1,0,19862.78,0
15776733,999915776733,638,Germany,Female,37,7,124513.66,2,1,0,158610.89,0
15724858,999915724858,688,France,Female,54,9,0,1,1,0,191212.63,1
15713144,999915713144,588,Spain,Male,46,8,0,1,1,0,61931.21,0
15690188,999915690188,631,France,Male,33,7,0,1,1,1,58043.02,1
15689425,999915689425,687,Spain,Male,35,8,100988.39,2,1,0,22247.27,0
15671766,999915671766,599,France,Male,44,10,118577.24,1,1,1,31448.52,0
15782806,999915782806,718,Spain,Male,28,6,0,2,1,0,146875.86,0
15764419,999915764419,730,France,Male,27,5,0,2,1,1,116081.93,0
15591915,999915591915,533,France,Female,39,2,0,1,0,1,73669.94,1
15772798,999915772798,711,Spain,Female,28,5,0,2,1,1,93959.96,0
15792008,999915792008,555,Spain,Female,26,9,0,2,0,1,158918.03,0
15715541,999915715541,850,France,Female,42,9,113311.11,1,1,1,198193.75,0
15639277,999915639277,678,France,Female,41,9,0,1,0,0,13160.03,0
15798850,999915798850,576,France,Male,32,7,0,2,1,0,4660.91,0
15776348,999915776348,835,Germany,Male,20,4,124365.42,1,0,0,180197.74,1
15727696,999915727696,592,France,Male,42,1,147249.29,2,1,1,63023.02,0
15793813,999915793813,774,France,Male,36,7,103688.19,1,0,1,118971.74,0
15694395,999915694395,620,France,Female,29,1,138740.24,2,0,0,154700.61,0
15764195,999915764195,519,Spain,Male,39,4,111900.14,1,1,1,97577.17,0
15744919,999915744919,734,Spain,Female,37,0,152760.24,1,1,1,48990.5,0
15671655,999915671655,763,Germany,Male,31,7,143966.3,2,1,1,140262.96,1
15654901,999915654901,733,France,Male,51,10,141556.96,1,1,0,130189.53,0
15649136,999915649136,650,France,Female,43,6,0,2,1,1,16301.91,0
15775562,999915775562,538,France,Female,33,5,0,2,1,0,126962.41,0
15807481,999915807481,577,France,Female,46,1,0,1,1,1,158750.53,0
15642885,999915642885,792,France,Male,30,8,0,2,1,0,199644.2,0
15789109,999915789109,686,France,Female,41,10,0,1,1,1,144272.71,1
15814004,999915814004,589,France,Male,29,2,0,2,0,1,98320.27,0
15673619,999915673619,530,France,Male,25,9,162560.32,1,1,0,64129.03,0
15595135,999915595135,778,Germany,Female,29,7,123229.46,1,1,0,181221.09,0
15583681,999915583681,616,Spain,Male,31,7,76665.71,2,1,1,163809.08,0
15605000,999915605000,550,France,Male,38,9,140278.99,3,1,1,171457.06,1
15718071,999915718071,655,France,Female,51,3,0,2,0,1,15801.02,0
15679760,999915679760,721,France,Male,46,1,115764.32,2,0,0,102950.79,0
15654574,999915654574,499,Germany,Male,36,5,131142.53,2,1,0,174918.46,0
15577178,999915577178,511,France,Male,45,5,68375.27,1,1,0,193160.25,1
15595324,999915595324,579,Germany,Female,39,5,117833.3,3,0,0,5831,1
15756932,999915756932,696,Spain,Female,36,7,0,2,1,1,82298.59,0
15726358,999915726358,681,France,Male,34,7,0,2,0,0,130686.59,0
15595228,999915595228,815,France,Male,45,7,0,1,0,1,52885.23,1
15782530,999915782530,681,Spain,Male,30,2,111093.01,1,1,0,68985.99,0
15592877,999915592877,641,Spain,Male,42,9,132657.55,1,1,0,35367.19,0
15651983,999915651983,591,France,Female,56,9,128882.49,1,1,1,196241.94,1
15746737,999915746737,565,Germany,Male,59,9,69129.59,1,1,1,170705.53,0
15774179,999915774179,487,France,Male,37,6,0,2,1,1,126477.41,0
15667265,999915667265,729,France,Male,39,4,121404.64,1,1,1,159618.17,0
15655123,999915655123,505,Spain,Female,45,9,131355.3,3,1,0,195395.33,1
15595917,999915595917,580,France,Female,35,1,102097.33,1,0,1,168285.85,0
15668385,999915668385,642,France,Male,40,1,154863.15,1,1,1,138052.51,0
15709476,999915709476,850,Spain,Female,41,3,99945.93,2,1,0,71179.31,0
15711218,999915711218,616,Germany,Male,39,2,121704.32,2,1,0,55556.3,0
15798659,999915798659,526,Spain,Female,43,3,0,2,1,0,31705.19,0
15663939,999915663939,523,Germany,Male,35,8,138782.76,1,1,1,186118.93,0
15694946,999915694946,663,France,Male,35,9,0,2,1,1,195580.28,0
15631912,999915631912,840,France,Male,30,8,136291.71,1,1,0,54113.38,0
15768816,999915768816,570,Germany,Male,42,0,107856.57,2,1,0,127528.84,0
15682268,999915682268,676,Germany,Female,26,1,108348.66,1,0,0,60231.74,1
15684801,999915684801,689,France,Male,47,1,93871.95,3,1,0,156878.42,1
15636428,999915636428,703,Spain,Female,45,1,0,1,1,0,182784.11,1
15809823,999915809823,491,Germany,Male,19,2,125860.2,1,0,0,129690.5,0
15699284,999915699284,584,France,Male,49,8,172713.44,1,1,0,113860.81,0
15786993,999915786993,810,France,Female,51,5,0,2,0,1,184524.74,0
15709441,999915709441,745,Spain,Female,59,8,0,1,1,1,36124.98,0
15710257,999915710257,625,France,Female,39,3,130786.92,1,0,1,121316.07,0
15582492,999915582492,535,France,Female,29,2,112367.34,1,1,0,185630.76,0
15575694,999915575694,729,Spain,Female,45,7,91091.06,2,1,0,71133.12,0
15756820,999915756820,655,France,Female,26,7,106198.5,1,0,1,32020.42,0
15766289,999915766289,751,France,Male,47,5,142669.93,2,1,0,162760.96,0
15593014,999915593014,525,France,Male,33,1,112833.35,1,0,1,175178.56,0
15584545,999915584545,532,France,Female,40,5,0,2,0,1,177099.71,0
15675949,999915675949,696,Spain,Female,43,4,0,2,1,1,66406.37,0
15672091,999915672091,786,Germany,Female,32,2,104336.43,2,0,0,59559.81,0
15801658,999915801658,580,France,Male,55,6,104305.74,1,0,1,175750.21,0
15706185,999915706185,596,Germany,Male,47,5,140187.1,2,1,1,174311.3,0
15789863,999915789863,683,France,Male,39,4,0,2,1,0,171716.81,0
15720943,999915720943,747,France,Female,45,1,114959.12,1,1,0,189362.39,1
15697997,999915697997,602,France,Male,33,5,164704.38,1,0,1,180716.1,1
15665416,999915665416,779,France,Male,62,10,119096.55,1,0,1,116977.89,0
15660200,999915660200,551,France,Male,31,1,0,2,1,1,185105.44,0
15619653,999915619653,666,France,Male,47,2,0,1,1,0,35046.97,1
15773447,999915773447,526,Spain,Male,30,8,0,1,1,0,36251,0
15739160,999915739160,849,France,Female,41,9,115465.28,1,1,0,103174.5,0
15689237,999915689237,471,France,Female,27,4,0,2,1,0,122642.09,0
15679297,999915679297,628,Spain,Male,43,3,184926.61,1,1,0,122937.57,0
15591433,999915591433,674,Germany,Male,43,8,85957.88,2,1,0,8757.39,0
15642725,999915642725,797,France,Male,32,10,114084.6,1,0,1,125782.29,0
15701962,999915701962,590,Spain,Female,29,2,166930.76,2,1,0,122487.73,0
15811613,999915811613,588,France,Female,27,8,0,1,1,0,20066.38,0
15741049,999915741049,577,France,Male,29,7,0,2,1,1,55473.15,0
15724423,999915724423,571,France,Female,38,6,107193.82,2,0,0,38962.94,0
15574305,999915574305,680,France,Male,36,3,116275.12,1,1,1,63795.8,0
15678168,999915678168,648,Spain,Female,27,7,0,2,1,1,163060.43,0
15697020,999915697020,618,France,Male,39,2,91068.56,1,1,0,26578.69,0
15610801,999915610801,648,Germany,Male,41,5,123049.21,1,0,1,5066.76,0
15745232,999915745232,759,France,Female,39,6,0,2,1,1,140497.67,0
15722758,999915722758,585,France,Male,40,7,0,2,0,0,146156.98,0
15792102,999915792102,774,France,Female,42,3,137781.65,1,0,0,199316.19,0
15675185,999915675185,697,Germany,Female,48,2,108128.96,2,1,1,103944.37,0
15801247,999915801247,605,Spain,Male,39,10,105317.73,2,1,0,138021.36,0
15725660,999915725660,676,France,Male,20,1,80569.73,1,0,0,68621.98,0
15638963,999915638963,678,France,Female,22,4,174852.89,1,1,1,28149.06,0
15800061,999915800061,495,Spain,Female,45,3,89158.94,3,1,0,135169.76,1
15578006,999915578006,787,France,Female,85,10,0,2,1,1,116537.96,0
15668504,999915668504,770,France,Male,36,2,89800.14,1,1,1,105922.69,0
15687491,999915687491,817,Germany,Male,45,9,101207.75,1,0,0,88211.12,1
15610403,999915610403,659,France,Male,43,1,106086.42,2,1,0,26900.63,0
15741094,999915741094,693,France,Male,21,1,0,2,1,1,3494.02,0
15807909,999915807909,744,France,Male,47,9,0,2,1,0,113163.17,0
15666141,999915666141,829,Spain,Female,26,8,101440.36,2,1,1,19324.5,0
15617134,999915617134,716,France,Male,38,4,0,2,1,0,189678.7,0
15783029,999915783029,671,France,Male,34,7,106603.74,2,1,1,26387.71,0
15622833,999915622833,835,Germany,Female,29,10,130420.2,2,0,0,106276.55,0
15746422,999915746422,636,France,Female,38,1,0,1,1,0,45015.38,0
15750839,999915750839,649,Spain,Male,29,2,45022.23,1,1,1,173495.77,0
15749130,999915749130,621,Germany,Male,27,1,74298.43,1,1,1,52581.96,0
15779862,999915779862,658,Germany,Female,31,3,133003.03,1,0,1,146339.27,1
15767871,999915767871,784,Spain,Male,48,7,0,2,1,1,182609.97,0
15679651,999915679651,783,Spain,Female,37,1,136689.66,1,1,0,197890.65,0
15576219,999915576219,615,France,Male,32,4,0,2,1,1,6225.63,0
15699247,999915699247,791,France,Female,44,5,0,2,1,1,123977.86,1
15619087,999915619087,762,France,Male,53,1,102520.37,1,1,1,170195.4,0
15605327,999915605327,607,France,Male,35,2,0,2,1,1,114190.3,0
15610140,999915610140,601,France,Female,34,5,0,2,1,0,27022.57,0
15791174,999915791174,540,Spain,Male,67,1,88382.01,1,0,1,59457,0
15602373,999915602373,812,France,Male,44,4,115049.15,2,1,0,165038.41,0
15762605,999915762605,685,France,Male,58,1,104796.54,1,1,1,154181.41,0
15598840,999915598840,680,France,Male,33,1,123082.08,1,1,0,134960.98,0
15744279,999915744279,680,Spain,Female,58,8,0,2,1,1,65708.5,0
15670619,999915670619,631,France,Female,33,8,0,2,0,0,117374.22,0
15599533,999915599533,569,France,Female,43,7,0,2,1,1,77703.19,0
15757837,999915757837,584,Germany,Male,33,3,88311.48,2,1,1,177651.38,0
15697574,999915697574,582,France,Female,40,9,0,3,1,1,60954.45,0
15578738,999915578738,609,France,Male,32,7,71872.19,1,1,1,151924.9,0
15762228,999915762228,506,Spain,Male,35,6,110046.93,2,1,0,26318.73,0
15614827,999915614827,503,France,Male,42,8,104430.08,1,1,1,147557.71,0
15789815,999915789815,503,France,Female,28,5,0,2,1,0,125918.17,0
15579781,999915579781,806,Germany,Male,31,10,138653.51,1,1,0,190803.37,0
15587013,999915587013,653,France,Female,31,7,102575.04,1,1,1,11043.54,0
15570932,999915570932,666,France,Male,43,7,137780.74,2,1,1,119100.05,1
15794661,999915794661,674,Spain,Male,32,2,0,2,1,0,140579.17,0
15581654,999915581654,798,France,Male,32,7,0,2,0,1,37731.95,0
15644296,999915644296,740,France,Female,30,8,105209.54,1,1,0,1852.58,0
15614420,999915614420,531,Germany,Female,32,0,109570.21,2,1,1,172049.84,0
15609653,999915609653,614,Germany,Female,44,6,118715.86,1,1,0,133591.11,1
15594577,999915594577,556,France,Male,35,10,0,2,1,1,192751.18,0
15584114,999915584114,678,Germany,Female,43,2,153393.18,2,1,1,193828.27,0
15673367,999915673367,587,Germany,Male,33,6,132603.36,1,1,0,55775.72,0
15685576,999915685576,527,Spain,Female,36,6,0,2,1,1,102280.29,0
15774727,999915774727,757,Germany,Female,34,1,129398.01,2,0,0,44965.44,0
15694288,999915694288,468,Spain,Male,28,3,0,2,1,0,170661.02,0
15603319,999915603319,693,France,Male,29,2,151352.74,1,0,0,197145.89,0
15759066,999915759066,483,France,Female,44,5,136836.49,1,1,0,192359.9,1
15814816,999915814816,466,France,Male,40,4,91592.06,1,1,0,141210.18,1
15724402,999915724402,770,France,Female,30,8,0,2,1,0,100557.03,0
15571059,999915571059,734,France,Female,54,3,0,1,1,0,130805.54,1
15674206,999915674206,716,France,Female,22,8,0,2,1,1,92606.98,0
15715160,999915715160,439,France,Male,36,2,165536.28,2,1,1,123956.83,0
15730448,999915730448,538,Germany,Male,25,5,62482.95,1,1,1,102758.43,0
15662067,999915662067,743,France,Male,40,8,68155.59,1,1,0,94876.65,0
15779581,999915779581,734,Spain,Female,43,3,55853.33,2,0,1,94811.85,1
15662901,999915662901,656,France,Male,37,2,0,2,0,1,67840.81,0
15689751,999915689751,666,France,Female,31,2,79589.43,1,0,0,4050.57,0
15667742,999915667742,627,Spain,Male,41,5,100880.76,1,0,1,134665.25,0
15738448,999915738448,480,Germany,Female,25,3,174330.35,2,0,0,181647.13,0
15680243,999915680243,792,France,Male,19,7,143390.51,1,1,0,33282.84,0
15745083,999915745083,613,Germany,Male,59,8,91415.76,1,0,0,27965,1
15708228,999915708228,476,Germany,Male,30,3,134366.42,1,1,0,68343.53,0
15628523,999915628523,539,France,Female,24,3,0,2,1,1,198161.07,0
15708196,999915708196,696,Spain,Male,60,8,88786.81,1,1,1,196858.4,0
15735549,999915735549,810,Germany,Male,35,3,96814.46,2,1,1,120511.03,0
15809347,999915809347,763,Germany,Male,32,9,160680.41,1,1,0,30886.35,0
15660866,999915660866,640,France,Female,29,3,0,2,1,0,2743.69,0
15766609,999915766609,655,France,Female,47,10,0,2,1,0,167778.62,0
15654230,999915654230,526,Germany,Male,31,5,145537.21,1,1,0,132404.64,0
15794566,999915794566,678,France,Female,28,4,0,2,1,1,144423.17,1
15800890,999915800890,554,France,Female,45,6,0,2,1,1,181204.5,0
15697424,999915697424,597,Spain,Female,30,2,119370.11,1,1,1,182726.22,1
15724536,999915724536,560,Spain,Female,28,1,0,2,1,1,120880.72,0
15735878,999915735878,850,Germany,Female,47,10,134381.52,1,0,0,26812.89,1
15707596,999915707596,546,Germany,Female,74,8,114888.74,2,1,1,66732.63,1
15657163,999915657163,623,Germany,Male,42,1,149332.48,2,1,0,100834.22,0
15622478,999915622478,698,France,Female,40,7,105061.74,3,1,0,107815.31,1
15779529,999915779529,620,France,Male,32,7,0,2,1,1,34665.79,0
15636023,999915636023,619,France,Female,40,10,0,1,1,1,147093.84,1
15582066,999915582066,561,France,Male,21,4,0,1,1,1,36942.35,0
15666675,999915666675,753,France,Female,39,7,155062.8,1,1,1,16460.77,0
15732987,999915732987,721,Spain,Male,43,3,88798.34,1,0,0,45610.63,0
15789432,999915789432,451,France,Male,33,6,0,2,1,0,184954.11,0
15663161,999915663161,680,Germany,Female,51,5,143139.87,1,0,0,47795.43,1
15694879,999915694879,590,Spain,Female,23,7,0,2,1,0,196789.9,0
15593715,999915593715,634,Germany,Male,27,3,107027.52,1,1,0,173425.68,0
15575002,999915575002,676,France,Male,29,4,140720.93,1,1,0,36221.18,0
15622171,999915622171,642,France,Male,30,8,80964.57,2,1,0,174738.2,0
15795224,999915795224,760,France,Male,39,6,178585.46,1,1,0,67131.3,1
15685346,999915685346,736,Spain,Female,26,4,135889.13,1,1,1,165692.03,0
15691808,999915691808,656,France,Male,43,7,134919.85,1,1,0,194691.95,0
15721007,999915721007,776,Germany,Male,33,8,115130.34,1,0,0,129525.5,1
15794253,999915794253,832,Spain,Female,34,6,138190.13,2,0,1,146511.2,0
15694453,999915694453,631,Germany,Male,37,9,131519.49,2,1,1,51752.18,0
15813113,999915813113,795,Spain,Female,56,5,0,1,1,0,35418.69,1
15614187,999915614187,648,Germany,Female,39,3,126935.98,2,0,1,57995.74,0
15619407,999915619407,615,France,Male,39,4,133707.09,1,1,1,108152.75,0
15646227,999915646227,682,France,Female,27,1,97893.2,1,1,0,166144.98,0
15660541,999915660541,694,France,Male,34,5,127900.03,1,1,0,101737.8,0
15753874,999915753874,694,France,Male,37,10,143835.47,1,0,1,33326.71,0
15617877,999915617877,607,France,Male,44,0,0,2,1,1,81140.09,0
15772073,999915772073,664,France,Male,48,10,0,1,1,0,140173.17,1
15701537,999915701537,756,France,Male,60,2,0,1,1,1,166513.49,1
15736228,999915736228,645,France,Female,40,3,129596.77,1,1,1,103232.6,0
15780572,999915780572,653,Spain,Male,30,4,0,2,1,0,120736.04,0
15769596,999915769596,710,Germany,Female,24,2,110407.44,2,0,0,15832.43,1
15586996,999915586996,697,France,Female,76,7,0,2,0,1,188772.45,0
15722061,999915722061,619,Germany,Female,41,8,142015.76,2,1,0,114323.66,0
15638003,999915638003,648,Spain,Male,55,1,81370.07,1,0,1,181534.04,0
15775590,999915775590,482,Germany,Female,48,2,69329.47,1,0,0,102640.52,1
15730688,999915730688,548,France,Female,28,8,116755.5,2,1,1,158585.17,1
15753102,999915753102,752,Spain,Male,44,6,83870.33,1,1,0,178722.24,0
15810075,999915810075,648,France,Female,39,6,130694.89,2,1,1,153955.38,1
15723373,999915723373,643,Spain,Female,34,8,117451.47,1,1,0,65374.86,0
15795298,999915795298,573,Germany,Female,35,9,206868.78,2,0,1,102986.15,0
15584320,999915584320,686,France,Female,39,3,111695.62,1,0,0,136643.84,0
15724161,999915724161,644,France,Female,40,9,137285.26,4,1,0,77063.63,1
15750056,999915750056,702,France,Female,29,6,149218.39,1,1,1,9633.01,0
15609637,999915609637,652,France,Male,51,7,0,2,0,1,43496.36,0
15794493,999915794493,641,Spain,Male,32,7,0,2,1,1,24267.28,0
15569641,999915569641,692,Germany,Female,41,8,130701.29,1,1,0,59354.24,1
15815236,999915815236,574,Spain,Male,34,5,0,2,0,0,28269.86,0
15811177,999915811177,643,France,Female,31,3,167949.48,1,1,0,143162.34,0
15680587,999915680587,834,France,Male,23,4,131254.81,1,1,0,20199.3,0
15672821,999915672821,591,France,Male,28,5,0,2,1,1,48606.92,0
15767681,999915767681,470,Spain,Male,34,9,0,2,0,1,89013.67,0
15600379,999915600379,608,Spain,Male,34,7,86656.13,1,0,1,59890.29,0
15801336,999915801336,649,Germany,Female,37,8,114737.26,1,1,1,106655.88,1
15721592,999915721592,665,France,Female,38,5,0,2,1,0,156439.56,0
15581282,999915581282,651,France,Female,39,6,0,1,1,0,24176.44,0
15746203,999915746203,555,Germany,Male,62,4,119817.33,1,0,1,43507.1,1
15583137,999915583137,637,France,Female,48,7,130806.99,2,1,1,132005.85,1
15680752,999915680752,675,France,Female,49,0,0,1,1,1,80496.71,1
15688172,999915688172,677,Spain,Male,40,5,0,2,1,0,88947.56,0
15791373,999915791373,850,Germany,Female,35,2,80931.75,1,0,0,12639.67,1
15589449,999915589449,815,France,Female,56,3,0,3,1,1,94248.16,1
15692819,999915692819,665,Germany,Male,32,1,132178.67,1,0,0,11865.76,0
15727467,999915727467,485,France,Female,27,3,0,2,1,0,141449.86,0
15734312,999915734312,577,Spain,Male,43,6,0,2,1,1,149457.81,0
15764604,999915764604,586,France,Female,35,7,164769.02,3,1,0,119814.25,1
15613014,999915613014,722,Germany,Male,29,1,107233.85,2,1,0,24924.92,0
15759684,999915759684,528,France,Female,27,7,176227.07,2,0,1,139481.53,0
15609669,999915609669,542,France,Female,39,4,109949.39,2,1,1,41268.65,0
15685536,999915685536,552,France,Female,34,5,0,2,1,1,1351.41,0
15750447,999915750447,678,France,Female,60,10,117738.81,1,1,0,147489.76,1
15663249,999915663249,575,Spain,Female,37,9,133292.45,1,1,0,111175.09,0
15638646,999915638646,669,France,Female,43,1,160474.59,1,1,1,95963.14,0
15734161,999915734161,636,France,Male,43,6,0,2,1,0,43128.95,0
15631070,999915631070,667,Germany,Male,55,9,154393.43,1,1,1,137674.96,1
15761950,999915761950,652,Germany,Female,45,9,110827.49,1,1,1,153383.54,1
15649668,999915649668,637,Germany,Female,36,10,145750.45,2,1,1,96660.76,0
15713912,999915713912,516,Spain,Female,45,8,109044.3,1,0,1,115818.16,0
15586757,999915586757,801,France,Female,32,4,75170.54,1,1,1,37898.5,0
15596522,999915596522,692,France,Female,42,2,0,2,1,0,145222.93,0
15625395,999915625395,585,France,Female,28,6,105795.9,1,1,1,41219.09,0
15760570,999915760570,590,France,Male,32,5,0,2,1,0,59249.83,0
15566689,999915566689,554,Spain,Male,66,8,0,2,1,1,116747.62,0
15725794,999915725794,659,France,Female,49,1,0,1,1,0,116249.72,1
15673539,999915673539,690,France,Female,26,3,118097.87,1,1,0,61257.83,0
15705298,999915705298,697,Germany,Male,29,0,172693.54,1,0,0,141798.98,0
15675791,999915675791,610,France,Male,36,4,129440.3,2,1,0,102638.35,0
15747043,999915747043,599,Spain,Male,36,4,0,2,0,0,13210.56,0
15736397,999915736397,544,France,Male,23,1,96471.2,1,1,0,35550.97,0
15678201,999915678201,548,France,Female,46,1,0,1,1,1,104469.06,1
15720745,999915720745,635,Spain,Male,24,4,140197.18,1,1,1,142935.83,0
15637593,999915637593,722,France,Male,20,6,0,2,1,0,195486.28,0
15598070,999915598070,564,France,Female,33,4,135946.26,1,1,0,63170,0
15787550,999915787550,719,France,Male,69,3,0,2,1,1,58320.06,0
15603942,999915603942,547,Germany,Male,50,3,81290.02,3,0,1,177747.03,1
15733973,999915733973,850,France,Female,42,8,0,1,1,0,19632.64,1
15596761,999915596761,515,Germany,Male,60,9,113715.36,1,1,0,18424.24,1
15652400,999915652400,667,Spain,Male,56,2,168883.08,1,0,1,18897.78,0
15717893,999915717893,607,Germany,Male,36,8,143421.74,1,1,0,97879.02,0
15622585,999915622585,525,France,Male,26,7,153644.39,1,1,1,63197.88,0
15733964,999915733964,606,Spain,Female,53,1,109330.06,1,1,1,75860.01,0
15753861,999915753861,686,Germany,Female,27,1,115095.88,2,0,0,78622.46,0
15747097,999915747097,611,France,Male,35,10,0,1,1,1,23598.23,1
15594762,999915594762,827,Spain,Male,46,1,183276.32,1,1,1,13460.27,0
15667417,999915667417,572,France,Male,33,9,68193.72,1,1,0,19998.31,0
15684861,999915684861,726,France,Female,32,8,0,2,0,0,185075.63,0
15742204,999915742204,579,Germany,Male,31,6,139729.54,1,0,1,135815.38,0
15623502,999915623502,598,Spain,Female,56,4,98365.33,1,1,1,44251.33,0
15774872,999915774872,663,France,Male,36,10,0,2,1,0,136349.55,0
15611191,999915611191,505,Germany,Female,37,10,122453.97,2,1,1,52693.99,0
15674331,999915674331,576,Germany,Male,30,7,132174.41,2,0,0,93767.03,0
15619465,999915619465,555,Spain,Female,24,2,0,2,0,1,197866.55,0
15575247,999915575247,524,France,Male,30,1,0,2,1,0,126812.85,0
15695679,999915695679,776,Spain,Male,39,2,104349.45,1,0,0,79503.05,0
15713463,999915713463,645,Germany,Female,41,2,138881.04,1,1,0,129936.53,1
15785170,999915785170,850,Germany,Female,32,0,116968.91,1,0,0,175094.62,0
15796351,999915796351,603,Germany,Male,35,1,105346.03,2,1,1,130379.5,0
15639576,999915639576,691,France,Male,26,9,136623.19,1,1,0,153228,0
15693264,999915693264,583,France,Female,29,10,0,2,1,1,111285.85,0
15589715,999915589715,584,France,Female,66,5,0,1,1,0,49553.38,1
15769902,999915769902,679,France,Female,33,6,0,2,1,1,98015.85,0
15587177,999915587177,646,France,Male,36,6,124445.52,1,1,0,88481.32,0
15814553,999915814553,559,France,Female,34,5,68999.66,2,1,1,66879.27,0
15601550,999915601550,595,Spain,Male,36,6,85768.42,1,1,1,24802.77,0
15664907,999915664907,527,France,Male,47,1,0,1,1,0,21312.16,1
15612465,999915612465,684,Spain,Male,34,9,100628,2,1,1,190263.78,0
15810800,999915810800,673,Spain,Female,32,0,0,1,1,1,72873.33,0
15665760,999915665760,802,Spain,Male,38,7,0,2,0,1,57764.65,0
15588080,999915588080,675,France,Male,54,6,0,1,1,0,110273.84,1
15776844,999915776844,762,Spain,Female,19,6,0,2,1,0,55500.17,0
15717560,999915717560,580,France,Male,50,0,125647.36,1,1,0,57541.08,1
15629739,999915629739,621,Germany,Female,31,8,100375.39,1,1,1,90384.26,0
15729908,999915729908,411,France,Female,36,10,0,1,0,0,120694.35,0
15716781,999915716781,815,France,Male,24,7,171922.72,1,0,1,178028.96,0
15646936,999915646936,631,Germany,Female,32,2,146810.99,2,1,1,180990.29,0
15768151,999915768151,514,Germany,Female,45,3,109032.23,1,0,1,155407.21,1
15579212,999915579212,638,France,Male,57,6,0,1,1,0,33676.48,1
15721835,999915721835,791,Spain,Male,25,7,0,1,1,0,89666.28,0
15800515,999915800515,516,France,Male,35,5,128653.59,1,1,0,127558.26,0
15591279,999915591279,734,France,Male,37,3,80387.81,1,0,1,77272.62,0
15587419,999915587419,611,France,Male,58,8,0,2,0,1,107665.68,1
15750335,999915750335,850,Germany,Male,43,0,108508.82,3,1,0,184044.8,1
15699619,999915699619,641,France,Male,31,10,155978.17,1,1,0,91510.71,0
15606472,999915606472,585,France,Female,38,5,0,1,1,1,87363.56,0
15778368,999915778368,552,Germany,Male,50,4,121175.56,1,1,0,117505.07,1
15671387,999915671387,507,France,Female,29,4,89349.47,2,0,0,180626.68,0
15573926,999915573926,735,Spain,Male,38,7,86131.71,2,0,0,93478.96,0
15709183,999915709183,707,France,Female,58,3,102346.86,1,1,1,114672.64,0
15577514,999915577514,698,Germany,Female,36,7,121263.62,1,1,1,13387.88,0
15778830,999915778830,841,France,Male,31,2,0,2,1,0,173240.52,0
15768072,999915768072,688,Spain,Female,33,2,0,1,0,0,27557.18,1
15768293,999915768293,614,France,Male,51,3,0,2,1,1,5552.37,0
15654456,999915654456,511,Germany,Male,48,6,149726.08,1,0,0,88307.87,1
15807525,999915807525,447,France,Male,43,2,0,2,1,0,33879.26,1
15574372,999915574372,738,France,Male,35,5,161274.05,2,1,0,181429.87,0
15671249,999915671249,422,France,Female,33,2,0,2,1,0,102655.31,0
15779744,999915779744,537,Spain,Male,30,1,103138.17,1,1,1,96555.42,0
15624755,999915624755,707,Germany,Female,40,3,109628.44,1,1,0,189366.03,0
15611430,999915611430,690,France,Male,54,5,0,1,1,0,12847.61,1
15774744,999915774744,664,Germany,Male,33,7,97286.16,2,1,0,143433.33,0
15629885,999915629885,850,France,Female,33,7,118004.26,1,1,0,183983.82,0
15708791,999915708791,584,Spain,Male,32,9,85534.83,1,0,0,169137.24,0
15793890,999915793890,728,France,Female,59,4,0,1,1,1,163365.85,1
15646091,999915646091,560,Spain,Female,43,4,95140.44,2,1,0,123181.44,1
15596984,999915596984,629,France,Female,31,6,0,1,1,1,16447.6,1
15800215,999915800215,658,France,Male,25,3,0,2,0,1,173948.4,0
15577806,999915577806,794,Germany,Female,54,1,75900.84,1,1,1,192154.66,0
15749381,999915749381,790,France,Female,41,2,126619.27,1,1,0,198224.38,0
15683758,999915683758,640,France,Male,44,7,111833.47,1,1,0,67202.74,0
15670615,999915670615,652,Spain,Male,37,7,0,2,1,0,68789.93,0
15715622,999915715622,583,France,Female,57,3,238387.56,1,0,1,147964.99,1
15707634,999915707634,775,France,Female,32,2,108698.96,2,1,1,161069.73,0
15806901,999915806901,584,France,Female,39,2,112687.69,1,1,1,127749.61,0
15775335,999915775335,635,Germany,Female,48,4,81556.89,2,1,0,191914.37,0
15724150,999915724150,814,France,Male,48,9,136596.85,1,1,1,185791.9,0
15627220,999915627220,735,Germany,Female,43,9,98807.45,1,0,0,184570.04,1
15672330,999915672330,678,France,Female,31,1,0,2,0,1,130446.65,0
15668521,999915668521,693,France,Male,37,1,0,2,1,1,82867.55,0
15807837,999915807837,640,France,Female,30,6,107499.7,1,1,1,187632.22,0
15592570,999915592570,773,Spain,Female,23,8,0,2,1,0,56759.79,0
15748589,999915748589,736,France,Female,30,9,0,2,1,0,34180.33,0
15635893,999915635893,693,France,Female,28,8,0,2,1,1,158545.25,0
15757632,999915757632,496,France,Female,41,1,176024.05,2,1,0,182337.98,0
15691863,999915691863,751,France,Female,39,3,0,2,1,1,84175.34,0
15706071,999915706071,528,Germany,Male,39,0,127631.62,1,0,1,22197.8,1
15654296,999915654296,754,Spain,Female,19,9,0,1,1,0,189641.11,0
15755018,999915755018,568,Germany,Female,26,10,109819.16,2,1,0,154491.39,0
15594041,999915594041,592,Spain,Female,41,2,138734.94,1,1,0,90020.74,0
15670587,999915670587,558,Germany,Male,25,10,111363.1,2,1,0,197264.35,0
15724527,999915724527,825,France,Male,34,9,0,2,1,1,31933.06,0
15801904,999915801904,677,Germany,Male,28,0,143988,2,1,0,8755.69,1
15658195,999915658195,653,France,Male,34,5,118838.75,1,1,1,52820.13,0
15630113,999915630113,593,Spain,Male,35,4,161637.75,1,1,1,20008.46,0
15784320,999915784320,632,France,Female,44,3,133793.89,1,1,1,34607.14,1
15676513,999915676513,601,Germany,Male,35,8,71553.83,1,1,0,177384.45,0
15574072,999915574072,786,France,Female,62,8,0,1,1,1,165702.64,0
15633854,999915633854,654,France,Female,40,3,0,2,1,0,167889.1,0
15618566,999915618566,572,France,Female,38,7,0,2,1,1,133122.62,0
15733014,999915733014,813,France,Female,62,10,64667.95,2,0,1,140454.14,0
15753343,999915753343,523,France,Female,28,2,121164.11,1,1,1,59938.81,0
15746076,999915746076,506,Spain,Male,50,3,0,2,1,0,12016.79,0
15608226,999915608226,513,Spain,Male,72,3,98903.06,1,1,1,81251.24,0
15605684,999915605684,664,France,Female,31,7,104158.84,1,1,0,134169.85,0
15638988,999915638988,684,France,Male,54,6,0,2,1,1,94888.6,0
15628767,999915628767,608,Spain,Female,63,3,139529.93,2,1,1,175696.16,1
15737977,999915737977,527,France,Female,25,6,0,2,0,1,96758.58,0
15758116,999915758116,666,France,Male,53,5,64646.7,1,1,0,128019.48,1
15575119,999915575119,779,France,Male,71,3,0,2,1,1,146895.36,1
15625126,999915625126,629,France,Female,40,6,0,2,1,1,139356.3,0
15567114,999915567114,430,France,Male,35,1,118894.22,1,0,0,2923.61,0
15672242,999915672242,712,France,Male,24,2,0,1,0,1,121232.51,0
15681327,999915681327,682,France,Male,30,9,0,2,1,1,2053.42,0
15802585,999915802585,634,France,Female,41,8,68213.99,1,1,1,6382.46,0
15740630,999915740630,487,Spain,Female,31,1,0,2,1,0,158750.13,0
15815420,999915815420,808,Spain,Male,47,8,139196,1,0,1,74028.36,0
15711468,999915711468,527,France,Female,32,7,0,2,1,1,44099.75,0
15799626,999915799626,637,Germany,Male,50,4,126345.55,1,0,1,17323,1
15659325,999915659325,802,Spain,Male,40,5,0,2,1,1,175043.69,0
15651352,999915651352,529,France,Female,38,2,0,1,1,0,146388.85,1
15684925,999915684925,850,France,Female,43,3,0,2,0,0,2465.8,0
15657439,999915657439,738,France,Male,18,4,0,2,1,1,47799.15,0
15574122,999915574122,817,France,Male,34,5,129278.43,1,0,0,165562.84,0
15720508,999915720508,735,France,Male,31,3,119558.35,1,0,0,72927.68,0
15599078,999915599078,619,Germany,Female,41,5,92467.58,1,1,0,38270.47,0
15702300,999915702300,671,France,Male,27,5,0,2,0,0,120893.07,0
15660735,999915660735,581,Spain,Female,31,6,0,2,1,0,188377.21,0
15671390,999915671390,690,Spain,Male,36,10,0,2,1,0,55902.93,0
15647385,999915647385,579,Spain,Male,56,4,99340.83,1,0,0,4523.74,1
15739223,999915739223,688,Spain,Female,24,3,0,2,1,1,102195.16,0
15631305,999915631305,599,Spain,Female,28,4,126833.79,2,1,0,60843.09,1
15809263,999915809263,729,Germany,Male,29,5,109676.52,1,1,1,25548.47,0
15640866,999915640866,718,France,Female,29,3,0,1,0,1,134462.29,0
15775663,999915775663,712,Germany,Male,53,6,134729.99,2,1,1,132702.64,0
15631800,999915631800,474,France,Male,37,3,98431.37,1,0,0,75698.44,0
15654292,999915654292,565,Germany,Male,33,8,130368.31,2,1,0,105642.43,0
15648320,999915648320,658,France,Female,31,7,123974.96,1,1,0,102153.75,0
15726747,999915726747,714,France,Male,63,4,138082.16,1,0,1,166677.54,0
15694510,999915694510,725,France,Male,45,1,129855.32,1,0,0,24218.65,0
15572291,999915572291,825,France,Male,40,6,132308.22,1,0,0,117122.5,0
15603465,999915603465,665,Germany,Female,45,5,155447.65,2,1,0,51871.95,1
15685628,999915685628,670,Spain,Male,35,2,124268.64,2,0,1,84321.03,0
15792729,999915792729,474,Germany,Female,34,9,176311.36,1,1,0,160213.27,0
15767414,999915767414,591,France,Male,40,2,99886.42,2,1,1,88695.19,0
15568044,999915568044,508,France,Female,31,7,0,2,1,1,6123.15,0
15751333,999915751333,695,France,Female,36,2,0,2,0,1,167749.54,0
15623062,999915623062,660,Germany,Male,24,5,85089.3,1,1,1,71638,0
15713621,999915713621,687,Germany,Male,41,10,134318.21,2,1,1,198064.52,0
15670668,999915670668,658,Germany,Male,29,5,75395.53,2,0,1,54914.92,0
15750638,999915750638,705,Germany,Female,33,5,116765.7,1,0,0,190659.17,1
15747878,999915747878,739,Spain,Male,60,4,0,1,1,1,51637.67,0
15726796,999915726796,844,France,Male,38,7,111501.66,1,1,1,119333.38,0
15754952,999915754952,602,Germany,Female,48,7,76595.08,2,0,0,127095.14,0
15652192,999915652192,759,France,Female,33,9,160541.36,2,0,0,93541.14,0
15681924,999915681924,747,Germany,Male,38,2,129728.6,1,1,0,89289.54,0
15763544,999915763544,673,France,Male,47,1,0,2,0,0,108762.16,0
15764431,999915764431,671,Spain,Female,34,5,130929.02,4,1,1,28238.25,1
15684010,999915684010,640,Germany,Female,74,2,116800.25,1,1,1,34130.43,0
15648881,999915648881,581,Germany,Male,40,0,101016.53,1,0,1,7926.35,1
15733303,999915733303,630,France,Male,67,5,0,2,1,1,27330.27,0
15643294,999915643294,703,France,Female,33,8,190566.65,1,1,1,79997.14,0
15749905,999915749905,698,Spain,Female,47,6,0,1,1,0,50213.81,1
15625175,999915625175,742,Germany,Female,43,6,97067.69,1,0,1,60920.03,1
15643967,999915643967,652,France,Female,37,4,92208.54,1,0,1,197699.8,1
15578251,999915578251,644,France,Male,37,2,186347.97,2,1,0,92809.73,0
15772573,999915772573,735,Spain,Male,55,2,103176.62,1,0,1,163516.16,0
15733234,999915733234,777,France,Female,58,4,0,1,1,1,62449.07,1
15721582,999915721582,644,Germany,Female,40,4,77270.08,2,1,1,115800.1,1
15628219,999915628219,665,Germany,Female,37,3,111911.63,1,1,1,110359.68,1
15571302,999915571302,529,Germany,Male,72,5,94216.05,1,1,1,78695.68,0
15637178,999915637178,803,Spain,Female,45,7,0,2,1,1,128378.04,0
15601184,999915601184,604,Spain,Female,26,3,0,2,1,0,155248.62,0
15629511,999915629511,738,France,Male,49,6,106770.82,1,1,0,123499.27,0
15570629,999915570629,655,Germany,Female,72,5,138089.97,2,1,1,99920.41,0
15665766,999915665766,698,Germany,Male,39,9,133191.19,2,0,1,53289.49,0
15693732,999915693732,775,France,Female,66,9,0,2,1,1,67622.34,0
15765982,999915765982,735,France,Male,41,7,74135.85,1,1,1,11783.1,1
15582016,999915582016,766,Spain,Male,41,6,99208.46,2,1,0,62402.38,0
15798024,999915798024,537,Germany,Male,84,8,92242.34,1,1,1,186235.98,0
15588622,999915588622,599,Germany,Male,25,7,108380.72,1,1,1,79005.95,0
15724863,999915724863,420,Spain,Female,55,4,91893.32,1,1,0,144870.28,1
15618213,999915618213,674,France,Female,32,7,85757.93,1,1,1,95481,0
15780411,999915780411,570,France,Female,46,3,0,2,0,0,820.46,0
15725429,999915725429,623,Germany,Male,33,8,96759.42,1,1,1,174777.98,0
15600626,999915600626,710,France,Male,30,6,0,2,1,1,8991.17,0
15668460,999915668460,466,France,Male,29,6,0,2,1,1,2797.27,0
15576263,999915576263,759,France,Female,22,5,0,1,1,0,22303.17,0
15720354,999915720354,581,France,Male,71,4,0,2,1,1,197562.08,0
15691624,999915691624,820,France,Male,33,2,132150.26,2,1,0,23067.97,0
15793196,999915793196,759,France,Male,41,9,0,2,0,1,190294.12,0
15633352,999915633352,628,France,Female,31,6,175443.75,1,1,0,113167.17,1
15750874,999915750874,676,France,Male,31,3,78990.15,1,1,1,124777.14,0
15588923,999915588923,591,France,Female,33,4,113743.37,1,1,0,124625.08,0
15715745,999915715745,690,France,Female,26,5,157624.84,1,1,1,49599.27,0
15611800,999915611800,624,France,Female,62,7,125163.62,2,1,1,151411.5,0
15576928,999915576928,573,France,Female,23,2,0,1,1,0,122964.18,0
15793693,999915793693,694,France,Male,60,9,0,1,1,1,57088.97,0
15581252,999915581252,632,Spain,Female,29,7,80922.75,1,1,0,7820.78,0
15797760,999915797760,632,France,Male,40,3,193354.86,2,1,0,149188.41,0
15790564,999915790564,832,Germany,Female,40,9,107648.94,2,1,1,134638.97,0
15593736,999915593736,598,Germany,Female,46,7,131769.04,1,0,0,184980.23,1
15595937,999915595937,430,Germany,Male,36,1,138992.48,2,0,0,122373.42,0
15815628,999915815628,711,France,Female,37,8,113899.92,1,0,0,80215.2,0
15782802,999915782802,582,Germany,Male,26,6,114450.32,1,1,1,14081.64,0
15627412,999915627412,605,France,Male,39,3,0,2,1,0,199390.45,0
15734609,999915734609,657,France,Female,37,2,0,2,1,1,7667.48,0
15710689,999915710689,578,Spain,Male,40,6,63609.92,1,0,0,74965.61,1
15565806,999915565806,532,France,Male,38,9,0,2,0,0,30583.95,0
15815530,999915815530,612,France,Female,42,10,75497.51,1,0,0,149682.78,0
15632272,999915632272,792,France,Female,42,2,0,2,1,0,92664.09,0
15684103,999915684103,674,France,Female,26,10,0,2,1,1,138423.1,0
15654519,999915654519,680,France,Male,31,1,0,2,1,1,3148.2,0
15767722,999915767722,593,France,Female,39,0,117704.73,1,1,0,197933.5,0
15654346,999915654346,679,Germany,Male,35,1,130463.55,2,1,1,37341.17,0
15660147,999915660147,493,Spain,Male,32,8,46161.18,1,1,1,79577.4,0
15814998,999915814998,688,Spain,Male,42,5,0,2,0,0,197602.29,0
15802207,999915802207,769,Germany,Male,43,4,110182.54,2,1,1,87537.32,0
15658668,999915658668,581,Spain,Male,49,10,0,2,0,0,41623.59,0
15715079,999915715079,465,France,Male,41,9,117221.15,1,1,0,168280.95,0
15570360,999915570360,641,France,Female,35,4,0,2,0,0,125986.18,0
15674678,999915674678,731,Germany,Female,43,9,79120.27,1,0,0,548.52,1
15780925,999915780925,625,France,Male,37,1,177069.24,2,1,1,96088.54,0
15688193,999915688193,468,France,Male,36,3,61636.97,1,0,0,107787.42,0
15778219,999915778219,790,France,Male,26,5,0,1,1,0,20510.79,0
15696514,999915696514,587,Germany,Female,37,6,104414.03,1,1,0,192026.02,0
15712303,999915712303,692,France,Male,66,4,159732.02,1,1,1,118188.15,0
15719090,999915719090,676,Germany,Female,34,4,89437.03,1,1,1,189540.95,0
15735632,999915735632,571,France,Male,41,8,0,1,1,1,63736.17,0
15619436,999915619436,700,France,Female,32,3,0,1,0,0,95740.37,0
15722404,999915722404,445,France,Female,30,3,0,2,1,1,127939.19,0
15662063,999915662063,746,France,Male,36,7,142400.77,1,1,1,193438.69,0
15745605,999915745605,722,France,Female,47,2,88011.4,1,1,1,90655.94,1
15636658,999915636658,596,France,Male,36,2,0,2,1,1,12067.39,0
15784130,999915784130,850,Germany,Female,30,8,154870.28,1,1,1,54191.38,0
15606755,999915606755,597,Spain,Female,46,4,0,2,1,0,58667.16,1
15801699,999915801699,436,Spain,Male,43,5,0,2,1,1,35687.43,0
15784097,999915784097,660,Germany,Male,28,1,118402.25,2,1,0,14288.93,0
15764654,999915764654,649,France,Male,37,9,87374.88,2,1,1,247.36,0
15612092,999915612092,646,Germany,Male,32,8,105397.8,1,1,0,78111.84,1
15610903,999915610903,560,Spain,Female,31,5,125341.69,1,1,0,79547.39,0
15705777,999915705777,710,Germany,Male,49,10,129164.88,1,1,1,193266.72,0
15661936,999915661936,513,France,Male,40,3,141004.46,1,1,0,105028.46,0
15700864,999915700864,607,France,Female,21,0,0,2,1,0,116106.52,0
15722965,999915722965,757,France,Male,57,3,89079.41,1,1,1,53179.21,1
15737521,999915737521,619,Germany,Male,40,9,103604.31,2,0,0,140947.05,0
15814465,999915814465,612,France,Male,24,1,182705.05,1,1,1,171837.06,0
15580988,999915580988,842,France,Male,29,8,0,2,1,1,123437.05,0
15789974,999915789974,713,France,Male,33,6,94598.48,1,0,0,197519.66,1
15713370,999915713370,657,Spain,Male,36,8,188241.05,2,0,0,183058.51,1
15748673,999915748673,770,France,Female,37,9,0,2,0,0,22710.72,0
15754919,999915754919,773,France,Female,40,10,0,2,0,1,69303.15,0
15641662,999915641662,470,Germany,Male,39,5,117469.91,2,0,0,63705.9,0
15813422,999915813422,781,Spain,Male,35,4,80790.74,1,1,0,116429.51,0
15713596,999915713596,428,France,Female,62,1,107735.93,1,0,1,58381.77,0
15791216,999915791216,600,Germany,Male,43,8,133379.41,1,1,0,177378.66,1
15689031,999915689031,697,Spain,Female,37,7,168066.87,1,1,0,35450.53,0
15763704,999915763704,692,Germany,Female,43,2,69014.49,2,0,0,164621.43,0
15631339,999915631339,791,France,Male,28,4,0,1,1,0,174435.48,0
15771509,999915771509,538,Germany,Female,42,1,98548.62,2,0,1,94047.75,0
15769586,999915769586,820,France,Female,49,1,0,2,1,1,119087.25,0
15656096,999915656096,679,Spain,Female,26,3,76554.06,1,1,1,184800.27,0
15585280,999915585280,649,France,Female,36,2,0,2,0,1,75035.48,0
15743582,999915743582,632,France,Female,27,3,107375.82,1,1,1,62703.38,0
15761692,999915761692,594,France,Male,40,9,122417.17,2,0,1,190882.69,0
15627840,999915627840,682,France,Female,42,0,0,1,0,1,91981.85,1
15778861,999915778861,720,Spain,Male,33,6,97188.62,1,0,0,91881.29,0
15770554,999915770554,769,France,Male,31,4,61297.05,2,1,1,7118.02,0
15806956,999915806956,746,Spain,Male,30,1,112666.67,1,0,0,11710.4,1
15701908,999915701908,623,Spain,Female,40,7,0,1,1,1,25904.12,0
15736990,999915736990,537,France,Male,28,3,157842.07,1,1,0,86911.49,0
15743714,999915743714,468,France,Male,46,7,91443.75,1,1,0,10958.18,0
15807993,999915807993,588,Germany,Female,30,0,110148.49,1,1,0,5790.9,1
15644686,999915644686,729,Spain,Female,34,9,53299.96,2,1,1,42855.97,0
15677377,999915677377,543,Spain,Male,37,3,0,2,1,1,78915.68,0
15626412,999915626412,499,Spain,Male,39,6,0,2,1,1,81409,0
15643679,999915643679,784,Germany,Male,28,2,70233.74,2,1,1,179252.73,0
15728456,999915728456,604,France,Male,33,3,0,1,1,0,42171.13,1
15630661,999915630661,614,Spain,Female,25,10,75212.28,1,1,0,58965.04,0
15734044,999915734044,671,France,Female,31,7,41299.03,1,0,1,102681.32,0
15705001,999915705001,587,Spain,Female,35,3,83286.56,1,1,0,125553.52,0
15809817,999915809817,593,Spain,Male,43,10,0,2,0,0,53478.02,0
15809137,999915809137,453,France,Male,29,6,0,1,0,0,198376.02,1
15751593,999915751593,570,Germany,Male,35,6,85668.59,1,1,0,105525.36,0
15626491,999915626491,655,France,Female,45,7,57327.04,1,0,1,47349,0
15765461,999915765461,632,Spain,Male,47,3,0,2,1,0,178822.32,0
15568120,999915568120,681,France,Female,37,7,69609.85,1,1,1,72127.83,0
15787161,999915787161,591,Germany,Male,46,4,129269.27,1,1,0,163504.33,0
15812324,999915812324,779,France,Male,27,1,0,2,1,1,190623.02,0
15588944,999915588944,456,France,Female,63,1,165350.61,2,0,0,140758.07,1
15694253,999915694253,686,France,Female,41,7,152105.57,2,0,1,132374.41,0
15759566,999915759566,617,France,Male,74,10,0,2,1,1,53949.98,0
15675675,999915675675,850,France,Female,32,5,106290.64,1,1,0,121982.73,0
15802060,999915802060,646,Germany,Female,30,10,100548.67,2,0,0,136983.77,0
15660505,999915660505,735,Germany,Male,46,2,106344.95,1,1,0,114371.33,1
15782630,999915782630,543,France,Male,35,5,137482.19,1,0,0,62389.35,0
15700710,999915700710,490,France,Female,37,3,116465.53,1,0,1,24435.77,0
15742834,999915742834,640,France,Male,45,1,0,1,1,1,10908.33,0
15806511,999915806511,445,Spain,Male,45,10,0,2,0,1,90977.48,0
15608166,999915608166,761,France,Male,36,9,127637.92,1,1,1,81062.93,0
15614230,999915614230,426,France,Female,34,3,0,2,1,1,61230.83,0
15729958,999915729958,777,France,Male,37,1,0,1,1,1,126837.72,0
15800814,999915800814,534,France,Male,35,2,81951.74,2,1,0,115668.53,0
15674727,999915674727,777,France,Female,42,5,147531.82,1,1,1,38819.45,0
15657779,999915657779,806,Spain,Male,18,3,0,2,1,1,86994.54,0
15801395,999915801395,790,France,Female,33,10,135120.72,1,0,0,195204.99,0
15757911,999915757911,643,Spain,Female,32,2,0,1,0,0,131301.74,0
15665340,999915665340,584,Spain,Female,37,8,0,2,0,1,100835.19,0
15787151,999915787151,638,France,Female,34,7,0,2,1,1,198969.78,0
15757821,999915757821,771,Spain,Male,18,1,0,2,0,0,41542.95,0
15600688,999915600688,600,France,Female,39,5,0,2,0,0,118272.07,0
15594878,999915594878,661,Spain,Female,41,5,28082.95,1,1,0,69586.27,1
15569248,999915569248,554,France,Female,43,10,0,2,1,0,149629.13,1
15812706,999915812706,627,Spain,Male,49,4,111087.5,1,0,1,146680.25,0
15645045,999915645045,659,France,Female,38,9,0,2,1,1,132809.18,0
15766746,999915766746,835,France,Male,35,6,127120.07,1,1,0,28707.69,0
15700383,999915700383,763,France,Female,35,7,115651.6,2,1,1,104706.29,0
15632551,999915632551,625,Germany,Male,31,4,77743.01,2,1,0,75335.68,0
15795129,999915795129,799,France,Female,30,9,0,2,1,0,136827.96,0
15650545,999915650545,849,France,Male,69,7,71996.09,1,1,1,139065.94,0
15612769,999915612769,692,France,Male,28,5,61581.97,1,1,1,70179.91,0
15710853,999915710853,623,France,Female,24,5,0,2,1,0,116160.04,0
15623712,999915623712,453,Spain,Female,42,5,0,3,1,0,83008.49,1
15653251,999915653251,408,France,Female,84,8,87873.39,1,0,0,188484.52,1
15755077,999915755077,778,Germany,Female,37,0,105617.73,2,1,1,133699.82,1
15808557,999915808557,695,France,Female,42,5,0,1,0,1,72172.13,1
15614687,999915614687,677,Germany,Female,44,4,148770.61,2,1,1,191057.76,0
15626882,999915626882,662,Spain,Male,37,5,94901.09,1,1,1,48233.75,0
15748034,999915748034,534,France,Male,29,7,174851.9,1,1,1,79178.31,0
15632324,999915632324,602,France,Male,59,7,0,2,1,1,162347.05,0
15761023,999915761023,554,Germany,Female,43,2,120847.11,1,1,0,7611.61,1
15761453,999915761453,667,France,Male,42,6,0,1,1,0,88890.05,0
15646726,999915646726,672,France,Male,43,5,0,1,0,0,63833.09,0
15637169,999915637169,838,Spain,Female,67,4,103267.8,1,1,1,78310.04,0
15636024,999915636024,692,Spain,Female,34,4,109699.08,1,1,1,37898.91,0
15801218,999915801218,675,France,Male,49,8,135133.39,1,0,1,179521.24,1
15642655,999915642655,731,Spain,Male,33,1,0,1,1,0,130726.96,0
15690130,999915690130,468,France,Female,32,8,137649.47,1,0,0,198714.29,0
15653753,999915653753,542,Spain,Male,43,6,113567.94,1,1,0,89543.25,0
15641359,999915641359,662,Spain,Female,35,6,0,2,0,0,2423.9,1
15776827,999915776827,770,Germany,Male,37,5,141547.26,2,0,1,180326.83,0
15647725,999915647725,675,France,Female,61,5,62055.17,3,1,0,166305.16,1
15648455,999915648455,647,Germany,Male,51,4,131156.76,1,1,0,29883.63,0
15580629,999915580629,604,France,Male,31,6,134837.58,1,1,0,192029.19,0
15730161,999915730161,833,France,Female,39,3,0,2,1,0,1710.89,0
15626612,999915626612,741,Spain,Male,40,4,104784.23,1,1,0,135163.76,1
15662865,999915662865,658,Spain,Male,36,1,0,2,0,1,84927.42,0
15629094,999915629094,528,France,Female,36,1,156948.41,1,1,1,149912.28,1
15651823,999915651823,590,France,Female,60,6,147751.75,1,1,0,88206.04,1
15594827,999915594827,675,France,Male,34,1,124619.33,2,0,1,163667.56,0
15786392,999915786392,765,France,Male,41,4,124182.21,1,0,0,100153.43,0
15727353,999915727353,650,France,Female,64,7,142028.36,1,1,0,32275.09,1
15733777,999915733777,817,France,Male,44,8,0,1,0,0,65501.91,1
15614302,999915614302,699,Germany,Female,31,10,125837.86,2,1,0,189392.66,0
15723263,999915723263,495,Germany,Female,34,9,117160.32,1,1,1,116069.24,1
15687270,999915687270,491,Spain,Female,61,8,0,2,0,1,139861.53,0
15803121,999915803121,847,France,Male,51,5,97565.74,1,0,0,144184.06,1
15598700,999915598700,676,Spain,Female,30,5,0,2,0,1,157888.5,0
15741875,999915741875,746,Spain,Female,25,3,104833.79,1,0,0,71911.3,0
15631709,999915631709,470,Spain,Female,31,2,101675.22,2,1,0,45033.75,0
15672970,999915672970,714,Spain,Male,20,3,0,2,0,1,150465.93,0
15761670,999915761670,695,France,Female,50,8,0,1,1,0,126381.6,1
15706005,999915706005,674,France,Male,46,2,174701.05,1,1,0,90189.72,1
15790336,999915790336,664,Germany,Male,36,6,71142.77,2,1,0,122433.09,0
15754267,999915754267,697,Germany,Male,31,3,108805.42,2,0,1,123825.83,0
15791988,999915791988,670,France,Male,68,4,0,2,1,1,11426.7,0
15683375,999915683375,541,France,Female,32,4,0,1,1,1,114951.42,0
15625151,999915625151,640,France,Female,66,9,116037.76,1,0,1,184636.05,0
15635285,999915635285,647,France,Male,28,8,0,2,1,1,91055.27,0
15574296,999915574296,757,France,Male,23,2,80673.96,2,1,0,93991.65,0
15711618,999915711618,704,Germany,Female,39,1,124640.51,1,1,0,116511.12,1
15670943,999915670943,778,Germany,Male,31,9,182275.23,2,1,0,190631.23,0
15634359,999915634359,639,Germany,Female,41,5,98635.77,1,1,0,199970.74,0
15586629,999915586629,637,France,Male,33,5,0,2,1,0,139947.17,0
15588461,999915588461,686,France,Male,35,4,0,1,1,0,8816.37,0
15773221,999915773221,577,Spain,Male,43,8,79757.21,1,1,0,135650.72,1
15664227,999915664227,506,Germany,Male,28,8,53053.76,1,0,1,24577.34,0
15741745,999915741745,757,France,Male,28,7,120911.75,2,1,1,131249.46,0
15652626,999915652626,826,France,Male,55,4,115285.85,1,1,0,140126.17,0
15599410,999915599410,721,France,Male,41,2,0,2,1,0,168219.75,0
15571958,999915571958,489,Spain,Male,40,3,221532.8,1,1,0,171867.08,0
15785406,999915785406,446,France,Female,51,4,105056.13,1,0,0,70613.52,0
15687884,999915687884,677,France,Male,37,3,88363.03,1,0,1,117946.3,0
15621685,999915621685,769,France,Male,29,2,123757.52,2,1,0,84872.66,0
15628886,999915628886,677,Spain,Male,56,5,123959.97,1,1,1,60590.72,1
15699325,999915699325,555,Germany,Female,62,10,114822.64,1,0,1,8444.5,0
15578369,999915578369,652,Germany,Female,37,9,145219.3,1,1,0,159132.83,0
15654156,999915654156,722,Germany,Female,32,5,106807.64,1,1,1,76998.69,0
15707199,999915707199,643,France,Male,36,0,148159.71,1,0,0,55835.66,0
15671630,999915671630,796,Germany,Female,40,1,99745.95,1,1,0,177524.19,0
15632079,999915632079,720,Germany,Female,37,8,156282.79,1,1,0,45985.52,0
15767921,999915767921,613,France,Male,41,7,0,2,1,0,60297.72,0
15573599,999915573599,506,France,Female,57,6,0,2,0,1,194421.12,1
15747208,999915747208,608,France,Male,50,6,0,1,1,0,93568.77,1
15582762,999915582762,667,Spain,Male,77,2,0,1,1,1,34702.92,0
15772528,999915772528,750,France,Female,47,7,121376.15,2,1,0,54473.6,1
15755798,999915755798,610,France,Male,33,4,111582.11,1,0,0,113943.17,0
15788683,999915788683,588,Germany,Female,34,10,129417.82,1,1,0,153727.32,0
15616922,999915616922,479,France,Female,26,1,0,2,1,1,19116.97,0
15771855,999915771855,682,France,Male,37,5,0,2,0,1,112554.68,0
15601873,999915601873,677,France,Female,36,7,0,1,1,0,47318.75,0
15657868,999915657868,850,Germany,Male,40,6,94607.08,1,1,0,36690.49,0
15711716,999915711716,580,France,Female,56,1,131368.3,1,1,0,106918.67,1
15734246,999915734246,746,France,Female,21,8,166883.07,2,0,1,194563.65,0
15792151,999915792151,635,Spain,Female,37,3,0,2,1,0,91086.73,0
15770159,999915770159,664,Germany,Male,25,6,172812.72,2,1,1,108008.65,0
15747649,999915747649,558,Germany,Female,36,0,126606.63,2,1,1,172363.52,0
15639357,999915639357,415,France,Male,46,9,134950.19,3,0,0,178587.36,1
15738907,999915738907,798,France,Female,60,6,96956.1,1,1,0,31907.44,1
15663446,999915663446,792,Germany,Female,29,4,107601.79,1,1,0,18922.18,1
15750867,999915750867,489,Germany,Female,46,8,92060.06,1,1,0,147222.95,1
15715939,999915715939,730,France,Male,33,0,0,2,1,0,1474.79,0
15763806,999915763806,773,France,Male,41,4,0,2,1,1,24924.92,0
15637993,999915637993,711,France,Male,36,9,137688.71,1,1,1,46884.1,0
15720338,999915720338,592,Spain,Male,55,8,85845.43,2,1,1,128918.42,0
15627162,999915627162,695,Germany,Male,27,6,125552.96,1,1,0,105291.26,0
15596710,999915596710,640,France,Female,33,1,167298.42,1,0,1,145381.65,0
15781678,999915781678,470,Spain,Male,31,4,55732.92,2,1,1,103792.53,0
15634968,999915634968,789,Germany,Female,37,6,110689.07,1,1,1,71121.04,1
15609475,999915609475,604,Spain,Female,39,7,98544.11,1,1,1,52327.57,0
15573319,999915573319,493,Germany,Female,35,8,178317.6,1,0,0,197428.64,0
15738291,999915738291,671,France,Female,48,8,115713.84,2,0,0,83210.84,0
15782456,999915782456,656,France,Male,46,9,143267.14,2,0,0,193099.43,0
15794841,999915794841,739,Spain,Male,19,5,89750.21,1,1,0,193008.52,0
15684696,999915684696,560,Spain,Female,26,3,116576.45,1,1,0,157567.37,0
15629846,999915629846,827,Germany,Female,47,8,143001.5,2,1,0,108977.5,0
15674442,999915674442,681,France,Male,23,7,157761.56,1,0,0,147759.84,0
15571689,999915571689,740,France,Female,37,5,0,2,1,1,27528.4,0
15730469,999915730469,663,Spain,Male,31,4,103430.11,2,0,1,36479.27,0
15809320,999915809320,845,Spain,Female,52,0,0,1,1,0,31726.76,1
15684367,999915684367,555,Spain,Male,27,5,0,2,0,0,96398.51,0
15793049,999915793049,680,Germany,Female,48,8,115115.38,1,1,0,139558.6,1
15603665,999915603665,638,Germany,Female,39,0,122501.28,2,1,1,95007.8,0
15613623,999915613623,640,Spain,Male,62,3,0,1,1,1,101663.47,0
15569572,999915569572,778,France,Male,42,6,0,2,1,1,106197.44,0
15698791,999915698791,679,France,Male,45,3,146758.24,1,1,0,48466.89,0
15626233,999915626233,593,France,Female,32,3,0,2,1,1,151978.36,0
15607263,999915607263,788,France,Male,55,3,0,1,0,1,13288.46,1
15610900,999915610900,770,France,Female,70,9,110738.89,1,1,0,22666.77,1
15624775,999915624775,729,France,Male,67,2,94203.8,1,0,1,102391.06,0
15691703,999915691703,545,France,Male,47,8,105792.49,1,0,1,67830.2,1
15745355,999915745355,597,France,Male,41,4,153198.23,1,1,1,92090.36,0
15724955,999915724955,537,France,Male,38,3,0,2,0,0,141023.01,0
15628999,999915628999,732,France,Male,79,10,61811.23,1,1,1,104222.8,0
15654341,999915654341,542,France,Male,34,8,101116.06,1,1,0,196395.05,0
15744240,999915744240,688,Germany,Female,46,0,74458.25,1,0,1,6866.31,0
15632365,999915632365,542,Germany,Male,33,8,142871.27,2,0,0,77737.86,0
15729689,999915729689,754,Germany,Male,35,6,98585.94,2,0,1,106116.84,0
15759284,999915759284,750,France,Female,37,6,0,1,1,1,117948,1
15602124,999915602124,731,France,Male,30,7,0,2,1,1,184581.68,0
15661903,999915661903,699,France,Female,43,3,80764.03,1,1,0,199378.58,1
15664668,999915664668,534,France,Female,42,9,144801.97,1,0,1,12483.39,1
15736431,999915736431,494,Spain,Male,27,2,0,2,1,0,22404.64,0
15748639,999915748639,497,Germany,Male,35,7,110053.62,2,1,1,92887.06,0
15628123,999915628123,632,France,Female,28,5,118890.81,1,0,1,145157.97,0
15602731,999915602731,724,France,Male,31,5,0,1,1,0,134889.95,1
15794137,999915794137,751,Germany,Female,37,0,151218.98,1,1,1,109309.29,0
15748696,999915748696,733,France,Male,42,9,150507.21,1,0,1,169964.12,0
15725068,999915725068,701,Spain,Female,21,9,0,2,1,1,26327.42,0
15807340,999915807340,525,Germany,Male,33,4,131023.76,2,0,0,55072.93,0
15586133,999915586133,666,Germany,Female,44,2,122314.5,1,0,0,68574.88,1
15576185,999915576185,653,France,Male,29,2,0,2,1,1,41671.81,0
15660809,999915660809,850,France,Male,28,4,0,2,1,1,12409.01,0
15616666,999915616666,646,Germany,Female,52,6,111739.4,2,0,1,68367.18,0
15706904,999915706904,750,France,Male,43,6,113882.31,1,1,1,74564.41,0
15606915,999915606915,764,France,Male,24,7,98148.61,1,1,0,26843.76,0
15749693,999915749693,658,France,Female,32,9,0,2,1,0,156774.75,0
15791743,999915791743,727,France,Male,32,1,59271.82,1,1,1,46019.43,0
15796480,999915796480,687,France,Female,31,2,0,2,0,1,145411.39,0
15790442,999915790442,631,Spain,Male,33,2,0,2,1,1,158268.84,0
15609458,999915609458,797,France,Male,30,10,69413.44,1,1,1,74637.57,0
15593897,999915593897,650,Spain,Male,25,7,160599.06,2,1,1,28391.52,0
15604576,999915604576,850,Spain,Male,22,3,0,1,1,1,144385.54,0
15666270,999915666270,676,France,Female,40,2,147803.48,1,1,0,95181.06,1
15572626,999915572626,620,Spain,Male,44,8,0,2,1,1,15627.51,0
15727197,999915727197,576,France,Female,52,9,170228.59,2,0,0,148477.57,1
15714006,999915714006,482,France,Female,35,2,133111.73,1,0,1,79957.95,0
15642137,999915642137,695,Spain,Female,39,5,0,2,0,0,102763.69,0
15665327,999915665327,706,France,Male,18,2,176139.5,2,1,0,129654.22,0
15626806,999915626806,668,France,Female,32,2,0,2,1,1,40652.33,0
15662578,999915662578,679,Germany,Male,35,1,110245.13,1,1,1,178291.09,0
15790829,999915790829,703,France,Female,45,5,0,2,1,0,131906.44,0
15654959,999915654959,670,Spain,Male,67,6,158719.57,1,1,1,118607.4,0
15760244,999915760244,590,France,Female,76,5,160979.68,1,0,1,13848.58,0
15715394,999915715394,613,Spain,Male,35,4,123557.65,2,0,1,170903.4,0
15722246,999915722246,742,France,Female,60,4,0,1,1,1,13161.66,1
15609704,999915609704,608,France,Female,33,4,0,1,1,0,79304.38,1
15757628,999915757628,571,France,Male,40,10,112896.86,1,1,1,121402.53,0
15633586,999915633586,595,France,Female,39,7,120962.13,1,0,0,23305.01,0
15565796,999915565796,745,Germany,Male,48,10,96048.55,1,1,0,74510.65,0
15717935,999915717935,589,France,Female,21,3,0,2,0,1,55601.44,0
15577700,999915577700,749,France,Male,37,10,185063.7,2,1,1,134526.87,0
15747345,999915747345,678,France,Female,22,6,118064.93,2,1,1,195424.01,0
15678317,999915678317,603,France,Male,46,2,0,2,1,1,59563.49,0
15698335,999915698335,504,France,Female,73,8,0,1,1,1,34595.58,0
15768451,999915768451,739,Germany,Male,40,5,149131.03,3,1,1,60036.99,1
15753213,999915753213,604,France,Female,34,7,0,2,1,0,193021.49,0
15769645,999915769645,612,France,Female,35,3,0,1,1,1,48108.72,0
15657565,999915657565,629,Spain,Female,44,6,125512.98,2,0,0,79082.76,0
15620323,999915620323,652,Spain,Female,42,3,83492.07,2,1,0,37914.12,0
15679983,999915679983,565,France,Male,34,7,0,1,0,0,74593.84,0
15812616,999915812616,707,France,Female,49,10,0,1,1,0,82967.97,1
15601796,999915601796,645,France,Male,30,1,125739.26,1,1,1,193441.23,0
15729489,999915729489,762,Germany,Female,34,8,98592.88,1,0,1,191790.29,1
15613216,999915613216,639,Spain,Female,39,1,141789.15,1,1,0,92455.96,0
15657937,999915657937,709,Germany,Male,22,0,112949.71,1,0,0,155231.55,0
15815428,999915815428,823,France,Male,34,3,105057.33,1,1,0,9217.92,0
15640409,999915640409,817,Germany,Female,46,0,89087.89,1,0,1,87941.85,1
15699492,999915699492,665,Germany,Female,27,2,147435.96,1,0,0,187508.06,0
15623536,999915623536,646,Germany,Male,39,0,154439.86,1,1,0,171519.06,0
15707551,999915707551,568,France,Male,30,8,73054.37,2,1,1,27012,0
15577999,999915577999,850,France,Female,62,1,124678.35,1,1,0,70916,1
15788775,999915788775,473,Germany,Male,40,8,152576.25,2,1,0,73073.68,0
15758362,999915758362,731,France,Female,41,9,152243.57,1,1,1,88783.59,0
15807961,999915807961,619,France,Male,25,4,0,1,1,0,145524.36,0
15710978,999915710978,715,Germany,Male,42,2,88120.97,2,1,1,21333.22,0
15703541,999915703541,772,Germany,Female,51,9,143930.92,1,0,1,46675.51,1
15626474,999915626474,686,France,Female,31,1,0,2,1,0,4802.25,0
15608344,999915608344,749,Germany,Female,29,7,137059.05,3,1,0,102975.72,1
15768367,999915768367,781,France,Female,27,7,186558.55,1,1,1,175071.29,1
15806210,999915806210,675,Spain,Male,66,5,115654.47,2,1,1,131970.86,0
15697702,999915697702,730,Spain,Male,29,2,0,2,1,0,14174.09,0
15689152,999915689152,683,Spain,Male,38,3,126152.84,1,0,0,15378.75,0
15568573,999915568573,554,Germany,Female,51,7,105701.91,1,0,1,179797.79,1
15689598,999915689598,722,France,Male,46,6,0,1,1,1,93917.68,1
15713374,999915713374,689,Germany,Male,67,9,157094.78,1,1,1,99490.01,0
15679733,999915679733,796,Germany,Male,40,2,113228.38,2,1,1,46415.09,0
15759274,999915759274,447,France,Female,32,10,0,1,1,1,151815.76,0
15607748,999915607748,498,Germany,Male,37,8,108432.88,2,1,1,14865.05,0
15607577,999915607577,663,Spain,Male,27,8,0,1,1,1,188007.99,0
15813697,999915813697,498,Germany,Female,44,2,120702.67,2,1,1,98175.74,0
15801125,999915801125,627,France,Female,32,1,0,1,1,0,106851.7,0
15777855,999915777855,649,France,Male,45,7,0,2,0,1,75204.21,0
15635396,999915635396,738,Germany,Female,29,9,139106.19,1,1,0,141872.05,1
15698031,999915698031,587,Germany,Female,39,6,101851.8,2,1,0,7103.71,0
15678944,999915678944,655,Germany,Female,32,6,130935.56,1,1,0,9241.83,1
15718507,999915718507,647,Germany,Male,37,3,116509.99,1,1,1,149517.71,1
15808334,999915808334,776,Germany,Female,37,1,93124.04,2,1,1,196079.32,0
15804709,999915804709,688,Germany,Male,35,5,111578.18,1,0,0,166165.93,1
15645835,999915645835,605,France,Male,32,9,0,2,1,1,55724.24,0
15738166,999915738166,596,France,Female,39,10,86546.29,1,0,1,131768.98,0
15675360,999915675360,427,France,Male,33,8,0,1,1,1,13858.95,0
15793042,999915793042,629,France,Male,39,2,129669.32,2,1,0,82774.07,0
15630106,999915630106,496,Spain,Male,29,2,0,2,1,0,55389.59,0
15810385,999915810385,717,Spain,Female,36,2,164557.95,1,0,1,82336.73,0
15578211,999915578211,777,France,Male,23,6,0,2,1,1,163225.48,0
15572792,999915572792,535,Spain,Male,35,8,118989.92,1,1,1,135536.72,0
15620030,999915620030,744,France,Male,29,1,0,1,0,0,82422.97,0
15783541,999915783541,755,France,Male,31,5,0,2,0,1,194660.78,0
15679284,999915679284,593,Spain,Female,45,6,79259.75,1,1,0,55347.28,0
15582910,999915582910,514,France,Male,38,4,112230.38,1,1,0,16717.11,1
15688337,999915688337,721,France,Male,40,9,118129.87,1,1,1,160277.65,0
15734970,999915734970,835,Spain,Male,38,7,86824.09,1,0,0,175905.97,0
15759140,999915759140,682,France,Female,64,10,128306.7,1,0,1,66040.83,0
15643042,999915643042,590,Germany,Female,40,2,117641.43,2,0,0,92198.05,0
15773868,999915773868,653,Germany,Female,37,3,125734.2,2,1,0,134625.09,1
15615820,999915615820,837,France,Male,49,8,103302.37,1,1,1,50974.57,0
15730273,999915730273,841,France,Male,27,8,0,1,1,0,171922.72,0
15724890,999915724890,584,Spain,Male,36,4,82696.09,2,0,0,83058.14,0
15765952,999915765952,769,France,Male,29,4,145471.37,1,1,0,188382.77,0
15685920,999915685920,599,Spain,Male,34,2,101506.66,1,0,0,198030.24,0
15663263,999915663263,698,France,Male,47,5,156265.31,2,0,0,1055.66,0
15568953,999915568953,477,France,Male,27,1,128554.98,1,1,1,133173.19,0
15643361,999915643361,477,Germany,Male,34,8,139959.55,2,1,1,189875.83,0
15699486,999915699486,745,Spain,Male,34,7,132944.53,1,1,1,31802.92,0
15747854,999915747854,749,France,Female,35,3,0,3,1,1,132649.85,0
15691785,999915691785,850,France,Male,61,1,0,1,1,0,53067.83,1
15709004,999915709004,528,Germany,Male,22,5,93547.23,2,0,1,961.57,0
15652218,999915652218,750,France,Male,33,2,152302.72,1,1,0,71333.44,0
15697127,999915697127,543,France,Female,31,2,147674.26,1,1,1,16658.76,0
15658486,999915658486,579,Spain,Female,59,3,148021.12,1,1,1,74878.22,0
15694160,999915694160,624,France,Male,37,0,0,2,0,0,112104.55,0
15685290,999915685290,595,Germany,Male,46,5,142360.62,2,1,0,48421.4,1
15701042,999915701042,596,Germany,Female,27,2,151027.56,1,1,0,170320.58,0
15680449,999915680449,431,Germany,Female,44,2,138843.7,1,1,0,37688.31,1
15599860,999915599860,647,Spain,Female,26,8,109958.15,1,1,1,136592.24,1
15723169,999915723169,640,France,Female,31,9,138857.59,1,1,0,48640.77,0
15803842,999915803842,752,Germany,Female,45,3,105426.5,2,0,1,89773.45,0
15728224,999915728224,710,Germany,Female,41,9,149155.53,2,1,0,42131.26,1
15644174,999915644174,638,Germany,Male,27,4,135096.05,1,1,1,186523.72,1
15707110,999915707110,660,Germany,Male,28,2,170890.05,2,1,0,41758.9,0
15765415,999915765415,609,Spain,Female,45,4,89122.3,1,1,1,199256.98,0
15756751,999915756751,596,Spain,Female,54,0,78126.28,1,1,1,153482.91,1
15795151,999915795151,705,France,Female,38,3,123894.43,1,1,0,21177.1,0
15632859,999915632859,444,France,Male,36,7,0,2,0,1,138743.86,0
15584037,999915584037,727,Germany,Male,58,5,106913.43,1,1,0,25881,1
15621409,999915621409,496,France,Male,32,4,127845.83,1,1,0,66469.2,0
15581102,999915581102,554,France,Female,22,8,0,2,0,1,142670.61,0
15578096,999915578096,537,France,Male,26,7,106397.75,1,0,0,103563.23,0
15669887,999915669887,839,France,Female,51,3,0,1,1,1,69101.23,1
15621834,999915621834,700,Spain,Female,43,0,0,2,1,0,59475.35,0
15655341,999915655341,458,Spain,Female,35,5,166492.48,1,1,0,135287.74,0
15685314,999915685314,850,France,Female,28,2,0,2,1,1,38773.74,0
15653997,999915653997,699,Spain,Male,31,6,114493.68,1,0,0,138396.32,0
15629551,999915629551,615,Germany,Female,44,9,126104.98,2,0,1,110718.02,0
15651264,999915651264,850,Germany,Male,51,4,124425.99,1,0,0,118545.49,1
15760825,999915760825,604,France,Female,40,1,0,2,1,0,123207.17,0
15597394,999915597394,668,Spain,Male,34,0,0,1,0,0,99984.86,0
15740383,999915740383,594,Spain,Female,38,10,0,2,1,0,58332.91,0
15670562,999915670562,470,France,Male,30,3,101140.76,1,1,1,50906.65,0
15698117,999915698117,701,Germany,Male,41,0,150844.94,1,0,1,127623.36,0
15694805,999915694805,664,Spain,Male,35,1,115024.5,1,0,1,169665.79,0
15746802,999915746802,477,France,Female,30,6,131286.46,1,1,0,194144.45,0
15589428,999915589428,756,France,Female,42,9,0,2,1,0,35673.42,0
15790267,999915790267,625,France,Female,40,7,141267.67,1,0,1,177397.49,0
15665402,999915665402,703,Spain,Male,73,5,137761.55,1,1,1,159677.46,0
15642093,999915642093,646,France,Male,30,7,0,2,1,0,153566.97,0
15666181,999915666181,650,France,Male,33,0,98064.97,1,1,0,52411.99,0
15602554,999915602554,664,France,Female,31,9,114519.57,2,0,1,79222.02,0
15724251,999915724251,682,Germany,Female,29,6,101012.77,1,0,0,32589.89,1
15740147,999915740147,725,France,Female,44,10,0,1,0,1,93777.61,0
15718289,999915718289,553,Germany,Male,46,3,82291.1,1,1,0,112549.99,1
15763148,999915763148,576,France,Male,39,9,84719.98,1,0,0,191063.36,0
15685245,999915685245,608,Spain,Female,56,5,0,2,0,1,153810.41,0
15626985,999915626985,850,France,Female,39,0,104386.53,1,1,0,105886.77,0
15585823,999915585823,627,France,Male,31,8,128131.73,1,1,0,96131.47,0
15728167,999915728167,667,France,Male,44,2,122806.95,1,0,0,15120.86,0
15762928,999915762928,548,Spain,Male,44,8,0,1,1,0,16989.77,0
15751774,999915751774,774,France,Male,76,4,112510.89,1,1,1,143133.18,0
15654733,999915654733,794,Germany,Male,57,3,117056.46,1,1,0,93336.93,1
15809777,999915809777,497,Germany,Female,55,7,131778.66,1,1,1,9972.64,0
15744200,999915744200,587,France,Female,36,1,70784.27,1,1,0,30579.82,0
15720713,999915720713,850,France,Female,29,10,0,2,1,1,199775.67,0
15695356,999915695356,722,France,Male,46,5,0,2,1,0,179908.71,0
15653315,999915653315,555,Spain,Female,35,1,0,2,1,0,101667,0
15604792,999915604792,609,Germany,Male,38,6,140752.06,2,0,1,171430.16,0
15704819,999915704819,734,Spain,Female,39,6,92126.26,2,0,0,112973.34,0
15670859,999915670859,718,Germany,Female,39,7,93148.74,2,1,1,190746.38,0
15602797,999915602797,645,Spain,Female,49,5,110132.55,3,0,1,187689.91,1
15662533,999915662533,598,Spain,Female,23,6,0,2,1,0,153229.19,0
15778154,999915778154,628,Germany,Male,50,4,122227.71,1,0,1,14217.77,1
15806230,999915806230,629,Germany,Male,40,2,121647.54,2,1,1,64849.74,1
15662884,999915662884,739,Germany,Male,58,1,110597.76,1,0,1,160122.66,1
15750778,999915750778,653,France,Female,60,2,120731.39,4,1,1,138160.11,1
15717185,999915717185,711,France,Male,28,8,0,2,1,1,64286.39,0
15677804,999915677804,783,Spain,Male,38,1,0,3,1,1,80178.54,1
15568915,999915568915,681,France,Male,38,6,153722.47,1,1,0,101319.76,0
15736495,999915736495,712,France,Male,34,8,114088.32,1,1,0,92794.61,0
15737354,999915737354,554,France,Female,48,7,0,2,1,1,63708.07,0
15667889,999915667889,611,France,Female,37,6,0,2,1,0,110782.88,0
15577831,999915577831,560,Germany,Male,41,4,152532.3,1,0,0,10779.69,0
15729836,999915729836,646,Spain,Male,32,1,0,2,1,0,183289.22,0
15775293,999915775293,680,France,Male,34,3,143292.95,1,1,0,66526.01,0
15697597,999915697597,631,France,Male,26,1,149144.61,1,0,1,123697.95,0
15639669,999915639669,746,France,Male,36,9,127157.04,1,1,1,155700.15,0
15631392,999915631392,654,Germany,Male,43,9,84673.17,2,0,1,82081.35,0
15580935,999915580935,687,Germany,Male,33,9,135962.4,2,1,0,121747.96,0
15590344,999915590344,708,Germany,Male,32,3,151691.44,2,1,1,172810.51,0
15653306,999915653306,679,Germany,Female,32,0,88335.05,1,0,0,159584.81,0
15805025,999915805025,636,France,Female,45,7,139859.23,1,1,1,108402.54,0
15658449,999915658449,695,France,Male,45,9,43134.65,1,0,1,77330.35,0
15694450,999915694450,677,France,Male,42,5,99580.13,1,1,0,21007.96,0
15605666,999915605666,720,France,Female,34,6,110717.38,1,1,1,9398.45,0
15615126,999915615126,780,France,Female,37,3,0,2,0,0,182156.81,1
15726588,999915726588,653,Spain,Female,36,3,0,2,0,0,110525.6,0
15645095,999915645095,674,France,Female,28,3,0,1,1,0,51536.99,0
15808960,999915808960,620,Germany,Male,40,5,108197.11,2,1,0,49722.34,0
15729435,999915729435,623,France,Male,40,6,0,2,1,1,66119.07,0
15656840,999915656840,547,France,Female,29,6,104450.86,1,1,1,37160.28,0
15659149,999915659149,530,France,Male,39,2,0,2,1,0,197923.05,0
15585490,999915585490,746,France,Female,34,4,0,1,0,1,65166.6,0
15674929,999915674929,512,France,Female,31,7,0,2,0,0,49326.07,0
15746341,999915746341,630,France,Male,40,8,0,2,1,1,42495.81,0
15662091,999915662091,570,Spain,Male,21,7,116099.82,1,1,1,148087.62,0
15620123,999915620123,605,France,Male,39,6,111169.91,1,0,0,9641.4,0
15616240,999915616240,530,Spain,Male,37,4,0,2,1,1,164844.37,0
15624186,999915624186,813,Germany,Female,25,5,123616.43,1,0,1,132959.33,0
15605036,999915605036,704,Spain,Female,37,9,155619.58,1,1,1,135088.58,0
15805151,999915805151,565,Germany,Male,31,2,89558.39,2,1,1,4441.54,0
15753847,999915753847,645,Spain,Male,45,4,0,1,0,1,174916.85,1
15653222,999915653222,526,Germany,Female,32,6,131938.92,2,1,1,1795.93,0
15757541,999915757541,778,France,Female,33,9,151772.63,2,0,0,180249.94,1
15726945,999915726945,677,France,Female,72,8,0,2,1,1,153604.44,0
15794276,999915794276,588,France,Female,64,3,0,1,1,1,189703.65,0
15568328,999915568328,488,France,Female,22,6,0,2,1,1,66393.89,0
15604355,999915604355,519,France,Male,39,1,97700.02,1,1,1,30709.03,0
15735788,999915735788,709,France,Male,31,6,0,2,1,1,71009.84,0
15618255,999915618255,642,Germany,Female,56,6,103244.86,2,1,0,143049.72,1
15720941,999915720941,710,Germany,Male,34,8,147833.3,2,0,1,1561.58,0
15769110,999915769110,653,France,Female,46,5,0,2,1,0,49707.85,0
15576094,999915576094,743,France,Male,71,0,0,2,0,1,29837.65,0
15756150,999915756150,418,France,Female,39,2,0,2,0,0,9041.71,0
15719579,999915719579,670,Germany,Female,33,9,84521.48,2,0,1,198017.05,0
15748854,999915748854,723,Germany,Female,28,5,91938.31,1,1,0,143481.85,0
15612455,999915612455,549,Germany,Male,45,6,124240.93,1,1,1,146372.51,0
15664802,999915664802,543,France,Female,42,5,0,2,0,0,101905.34,0
15735687,999915735687,595,Spain,Male,37,2,157084.99,1,1,0,134767.13,0
15664734,999915664734,673,Germany,Female,25,3,108244.82,2,1,1,103573.96,0
15767894,999915767894,741,France,Female,21,9,0,2,0,1,139259.54,0
15666884,999915666884,508,Germany,Female,41,5,82161.7,2,1,0,187776.49,0
15750156,999915750156,662,Germany,Male,59,2,104568.41,1,1,0,8059.44,1
15751120,999915751120,752,France,Female,36,2,119912.46,1,1,0,124354.92,0
15575748,999915575748,809,France,Male,36,9,68881.59,2,0,1,109135.11,0
15714610,999915714610,575,Spain,Male,30,2,0,2,1,1,82222.86,0
15720305,999915720305,591,Spain,Female,40,1,86376.29,1,0,1,136767.16,1
15678129,999915678129,643,Spain,Female,45,9,150840.03,2,1,0,155516.35,0
15566633,999915566633,698,Germany,Male,55,8,155059.1,2,1,1,144584.29,0
15680436,999915680436,496,France,Female,29,4,0,2,1,0,164806.89,0
15674343,999915674343,597,France,Male,44,8,78128.13,2,0,1,109153.04,0
15658890,999915658890,603,Germany,Male,46,4,98899.76,2,1,1,86190.34,0
15599004,999915599004,655,Spain,Male,37,1,0,1,1,1,106040.97,0
15726487,999915726487,431,France,Male,63,6,160982.89,1,1,1,168008.17,0
15698716,999915698716,620,France,Female,70,3,87926.24,2,1,0,33350.26,1
15710527,999915710527,782,France,Female,35,4,0,1,1,1,119565.34,0
15655590,999915655590,581,Spain,Male,46,2,79385.21,2,0,0,188492.82,0
15732266,999915732266,553,Germany,Male,53,5,127997.83,1,1,0,165378.66,1
15669326,999915669326,658,France,Male,44,2,168396.34,1,1,1,14178.73,0
15672246,999915672246,686,Germany,Male,43,2,134896.03,1,1,1,97847.05,0
15620276,999915620276,539,Spain,Male,36,6,0,3,1,1,118959.64,0
15640258,999915640258,685,France,Female,50,6,94238.75,2,1,1,50664.07,1
15740283,999915740283,850,France,Male,29,1,0,2,0,0,152996.89,0
15759717,999915759717,763,Spain,Female,39,7,0,2,1,0,19458.75,0
15620268,999915620268,634,Germany,Male,43,3,212696.32,1,1,0,115268.86,0
15743871,999915743871,567,France,Male,59,3,0,2,1,0,25843.7,1
15614491,999915614491,539,France,Male,39,3,139153.68,2,1,0,147662.33,0
15595047,999915595047,764,France,Male,41,7,0,2,0,0,134878.34,0
15732334,999915732334,653,France,Female,40,0,0,2,1,0,35795.85,0
15701206,999915701206,566,Spain,Male,44,5,0,2,1,0,66462.79,0
15581280,999915581280,714,Germany,Male,29,6,92887.13,1,1,1,69578.49,0
15651943,999915651943,580,Spain,Female,65,1,0,2,0,1,103182.46,0
15609545,999915609545,548,France,Male,29,5,83442.98,1,0,1,177017.39,0
15658548,999915658548,646,Germany,Female,36,6,144773.29,2,1,0,53217.3,0
15626008,999915626008,622,Germany,Female,52,9,111973.97,1,1,1,162756.29,1
15774133,999915774133,706,France,Female,35,8,178032.53,1,0,1,42181.68,0
15763798,999915763798,680,France,Male,23,5,140007.19,1,0,1,31714.08,0
15758013,999915758013,698,France,Male,37,5,98400.61,2,0,0,25017.28,0
15705765,999915705765,581,Spain,Female,46,1,0,2,1,0,104272.04,0
15648362,999915648362,728,Germany,Male,45,3,108924.33,2,1,0,84300.4,1
15761102,999915761102,707,Spain,Female,32,4,132835.56,1,0,0,136877.24,0
15610165,999915610165,761,France,Female,26,1,0,2,1,1,199409.19,0
15723717,999915723717,483,Germany,Male,41,1,118334.44,1,0,0,163147.99,1
15654611,999915654611,736,Germany,Female,25,9,81732.88,2,1,0,136497.28,0
15659736,999915659736,716,Germany,Male,66,5,121411.9,1,0,0,10070.4,1
15603170,999915603170,654,France,Male,32,9,121455.65,1,1,0,190068.53,1
15786167,999915786167,649,Spain,Male,20,5,0,2,1,1,58309.54,0
15671915,999915671915,649,France,Male,46,5,0,2,1,1,76946.6,0
15794792,999915794792,612,France,Female,31,8,117989.76,1,1,1,54129.86,0
15652789,999915652789,657,Spain,Male,40,10,0,2,1,1,52990.7,0
15739168,999915739168,511,France,Female,31,5,137411.29,1,0,1,161854.98,0
15719950,999915719950,682,France,Male,61,10,73688.2,1,1,1,172141.33,0
15743818,999915743818,748,Spain,Male,58,9,122330.7,2,0,1,124429.19,0
15717937,999915717937,554,Germany,Male,43,5,99906.89,1,0,0,24983.39,0
15602841,999915602841,794,Spain,Female,28,5,0,2,0,1,86699.98,0
15619972,999915619972,807,France,Female,47,9,167664.83,1,0,0,125440.11,1
15796114,999915796114,594,France,Female,34,7,141525.55,1,0,0,9443.15,0
15633546,999915633546,652,Spain,Female,33,3,124832.51,1,1,0,195877.06,0
15758755,999915758755,729,France,Female,34,9,132121.71,1,0,1,105409.31,0
15695168,999915695168,625,France,Male,39,2,0,2,1,0,100403.05,0
15754342,999915754342,597,Germany,Female,60,0,78539.84,1,0,1,48502.88,0
15756610,999915756610,657,Germany,Female,38,5,123770.46,1,0,0,47019.66,1
15640917,999915640917,633,France,Male,43,5,0,2,1,1,48249.88,0
15663164,999915663164,663,Germany,Male,49,7,116150.65,3,1,1,84358.71,1
15616811,999915616811,535,France,Male,47,0,160729.1,1,0,1,145986.35,0
15610781,999915610781,702,France,Female,29,10,88378.6,1,1,0,88550.28,0
15600911,999915600911,712,France,Male,33,2,182888.08,1,1,0,3061,0
15629603,999915629603,607,France,Male,31,8,0,2,1,1,43196.5,0
15714981,999915714981,476,France,Male,37,4,0,1,1,1,55775.84,1
15775892,999915775892,748,Spain,Female,23,8,85600.08,1,0,0,134077.71,0
15782778,999915782778,815,France,Male,35,4,0,2,0,1,198490.33,0
15786643,999915786643,602,France,Male,32,10,0,2,1,1,116052.92,0
15595657,999915595657,649,Germany,Male,40,4,95001.33,1,0,1,123202.99,0
15743673,999915743673,551,Spain,Male,27,2,113873.22,1,1,1,85129.77,1
15634310,999915634310,509,France,Male,30,6,0,2,1,0,180598.86,0
15790809,999915790809,685,Spain,Male,40,7,74896.92,1,1,0,198694.2,0
15668695,999915668695,536,France,Female,22,5,89492.62,1,0,0,42934.43,0
15669281,999915669281,711,Spain,Male,38,3,128718.78,1,0,0,114793.45,0
15621031,999915621031,761,Spain,Male,27,8,0,2,1,0,63297.7,0
15720071,999915720071,535,France,Female,49,3,0,1,0,0,61820.41,1
15792180,999915792180,566,Germany,Male,22,7,144954.75,2,1,0,102246,0
15813894,999915813894,620,Spain,Male,21,9,0,2,0,0,154882.79,0
15669490,999915669490,837,Germany,Male,37,6,94001.61,2,1,0,140723.05,0
15783030,999915783030,685,France,Female,40,7,0,1,1,0,72852.74,1
15695792,999915695792,673,France,Male,65,0,0,1,1,1,85733.33,0
15575676,999915575676,638,France,Male,24,1,0,2,0,1,162597.15,0
15627665,999915627665,614,France,Male,46,4,0,1,1,0,74379.57,1
15814092,999915814092,626,France,Female,44,2,0,1,0,1,173117.22,1
15695225,999915695225,834,Spain,Male,38,8,0,2,1,1,66485.26,0
15615091,999915615091,691,France,Male,24,6,0,2,1,1,92811.2,0
15794345,999915794345,706,Spain,Male,38,8,0,2,0,1,46635.11,0
15726484,999915726484,633,France,Male,37,7,141546.35,1,1,1,124830.11,0
15650442,999915650442,644,Germany,Female,32,8,141528.88,1,1,1,167087.34,1
15714256,999915714256,666,France,Male,30,7,109805.3,1,0,1,163625.56,0
15778752,999915778752,708,France,Male,32,10,86614.06,2,1,1,172129.26,0
15601659,999915601659,496,Germany,Female,59,7,91680.1,2,1,0,163141.18,1
15602811,999915602811,730,Germany,Male,38,0,38848.19,2,0,0,94003.11,0
15779414,999915779414,696,Spain,Male,40,3,153639.11,1,1,1,138351.68,0
15763097,999915763097,809,Spain,Male,80,8,0,2,0,1,34164.05,0
15633666,999915633666,701,Spain,Female,33,7,123870.07,1,1,0,97794.71,0
15718789,999915718789,604,France,Male,30,5,0,2,1,0,75786.55,0
15690620,999915690620,665,France,Male,39,10,46323.57,1,1,0,136812.02,0
15737071,999915737071,639,France,Female,60,5,162039.78,1,1,1,84361.72,1
15665062,999915665062,696,France,Male,19,1,110928.51,1,1,1,2766.63,0
15600692,999915600692,520,France,Male,38,5,0,2,1,0,163185.76,0
15792064,999915792064,545,Germany,Male,53,5,114421.55,1,1,0,180598.28,1
15811486,999915811486,634,Germany,Female,29,8,130036.21,2,0,1,69849.55,0
15626141,999915626141,750,France,Female,26,1,151510.17,2,1,1,19921.72,0
15738546,999915738546,530,Spain,Female,41,4,0,2,0,1,147606.71,0
15677052,999915677052,589,France,Female,59,2,0,2,1,1,126160.24,1
15656454,999915656454,654,France,Male,37,6,83568.55,1,1,0,47046.72,0
15645496,999915645496,648,France,Female,43,7,139972.18,1,1,0,143668.58,0
15612505,999915612505,835,Spain,Male,45,3,100212.13,1,1,0,152577.62,0
15708513,999915708513,446,France,Female,39,1,90217.07,1,1,0,191350.48,0
15685654,999915685654,514,Spain,Male,66,9,0,2,1,1,14234.31,0
15732307,999915732307,694,Germany,Male,33,4,124067.32,1,1,1,77906.87,0
15726814,999915726814,554,Spain,Male,46,4,0,2,0,1,57320.92,0
15653776,999915653776,720,Germany,Female,57,1,162082.31,4,0,0,27145.73,1
15597914,999915597914,641,Germany,Female,51,2,117306.69,4,1,1,26912.72,1
15631603,999915631603,813,France,Male,32,1,122889.88,1,1,1,26476.18,0
15789753,999915789753,480,France,Male,40,6,148790.61,1,0,1,79329.7,0
15678034,999915678034,811,France,Male,46,9,180226.24,1,1,0,13464.64,1
15690209,999915690209,715,Germany,Female,32,3,104857.19,2,1,0,114149.8,0
15592091,999915592091,620,Spain,Male,31,2,166833.86,2,1,1,135171.6,0
15647453,999915647453,721,France,Male,42,4,102936.72,1,0,0,1187.88,0
15697100,999915697100,772,Germany,Female,48,6,108736.52,1,1,0,184564.67,1
15811290,999915811290,680,Germany,Male,44,0,129974.79,2,1,1,33391.38,0
15629187,999915629187,535,France,Male,38,8,85982.07,1,1,0,9238.35,0
15758073,999915758073,655,France,Female,20,7,134397.61,1,0,0,28029.54,0
15640769,999915640769,660,France,Male,63,8,137841.53,1,1,1,42790.29,0
15606641,999915606641,762,Germany,Male,56,10,100260.88,3,1,1,77142.42,1
15718280,999915718280,662,Germany,Male,39,5,139822.11,2,1,1,146219.9,0
15764335,999915764335,463,Germany,Female,41,8,123151.51,2,1,0,70127.93,0
15634218,999915634218,501,Germany,Male,27,4,95331.83,2,1,0,132104.76,0
15808760,999915808760,603,Spain,Female,42,6,0,1,1,1,90437.87,0
15648461,999915648461,688,Spain,Male,37,7,138162.41,2,1,1,113926.31,0
15593555,999915593555,430,France,Male,38,9,0,2,1,1,12050.77,0
15569079,999915569079,632,Germany,Male,48,6,126066.26,1,1,0,64345.61,1
15800736,999915800736,601,Spain,Female,42,4,96763.89,1,1,1,199242.65,0
15792607,999915792607,769,France,Female,38,2,0,2,0,0,75578.67,0
15640034,999915640034,551,France,Male,42,2,139561.46,1,1,0,43435.43,1
15807563,999915807563,841,France,Female,52,5,0,1,0,0,183239.71,1
15684461,999915684461,469,Spain,Female,31,6,0,1,1,0,146213.75,1
15580134,999915580134,479,Spain,Male,27,2,172463.45,1,1,1,40315.27,0
15679075,999915679075,701,France,Male,37,8,107798.85,1,1,0,16966.73,0
15742504,999915742504,593,France,Male,36,2,70181.48,2,1,0,80608.12,0
15567328,999915567328,738,Spain,Male,38,5,177997.07,1,0,1,19233.41,0
15698294,999915698294,635,Spain,Male,31,1,0,2,1,0,135382.23,0
15607142,999915607142,658,France,Male,32,8,0,1,1,1,80410.68,0
15738516,999915738516,687,Spain,Female,36,5,0,1,1,0,17696.22,0
15806403,999915806403,650,France,Male,37,9,0,2,1,0,17974.08,0
15656707,999915656707,720,Spain,Male,21,2,123200.78,1,1,1,180712.28,0
15653715,999915653715,602,France,Female,63,7,0,2,1,1,56323.21,0
15806184,999915806184,618,Spain,Male,33,4,0,2,1,1,77550.18,0
15585734,999915585734,803,Germany,Male,41,9,137742.9,2,1,1,166957.82,0
15725639,999915725639,793,France,Female,63,9,116270.72,1,1,1,184243.25,0
15618401,999915618401,616,Germany,Male,41,10,113220.2,2,1,1,114072.91,0
15785385,999915785385,550,Spain,Male,51,5,0,2,1,0,153917.41,0
15734762,999915734762,602,France,Female,56,3,115895.22,3,1,0,4176.17,1
15767129,999915767129,452,France,Female,60,6,121730.49,1,1,1,142963.29,0
15797204,999915797204,655,Spain,Female,28,3,113811.85,2,0,1,76844.23,0
15769272,999915769272,510,France,Female,26,6,136214.08,1,0,0,159742.33,0
15771966,999915771966,557,France,Male,39,8,146200.01,1,1,0,177944.64,0
15691952,999915691952,676,France,Male,37,10,106242.67,1,1,1,166678.28,0
15593250,999915593250,640,France,Female,29,4,0,2,1,0,44904.26,0
15605333,999915605333,529,Spain,Male,31,6,0,1,1,0,10625.91,0
15800083,999915800083,559,France,Male,45,8,24043.45,1,0,1,169781.45,1
15575691,999915575691,689,France,Female,58,5,0,2,0,1,49848.86,0
15689886,999915689886,626,Germany,Male,39,10,132287.92,3,1,1,51467.92,1
15809838,999915809838,697,Spain,Male,30,1,0,2,0,0,735.79,0
15736154,999915736154,823,France,Female,44,1,0,2,0,1,182495.7,0
15767391,999915767391,565,Germany,Female,32,4,90322.99,2,0,1,118740.37,0
15704910,999915704910,631,Spain,Male,23,3,0,2,1,0,13813.24,0
15656613,999915656613,646,France,Female,34,3,131283.11,1,0,0,130500.65,0
15611551,999915611551,676,Spain,Male,48,1,131659.59,2,0,1,14152.15,0
15732430,999915732430,850,Spain,Female,54,4,120952.74,1,1,0,66963.15,0
15741865,999915741865,810,France,Female,38,9,153166.17,1,1,1,93261.69,0
15634143,999915634143,581,Spain,Male,30,0,53291.86,1,0,0,196582.28,0
15609676,999915609676,718,France,Female,35,2,167924.95,1,1,0,43024.64,0
15761600,999915761600,713,France,Male,43,5,86394.14,1,1,1,130001.13,0
15676404,999915676404,672,France,Female,50,1,0,1,1,0,12106.82,1
15659236,999915659236,781,Spain,Male,33,3,0,2,1,1,42556.33,0
15690440,999915690440,656,Spain,Male,47,1,0,2,1,1,197961.93,0
15694601,999915694601,583,France,Female,31,4,158978.79,1,1,0,12538.92,0
15812262,999915812262,808,Germany,Female,37,2,100431.84,1,1,0,35140.49,1
15762821,999915762821,721,Spain,Male,33,5,0,2,0,1,117626.9,0
15669301,999915669301,778,Germany,Female,29,6,150358.97,1,1,0,62454.01,1
15672640,999915672640,850,Spain,Female,45,4,114347.85,2,1,1,109089.04,0
15750458,999915750458,693,France,Female,39,4,0,2,0,1,142331.39,0
15627251,999915627251,520,France,Male,34,4,134007.9,1,1,1,193209.11,0
15764294,999915764294,759,Germany,Male,31,4,98899.91,1,1,1,47832.82,0
15659962,999915659962,637,France,Male,60,3,0,2,1,1,70174.03,0
15788536,999915788536,755,Germany,Male,40,2,137430.82,2,0,0,176768.59,0
15596979,999915596979,662,France,Female,47,6,0,2,1,1,129392.75,0
15681220,999915681220,503,France,Female,37,8,0,2,1,1,97893.32,0
15635097,999915635097,599,Germany,Male,39,2,188976.89,2,0,1,176142.09,0
15780779,999915780779,583,Spain,Female,40,4,0,2,1,0,114093.73,0
15798470,999915798470,764,Spain,Female,48,1,75990.97,1,1,0,158323.81,1
15760880,999915760880,513,France,Male,29,10,0,2,0,1,25514.77,0
15616929,999915616929,730,Spain,Male,62,5,112181.08,1,0,1,61513.87,0
15758775,999915758775,820,Spain,Male,34,10,97208.46,1,1,1,59553.34,0
15663386,999915663386,597,Spain,Female,26,7,0,2,1,0,110253.2,0
15621267,999915621267,637,France,Male,32,5,0,1,0,0,148769.08,0
15720509,999915720509,696,France,Male,34,9,150856.79,1,0,1,8236.78,0
15693322,999915693322,635,Germany,Female,37,9,146748.07,1,0,1,11407.58,0
15589544,999915589544,673,Spain,Female,57,4,0,2,1,1,49684.09,0
15772030,999915772030,662,Spain,Male,33,3,0,2,0,1,68064.83,0
15693337,999915693337,683,Spain,Male,41,0,148863.17,1,1,1,163911.32,0
15676571,999915676571,850,France,Male,55,6,0,1,1,0,944.41,1
15701392,999915701392,815,Spain,Male,28,6,0,2,0,1,185547.71,0
15741092,999915741092,671,Spain,Male,34,10,153360.02,1,1,0,140509.86,0
15643865,999915643865,601,France,Female,40,3,92055.36,1,0,1,164652.02,1
15769389,999915769389,709,Germany,Female,39,9,124723.92,1,1,0,73641.86,0
15807768,999915807768,702,Germany,Male,28,1,103033.83,1,1,1,40321.87,0
15801630,999915801630,558,France,Male,40,6,0,2,1,0,173844.89,0
15705034,999915705034,691,Spain,Male,40,1,0,2,1,1,145613.17,0
15763107,999915763107,700,France,Female,30,9,0,1,1,1,174971.64,0
15667085,999915667085,667,France,Male,33,4,0,2,1,1,131834.75,0
15647008,999915647008,624,Germany,Male,54,3,116726.22,1,1,0,110498.1,1
15584505,999915584505,580,France,Female,23,5,113923.81,2,0,0,196241.43,0
15748068,999915748068,571,Spain,Female,31,3,0,2,1,1,194667.92,0
15663964,999915663964,561,France,Male,37,5,0,2,1,0,83093.25,0
15782311,999915782311,529,France,Male,28,9,0,2,1,1,52545.24,0
15588197,999915588197,670,France,Male,36,7,0,2,0,0,59571.5,0
15610105,999915610105,666,Germany,Female,21,1,121827.43,2,1,1,99818.31,0
15606133,999915606133,628,Spain,Male,42,7,0,2,0,1,172967.87,0
15599403,999915599403,577,France,Male,60,10,125389.7,2,1,1,178616.73,0
15648225,999915648225,652,Spain,Female,38,1,103895.31,1,0,1,159649.44,0
15608406,999915608406,678,France,Male,26,5,111128.04,1,1,0,60941.27,1
15633378,999915633378,692,Spain,Female,49,9,0,2,1,0,178342.63,0
15664759,999915664759,675,Spain,Male,32,10,0,2,1,0,191545.65,0
15625545,999915625545,712,Spain,Male,52,9,0,1,1,1,117977.45,1
15772148,999915772148,639,Germany,Female,37,5,151242.48,1,0,1,49637.65,0
15810829,999915810829,618,France,Male,48,7,0,1,1,0,13921.82,1
15731669,999915731669,554,France,Male,39,2,129709.62,1,1,0,173197.12,0
15738634,999915738634,533,France,Male,47,9,83347.25,1,1,1,137696.25,0
15737571,999915737571,540,Spain,Female,28,6,84121.04,1,0,1,80698.54,0
15667602,999915667602,704,Spain,Male,33,3,0,2,1,0,73018.74,0
15684147,999915684147,678,France,Male,43,5,102338.19,1,1,1,79649.62,0
15789874,999915789874,712,France,Female,29,3,87375.78,2,0,0,166194.53,0
15757952,999915757952,651,France,Male,44,2,0,3,1,0,102530.35,1
15698732,999915698732,789,Germany,Male,51,3,104677.09,1,1,0,74265.38,0
15714355,999915714355,775,Germany,Male,32,8,121669.23,1,0,1,125898.39,0
15599090,999915599090,564,Germany,Male,40,7,108407.34,1,1,1,83681.2,0
15762048,999915762048,841,Germany,Female,33,7,154969.79,2,1,1,99505.75,0
15790596,999915790596,850,Spain,Male,39,0,141829.67,1,1,1,92748.16,0
15609623,999915609623,637,France,Female,63,5,0,1,1,0,28092.77,1
15711901,999915711901,500,France,Male,45,2,109162.82,1,1,1,126145.08,0
15779809,999915779809,655,France,Male,44,8,87471.63,1,0,1,188593.98,0
15729018,999915729018,666,France,Female,33,2,147229.65,1,1,1,56410.17,0
15698246,999915698246,658,France,Female,24,2,0,2,1,1,84694.49,0
15712409,999915712409,749,Germany,Male,66,6,182532.23,2,1,1,195429.92,0
15758306,999915758306,654,France,Male,32,6,0,2,1,1,137898.57,0
15621435,999915621435,623,France,Female,39,1,160903.2,1,0,0,78774.36,0
15566295,999915566295,761,France,Female,33,6,138053.79,2,1,0,148779.41,0
15569098,999915569098,627,France,Male,44,6,153548.12,1,0,0,35300.08,1
15662532,999915662532,757,Germany,Male,31,8,149085.9,2,1,1,197077.36,0
15664001,999915664001,695,Germany,Female,53,8,95231.91,1,0,0,70140.8,1
15703437,999915703437,726,France,Male,34,3,0,2,1,0,196288.46,0
15708003,999915708003,587,Spain,Male,41,8,85109.21,1,1,0,1557.82,0
15599452,999915599452,605,Germany,Female,43,8,125338.8,2,1,0,23970.13,0
15719793,999915719793,850,Spain,Male,62,5,0,2,1,1,180243.56,0
15771580,999915771580,850,France,Female,38,0,106831.69,1,0,1,148977.72,0
15732268,999915732268,751,France,Male,29,3,159597.45,1,1,0,39934.41,0
15722350,999915722350,627,Germany,Female,37,7,147361.57,1,1,1,133031.96,0
15611371,999915611371,736,France,Male,43,4,176134.54,1,1,1,52856.88,0
15673584,999915673584,652,France,Female,74,5,0,2,1,1,937.15,0
15636396,999915636396,627,France,Female,35,7,0,2,0,1,193022.44,0
15706170,999915706170,636,France,Male,34,1,84055.43,1,0,0,37490.84,0
15725478,999915725478,775,France,Male,60,7,0,2,1,1,111558.7,0
15654562,999915654562,850,Spain,Female,45,5,174088.3,4,1,0,5669.31,1
15737509,999915737509,850,Spain,Male,34,8,199229.14,1,0,0,68106.29,0
15690796,999915690796,516,France,Male,37,8,0,1,1,0,101834.58,0
15716728,999915716728,513,Spain,Female,42,10,0,2,0,1,73151.25,0
15605665,999915605665,673,Germany,Female,69,3,78833.15,2,1,1,37196.15,0
15748481,999915748481,564,France,Female,27,6,0,1,0,0,7819.76,0
15757777,999915757777,636,France,Female,35,2,0,2,1,1,23129.46,0
15747808,999915747808,712,France,Male,29,3,102540.61,1,1,1,189680.79,0
15810593,999915810593,568,France,Male,51,4,0,3,1,1,66586.56,0
15693376,999915693376,741,Spain,Male,43,0,0,2,1,1,2920.63,1
15579808,999915579808,754,Germany,Female,39,8,129401.87,1,1,1,87684.93,0
15598275,999915598275,709,France,Female,32,7,0,2,1,1,199418.02,0
15737080,999915737080,510,France,Female,32,1,0,2,0,1,28515.17,0
15668580,999915668580,716,Spain,Male,33,2,0,2,1,1,92916.53,0
15569438,999915569438,607,Germany,Male,36,10,106702.94,2,0,0,198313.69,0
15675842,999915675842,656,Spain,Male,26,4,139584.57,1,1,0,36308.93,0
15577587,999915577587,550,Germany,Male,52,5,121016.23,1,1,1,41730.37,1
15625592,999915625592,486,France,Male,26,2,0,2,1,1,31399.4,0
15635141,999915635141,598,Germany,Male,59,8,118210.42,2,0,0,60192.14,1
15642570,999915642570,675,Spain,Male,35,8,0,2,1,0,29062.25,0
15702175,999915702175,755,France,Female,29,4,148654.84,2,1,1,28805.09,0
15677785,999915677785,656,Spain,Male,32,5,136963.12,1,1,0,133814.28,0
15786153,999915786153,644,Germany,Male,47,9,137774.11,2,1,0,151902.78,0
15759499,999915759499,598,France,Female,32,4,111156.52,1,1,1,167376.26,0
15659568,999915659568,850,Spain,Female,31,3,121237.65,1,1,1,31022.56,0
15715597,999915715597,679,France,Male,36,1,97234.58,1,1,0,188997.08,0
15610147,999915610147,632,France,Male,60,2,0,2,0,1,2085.32,0
15802362,999915802362,550,Spain,Male,45,0,0,2,0,1,70399.71,0
15660524,999915660524,572,Germany,Female,54,9,97382.53,1,1,1,195771.95,0
15747168,999915747168,626,Germany,Female,47,2,103108.8,1,0,1,166475.44,1
15796910,999915796910,625,Spain,Female,57,7,0,1,0,0,84106.17,1
15707674,999915707674,515,France,Female,58,2,131852.81,1,1,0,81436.68,1
15565706,999915565706,612,Spain,Male,35,1,0,1,1,1,83256.26,1
15587596,999915587596,628,Spain,Female,39,8,107553.33,1,1,0,117523.41,0
15751943,999915751943,529,Spain,Female,43,5,0,2,0,0,79476.63,0
15621227,999915621227,668,Germany,Female,46,7,161806.09,1,1,1,173052.19,0
15757588,999915757588,526,France,Male,30,9,0,2,0,0,100995.68,0
15640922,999915640922,791,France,Female,52,7,0,1,1,1,122782.5,0
15567557,999915567557,573,France,Male,27,2,128243.03,1,1,1,11631.34,0
15670103,999915670103,565,France,Female,38,5,126645.13,1,1,1,168303.55,0
15720929,999915720929,604,France,Female,47,8,62094.71,3,0,0,9308.1,1
15732774,999915732774,656,France,Male,37,7,112291.34,1,1,0,153157.97,0
15628558,999915628558,447,France,Female,44,5,89188.83,1,1,1,75408.24,0
15729201,999915729201,682,France,Male,55,9,0,1,1,0,153356.8,1
15731117,999915731117,437,Spain,Male,28,2,109161.25,1,1,0,152987.42,0
15615207,999915615207,792,Spain,Male,47,0,0,1,1,1,5557.88,1
15773512,999915773512,627,Spain,Female,25,4,0,1,1,1,194313.93,0
15572145,999915572145,767,France,Female,34,8,0,2,1,0,94767.77,0
15642710,999915642710,686,France,Male,26,7,0,2,1,0,1540.89,0
15574213,999915574213,789,France,Female,53,1,158271.74,1,1,1,5036.39,1
15718852,999915718852,794,France,Male,56,9,96951.21,1,1,1,71776.76,0
15583840,999915583840,587,Germany,Male,35,5,121863.61,1,1,1,23481.69,1
15782418,999915782418,589,Germany,Female,19,9,83495.11,1,1,1,143022.31,1
15813504,999915813504,543,Germany,Female,25,1,146566.01,1,0,1,161407.48,0
15711314,999915711314,589,Spain,Female,45,1,0,1,0,0,125939.22,1
15621064,999915621064,701,Germany,Male,23,5,186101.18,2,1,1,76611.33,0
15627847,999915627847,850,France,Male,40,6,0,1,1,0,136985.08,1
15588090,999915588090,726,Germany,Female,51,8,107494.86,2,1,0,140937.91,1
15735270,999915735270,767,Spain,Male,47,2,0,1,1,0,48161.18,1
15671804,999915671804,648,Spain,Male,36,8,146943.38,2,1,1,130041.45,0
15753215,999915753215,651,Spain,Female,36,8,0,2,1,0,91652.43,0
15789941,999915789941,633,France,Female,36,6,125130.28,1,0,0,125961.48,0
15691061,999915691061,740,France,Female,37,9,0,2,1,1,73225.31,0
15808326,999915808326,592,France,Female,34,9,0,2,1,1,20460.2,0
15566660,999915566660,670,France,Female,41,10,0,3,1,0,81602.02,0
15778947,999915778947,628,France,Male,36,3,0,2,1,1,8742.91,0
15632977,999915632977,745,France,Male,47,5,0,2,0,0,145789.71,0
15591747,999915591747,705,France,Male,32,3,0,2,0,0,129576.99,0
15567335,999915567335,559,France,Female,42,7,0,2,1,1,190040.29,0
15609299,999915609299,595,France,Male,29,6,150685.79,1,1,0,87771.06,0
15669945,999915669945,492,France,Male,35,4,141359.37,2,1,0,39519.53,0
15736271,999915736271,498,France,Female,29,9,0,1,1,0,190035.83,0
15710390,999915710390,655,France,Female,39,6,94631.26,2,1,1,148948.52,0
15756481,999915756481,636,France,Female,39,3,118336.14,1,1,0,184691.77,0
15736730,999915736730,634,France,Female,45,2,0,1,1,1,143458.31,0
15626040,999915626040,793,Spain,Male,63,0,0,2,0,1,27166.75,0
15746553,999915746553,526,Germany,Male,50,5,124233.24,1,0,1,159456.87,1
15622518,999915622518,768,France,Female,26,5,51116.26,1,1,1,70454.79,1
15684908,999915684908,540,Germany,Male,64,1,91869.69,1,0,1,95421,0
15569446,999915569446,732,France,Female,34,8,122338.43,2,1,0,187985.85,0
15777504,999915777504,617,France,Female,30,8,0,1,1,1,92621.9,0
15677906,999915677906,637,Spain,Female,54,5,0,1,0,1,150836.98,0
15703292,999915703292,573,France,Male,26,8,86270.93,2,1,1,90177.3,0
15712938,999915712938,531,France,Male,44,3,0,2,1,1,34416.79,0
15631359,999915631359,489,France,Female,38,5,117289.92,1,0,0,85231.88,0
15720847,999915720847,601,France,Male,35,2,0,2,1,1,118983.18,0
15787830,999915787830,452,Germany,Male,33,7,153663.27,1,1,0,111868.23,0
15599869,999915599869,728,Spain,Female,29,1,0,1,1,1,83056.22,0
15592078,999915592078,590,Germany,Female,27,8,123599.49,2,1,0,1676.92,0
15596228,999915596228,490,France,Male,29,4,0,2,1,0,32089.57,0
15578462,999915578462,596,Spain,Female,76,9,134208.25,1,1,1,13455.43,0
15756894,999915756894,635,France,Male,29,1,0,1,0,1,24865.54,0
15796167,999915796167,782,Germany,Male,35,7,98556.89,2,1,0,117644.36,0
15664808,999915664808,790,Spain,Female,37,3,0,3,0,0,98897.32,0
15664555,999915664555,587,France,Male,40,2,0,4,0,1,106174.7,1
15607278,999915607278,794,Spain,Female,46,8,134593.79,1,1,1,46386.37,0
15585222,999915585222,515,France,Male,41,8,0,2,1,1,185054.14,0
15750299,999915750299,746,Spain,Male,24,10,68781.82,1,0,1,47997.39,0
15761294,999915761294,667,Germany,Female,56,8,137464.04,1,1,0,130846.79,1
15810454,999915810454,709,France,Male,32,4,147307.91,1,0,1,40861.55,0
15673984,999915673984,536,France,Female,35,8,0,1,1,0,171840.24,1
15609319,999915609319,711,France,Female,41,3,145754.91,1,1,1,101455.07,0
15709941,999915709941,753,France,Male,46,8,0,3,1,0,90747.94,1
15580252,999915580252,748,France,Male,44,4,112610.77,1,0,1,2048.55,0
15741275,999915741275,623,France,Female,57,7,71481.79,2,1,1,84421.34,0
15707132,999915707132,465,France,Male,33,5,0,2,0,1,78698.09,0
15600708,999915600708,640,Spain,Female,34,3,77826.8,1,1,1,168544.85,0
15804787,999915804787,562,France,Male,75,5,87140.85,1,1,1,39351.64,0
15690021,999915690021,502,Germany,Female,42,0,132002.7,1,0,1,28204.98,1
15763895,999915763895,536,France,Male,32,7,178011.5,2,1,0,22375.14,0
15623478,999915623478,670,Germany,Female,32,4,102954.68,2,0,1,134942.45,0
15797910,999915797910,775,Germany,Male,51,2,123783.25,1,1,1,134901.57,0
15577751,999915577751,759,Germany,Male,30,4,101802.67,1,0,0,8693.8,0
15781777,999915781777,604,France,Male,33,3,148659.48,1,0,0,42437.75,0
15740527,999915740527,766,Germany,Female,62,7,142724.48,1,0,1,5893.23,1
15721251,999915721251,554,Spain,Female,41,4,112152.89,1,0,1,36242.19,0
15602994,999915602994,487,France,Female,53,10,89550.85,1,0,1,90076.85,0
15750769,999915750769,725,France,Male,35,7,75915.75,1,1,0,150507.43,0
15740175,999915740175,732,Germany,Female,42,2,118889.66,2,0,0,87422.15,0
15679968,999915679968,623,France,Male,40,5,118788.57,1,1,0,192867.4,0
15694404,999915694404,781,France,Female,42,3,156555.54,1,1,1,175674.01,0
15657529,999915657529,714,Germany,Male,53,1,99141.86,1,1,1,72496.05,1
15762882,999915762882,577,Germany,Female,31,4,61211.18,1,1,1,145250.43,0
15642579,999915642579,731,Spain,Female,37,1,128932.4,1,1,1,180712.52,0
15598884,999915598884,650,Spain,Female,23,5,0,1,1,1,180622.43,0
15770185,999915770185,779,France,Male,32,10,80728.15,1,1,0,86306.75,0
15800287,999915800287,706,Spain,Female,46,2,127660.46,2,1,0,150156.82,1
15665861,999915665861,733,Spain,Male,44,3,106070.89,1,0,1,101617.43,0
15662203,999915662203,579,Germany,Female,42,3,137560.38,2,1,1,85424.34,0
15616454,999915616454,476,Germany,Female,34,8,111905.43,1,0,1,197221.81,1
15702788,999915702788,775,France,Male,40,9,126212.64,1,1,0,70196.57,0
15778149,999915778149,538,Spain,Male,68,9,0,2,1,0,110440.5,1
15680001,999915680001,602,France,Male,38,7,111835.94,2,1,0,124389.61,0
15711991,999915711991,615,France,Male,30,8,0,2,0,0,3183.15,0
15633834,999915633834,700,Germany,Female,28,3,99705.69,2,0,0,146723.72,0
15765266,999915765266,615,France,Male,32,1,0,2,0,0,2139.25,0
15791867,999915791867,544,Germany,Male,44,2,108895.93,1,0,0,69228.2,1
15675380,999915675380,573,Spain,Male,56,3,154669.77,1,0,1,115462.27,1
15770576,999915770576,555,Spain,Male,50,7,128061,2,1,1,62375.1,0
15775294,999915775294,692,France,Female,31,2,0,2,1,0,91829.17,1
15727059,999915727059,476,France,Female,40,4,0,2,0,0,182547.04,0
15702499,999915702499,770,Spain,Male,46,9,190678.02,1,1,1,14725.36,0
15611699,999915611699,641,France,Female,40,7,0,1,1,0,126996.67,0
15654000,999915654000,705,France,Female,35,5,0,1,1,0,133991.11,1
15657881,999915657881,784,France,Male,38,5,136712.91,1,0,1,169920.92,0
15719991,999915719991,727,Spain,Female,52,1,154733.97,1,1,0,80259.67,1
15720687,999915720687,576,France,Female,41,4,112609.91,1,0,0,191035.18,1
15687079,999915687079,646,Spain,Male,69,10,115462.44,1,1,0,40421.87,0
15582276,999915582276,638,France,Male,34,5,133501.36,1,0,1,155643.04,0
15763980,999915763980,632,Germany,Male,30,1,58668.02,1,1,1,78670.52,0
15720774,999915720774,850,Spain,Male,44,7,89118.26,1,1,0,104240.77,1
15592194,999915592194,492,France,Female,28,9,0,2,1,0,95957.09,0
15803685,999915803685,673,Germany,Female,77,10,76510.52,2,0,1,59595.66,0
15759456,999915759456,609,Spain,Male,34,7,140694.78,2,1,0,46266.63,0
15611544,999915611544,701,Germany,Male,36,7,95448.32,2,1,0,189085.07,0
15794257,999915794257,651,France,Male,34,4,91562.99,1,1,1,123954.15,0
15681697,999915681697,508,France,Male,31,8,72541.48,1,1,0,129803.08,0
15579566,999915579566,616,Spain,Female,43,3,120867.18,1,1,0,18761.92,1
15577970,999915577970,489,France,Male,34,5,0,1,0,0,43540.59,0
15727489,999915727489,567,Spain,Female,45,1,157320.51,1,1,0,62193.92,0
15764284,999915764284,714,Spain,Male,27,3,0,3,1,1,129130.09,0
15581811,999915581811,678,Germany,Female,30,1,139676.95,2,0,1,16146,0
15622527,999915622527,581,France,Female,55,6,0,1,1,1,22442.13,0
15753362,999915753362,748,Spain,Male,60,3,0,2,1,1,78194.37,0
15666652,999915666652,781,France,Female,19,3,0,2,1,1,124297.32,0
15789714,999915789714,691,Spain,Male,21,3,103000.94,1,1,1,104648.58,0
15771543,999915771543,507,Germany,Male,31,2,134237.07,1,1,1,166423.66,1
15748327,999915748327,724,Germany,Male,34,6,118235.7,2,0,0,157137.23,0
15754649,999915754649,705,Spain,Female,57,3,0,2,1,1,34134.14,0
15810460,999915810460,708,Spain,Female,64,5,0,3,0,1,112520.07,1
15771742,999915771742,580,Germany,Male,38,9,115442.19,2,1,0,128481.5,1
15642160,999915642160,850,France,Male,38,5,0,2,1,0,16491.64,0
15798439,999915798439,714,Spain,Male,25,2,0,1,1,1,132979.43,0
15605293,999915605293,559,France,Female,43,1,0,2,1,1,196645.87,0
15692631,999915692631,577,Spain,Female,44,8,115557,1,0,1,127506.76,0
15665376,999915665376,647,Germany,Female,35,3,166518.63,2,1,0,147930.46,0
15772412,999915772412,554,Spain,Male,30,6,135370.12,1,1,1,179689.05,1
15654577,999915654577,549,Germany,Male,54,5,92877.33,1,1,0,2619.64,1
15585427,999915585427,528,France,Female,26,10,102073.67,2,0,0,166799.93,0
15584536,999915584536,720,Germany,Male,46,3,97042.6,1,1,1,133516.51,1
15585853,999915585853,743,Spain,Male,41,7,0,1,1,0,163736.09,1
15645271,999915645271,615,Germany,Male,24,8,108528.07,2,0,0,179488.41,1
15579387,999915579387,635,Germany,Female,44,2,79064.85,2,0,1,113291.75,0
15623107,999915623107,686,Spain,Male,45,3,74274.87,3,1,0,64907.48,1
15754072,999915754072,840,Spain,Female,36,6,0,2,1,0,141364.27,0
15666163,999915666163,695,France,Male,43,1,100421.1,1,1,1,101141.28,0
15765192,999915765192,564,France,Male,26,7,84006.88,2,0,0,183490.99,0
15804822,999915804822,805,France,Female,31,4,0,2,1,0,4798.12,0
15612893,999915612893,558,Spain,Male,45,4,0,1,1,0,131807.14,0
15593636,999915593636,657,France,Female,39,4,80293.81,1,1,0,97192.76,0
15693326,999915693326,641,France,Female,42,7,125437.14,2,0,0,164128.58,0
15809901,999915809901,755,France,Male,36,8,0,2,1,0,176809.87,0
15759751,999915759751,483,France,Male,48,1,0,2,1,1,110059.38,0
15605425,999915605425,545,Germany,Female,44,2,127536.44,1,1,0,108398.63,0
15801934,999915801934,678,France,Male,66,8,0,2,1,1,47117.03,0
15592000,999915592000,781,Germany,Female,48,9,82794.18,1,1,0,124720.68,1
15618695,999915618695,571,Spain,Female,22,3,108117.1,1,0,1,53328.7,0
15637110,999915637110,634,Spain,Female,35,10,0,1,1,0,82634.41,0
15727408,999915727408,523,Germany,Male,27,8,61688.61,2,1,0,147059.16,0
15716328,999915716328,501,France,Female,40,2,0,2,0,0,141946.92,0
15669060,999915669060,662,France,Male,74,6,0,2,1,0,123583.85,0
15675854,999915675854,573,Spain,Male,50,0,159304.07,1,0,1,155915.24,1
15621116,999915621116,648,Germany,Male,33,5,138664.24,1,1,0,29076.27,0
15781495,999915781495,662,France,Female,22,2,126362.57,2,1,1,97382.8,0
15740470,999915740470,725,France,Male,39,4,160652.45,2,1,0,57643.55,0
15714391,999915714391,563,France,Female,35,2,183572.84,1,1,1,66006.75,1
15730137,999915730137,628,France,Male,31,0,88421.81,1,0,0,72350.47,0
15596455,999915596455,546,Spain,Female,45,2,0,1,0,0,197789.83,1
15717290,999915717290,688,Germany,Male,41,2,112871.19,2,0,1,65520.74,0
15616555,999915616555,850,Germany,Male,41,8,60880.68,1,1,0,31825.84,0
15659820,999915659820,614,France,Female,34,5,0,2,1,0,185561.89,0
15696301,999915696301,719,France,Female,37,9,101455.7,1,1,0,25803.59,1
15771087,999915771087,757,France,Female,71,0,88084.13,2,1,1,154337.47,0
15808831,999915808831,669,France,Male,29,7,0,2,1,1,138145.62,0
15812241,999915812241,438,Germany,Male,59,7,127197.14,1,1,0,51565.98,1
15680370,999915680370,492,France,Male,39,7,0,2,0,1,71323.23,0
15780561,999915780561,622,France,Female,39,9,83456.79,2,0,0,38882.34,0
15800784,999915800784,645,France,Male,42,4,98298.18,1,1,1,676.06,0
15715796,999915715796,728,France,Male,37,0,0,2,1,1,72203.8,0
15605375,999915605375,651,France,Male,35,2,86911.8,1,1,0,174094.24,0
15621520,999915621520,783,Germany,Female,42,2,139707.28,1,1,0,2150.22,0
15665460,999915665460,732,Spain,Female,67,1,0,2,1,1,177783.04,0
15801152,999915801152,553,Spain,Female,39,1,142876.98,2,1,0,44363.42,0
15756425,999915756425,660,France,Male,30,7,146301.31,1,0,0,96847.91,0
15674328,999915674328,670,France,Female,40,3,47364.45,1,1,1,148579.43,1
15742404,999915742404,718,France,Male,38,7,0,2,1,0,38308.34,0
15757140,999915757140,787,France,Male,51,0,58137.08,1,0,1,142538.31,0
15570051,999915570051,775,Germany,Female,38,6,179886.41,2,0,0,153122.58,0
15669175,999915669175,479,Germany,Male,24,6,107637.97,2,0,1,169505.83,0
15790324,999915790324,660,France,Female,20,6,167685.56,1,1,0,57929.9,0
15691119,999915691119,721,Germany,Male,68,4,136525.99,1,0,0,175399.14,0
15743478,999915743478,659,Germany,Male,39,8,52106.33,2,1,1,107964.36,0
15707007,999915707007,743,France,Female,39,8,0,1,1,0,94263.44,0
15572547,999915572547,670,France,Female,45,9,104930.38,1,1,0,155921.81,1
15567063,999915567063,766,Germany,Female,34,6,106434.94,1,0,1,137995.66,1
15689633,999915689633,845,Spain,Female,38,2,112803.92,1,1,0,179631.85,0
15720637,999915720637,710,Germany,Female,46,10,120530.34,1,1,0,166586.99,1
15616859,999915616859,602,Germany,Female,43,2,113641.49,4,1,0,115116.35,1
15766166,999915766166,604,Spain,Male,43,2,145081.72,1,1,1,23881.62,0
15617655,999915617655,564,Spain,Female,35,9,0,2,1,1,105837.38,0
15623450,999915623450,637,Germany,Female,27,7,135842.89,1,1,1,101418.05,0
15796612,999915796612,527,France,Female,31,1,112203.25,1,1,0,182266.01,0
15795963,999915795963,687,France,Male,34,7,129895.19,1,0,1,28698.17,0
15781598,999915781598,756,Germany,Male,41,6,149049.92,1,0,1,50422.36,1
15691871,999915691871,503,Germany,Male,42,9,153279.39,1,1,1,151336.96,0
15740345,999915740345,657,Spain,Male,42,5,41473.33,1,1,0,112979.6,1
15662626,999915662626,666,France,Female,40,2,0,2,0,0,36371.27,0
15596575,999915596575,615,Germany,Male,39,5,113193.51,2,1,1,52166.25,0
15657321,999915657321,712,Germany,Male,27,8,113174.21,2,1,0,147261.58,0
15575955,999915575955,764,France,Female,24,0,0,2,1,0,88724.49,0
15743893,999915743893,471,France,Male,42,3,164951.56,1,1,0,190531.77,0
15697270,999915697270,608,Spain,Male,27,4,153325.1,1,1,1,199953.33,0
15644356,999915644356,682,Spain,Female,47,10,134032.01,1,1,0,144290.97,0
15677586,999915677586,587,Germany,Female,32,3,125445.04,2,1,1,130514.78,0
15571261,999915571261,714,Germany,Female,35,6,126077.43,2,1,1,53954.24,0
15698758,999915698758,630,Spain,Female,31,1,0,2,1,1,169802.73,0
15787014,999915787014,648,Germany,Female,28,8,90371.09,1,1,1,146851.73,0
15739857,999915739857,785,France,Female,40,3,0,2,1,1,96832.82,0
15774630,999915774630,601,Germany,Female,47,1,142802.02,1,1,1,57553.02,0
15805523,999915805523,717,France,Female,28,1,90537.16,1,0,1,74800.99,0
15749557,999915749557,707,France,Female,44,6,0,2,1,1,192542.17,0
15681180,999915681180,771,France,Female,23,7,156123.73,1,1,0,72990.62,0
15742028,999915742028,602,France,Female,35,5,0,2,1,0,31050.02,0
15686463,999915686463,626,France,Male,38,7,141074.59,1,1,0,52795.56,1
15654379,999915654379,588,Spain,Male,59,4,0,2,1,1,27435.41,0
15783629,999915783629,616,Germany,Female,42,6,117899.95,2,0,0,150266.81,0
15751193,999915751193,621,Spain,Male,33,4,0,2,1,1,40299.23,0
15724099,999915724099,674,France,Male,26,6,166257.96,1,1,1,149369.41,0
15568429,999915568429,633,Spain,Female,46,3,0,2,1,0,120250.58,0
15648967,999915648967,698,Germany,Female,64,1,169362.43,1,1,0,84760.32,1
15664498,999915664498,508,France,Male,26,7,205962,1,1,0,156424.4,0
15779522,999915779522,736,France,Female,24,0,0,2,1,0,109355.73,1
15583850,999915583850,672,Germany,Male,68,0,126061.51,2,1,1,184936.77,0
15696539,999915696539,613,France,Female,21,7,105627.95,1,1,1,36560.51,0
15760121,999915760121,712,France,Male,32,9,100606.02,1,1,0,165693.06,0
15628279,999915628279,624,France,Female,38,3,0,2,1,1,163666.85,0
15766163,999915766163,676,France,Male,38,1,0,2,0,1,35644.79,0
15566467,999915566467,683,Germany,Female,32,0,138171.1,2,1,1,188203.58,0
15639049,999915639049,489,France,Female,31,7,139395.08,1,0,1,6120.84,0
15736413,999915736413,739,France,Male,29,1,0,2,1,1,164484.78,0
15634815,999915634815,701,France,Female,37,3,0,2,1,1,164268.28,0
15716381,999915716381,666,Germany,Female,50,7,109062.28,1,1,1,140136.1,1
15708162,999915708162,565,Germany,Female,40,1,89994.71,2,0,1,121084.27,0
15569364,999915569364,666,France,Male,36,3,0,2,1,0,35156.54,0
15791191,999915791191,633,France,Male,59,2,103996.74,1,1,1,103159.11,0
15621205,999915621205,578,France,Male,34,4,175111.11,1,1,1,74858.3,0
15704788,999915704788,812,Spain,Female,49,8,66079.45,2,0,0,91556.57,1
15775756,999915775756,809,Germany,Male,33,8,148055.74,1,0,0,199203.21,0
15641312,999915641312,615,France,Male,36,6,0,1,1,1,27011.8,1
15782531,999915782531,684,Spain,Female,31,8,0,2,1,0,188637.05,0
15724428,999915724428,544,France,Male,40,8,0,2,1,0,61581.2,0
15743617,999915743617,713,Germany,Male,47,1,95994.98,1,1,0,197529.23,0
15585839,999915585839,633,France,Male,37,2,0,2,1,0,182258.17,0
15658158,999915658158,672,Germany,Female,23,10,110741.56,1,1,0,80778.5,0
15637678,999915637678,661,France,Male,35,5,0,1,1,0,155394.52,0
15701809,999915701809,749,Spain,Female,28,3,0,1,1,0,3408.7,0
15676937,999915676937,635,Spain,Female,32,8,0,2,1,1,19367.98,1
15778975,999915778975,850,Germany,Female,70,1,96947.58,3,1,0,62282.99,1
15710375,999915710375,641,France,Male,41,6,0,2,1,0,65396.79,0
15579914,999915579914,633,Germany,Male,30,2,109786.82,2,1,1,139712.81,0
15595160,999915595160,413,Spain,Male,35,2,0,2,1,1,60972.84,0
15595391,999915595391,538,France,Male,31,1,0,2,1,0,1375.46,0
15630363,999915630363,437,France,Female,39,0,102721.49,1,0,0,22191.82,0
15692443,999915692443,612,Spain,Male,33,5,69478.57,1,1,0,8973.67,1
15593795,999915593795,516,Germany,Female,53,1,156674.2,1,1,0,118502.34,1
15642824,999915642824,826,Spain,Female,56,8,174506.1,2,0,1,161802.82,1
15683524,999915683524,660,Germany,Female,23,6,166070.48,2,0,0,90494.72,0
15713532,999915713532,646,Germany,Female,29,4,105957.44,1,1,0,15470.91,0
15719827,999915719827,767,France,Male,36,3,0,1,0,0,65147.27,0
15578435,999915578435,640,France,Male,40,8,110340.68,1,1,1,157886.6,0
15723028,999915723028,778,France,Male,33,1,0,2,1,0,85439.73,0
15595609,999915595609,679,Germany,Male,52,9,135870.01,2,0,0,54038.62,0
15622443,999915622443,549,France,Male,31,4,0,2,0,1,25684.85,0
15579112,999915579112,598,France,Male,47,2,0,2,1,1,186116.54,0
15648479,999915648479,655,France,Female,45,0,0,2,1,0,166830.71,0
15659234,999915659234,494,France,Male,30,3,85704.95,1,0,1,27886.06,0
15811970,999915811970,653,France,Female,42,1,0,2,1,1,5768.32,0
15774192,999915774192,539,Germany,Female,38,8,105435.74,1,0,0,80575.44,1
15595136,999915595136,645,France,Female,37,1,0,2,1,1,68987.55,0
15630580,999915630580,751,Germany,Male,34,9,108513.25,2,1,1,27097.82,0
15660646,999915660646,528,France,Male,35,3,156687.1,1,1,0,199320.77,0
15614365,999915614365,696,Germany,Male,31,3,150604.52,1,0,0,5566.6,0
15776128,999915776128,716,France,Female,44,6,155114.9,1,0,0,133871.83,0
15787035,999915787035,602,France,Female,35,8,0,2,1,1,152843.53,0
15792646,999915792646,647,Spain,Female,64,1,91216,1,1,1,41800.18,0
15726832,999915726832,850,Germany,Male,61,3,141784.02,1,1,1,92053.75,0
15773260,999915773260,590,France,Female,32,0,127763.24,1,1,0,100717.54,0
15624437,999915624437,825,Spain,Female,32,1,0,2,1,1,42935.15,0
15717138,999915717138,850,Spain,Male,31,6,82613.56,2,1,0,149170.92,0
15657317,999915657317,789,France,Female,32,7,69423.52,1,1,0,107499.39,0
15626948,999915626948,701,France,Female,42,6,86167.82,1,1,0,153342.38,0
15758901,999915758901,713,Spain,Female,47,1,0,1,1,0,107825.08,1
15777759,999915777759,570,France,Male,30,2,131406.56,1,1,1,47952.45,0
15773322,999915773322,536,Germany,Female,44,4,121898.82,1,0,0,131007.18,0
15697318,999915697318,771,Germany,Male,32,9,77487.2,1,0,0,33143.04,0
15678916,999915678916,512,France,Female,75,2,0,1,1,0,123304.62,0
15632118,999915632118,698,Spain,Male,45,5,164450.94,1,1,0,141970.02,1
15788118,999915788118,656,France,Male,33,7,138705.02,2,1,0,37136.15,0
15788930,999915788930,761,Spain,Male,37,7,132730.17,1,1,0,199293.01,0
15628583,999915628583,709,France,Female,30,5,0,2,0,1,161388.22,0
15635177,999915635177,597,Spain,Female,66,3,0,1,1,1,70532.53,0
15587690,999915587690,592,France,Male,28,2,116498.22,1,1,0,144290.25,0
15627630,999915627630,599,France,Female,41,1,0,2,1,0,96069.82,0
15610930,999915610930,572,Germany,Female,35,1,139979.07,1,1,0,185662.84,0
15657747,999915657747,611,Germany,Female,43,9,127216.31,2,0,1,17913.25,0
15568006,999915568006,634,France,Female,45,2,0,4,1,0,101039.53,1
15751748,999915751748,666,France,Male,51,2,148222.65,1,0,0,156953.54,1
15722212,999915722212,696,France,Female,41,8,0,2,0,0,28276.83,0
15658670,999915658670,669,France,Female,38,8,0,2,1,0,84049.16,0
15761654,999915761654,726,Spain,Male,30,8,134152.29,1,1,1,147822.44,0
15812210,999915812210,497,Germany,Female,32,8,111537.23,4,1,1,9497.99,1
15787051,999915787051,750,Spain,Female,39,7,119565.92,1,1,0,87067.73,0
15642991,999915642991,850,Spain,Female,29,7,0,2,1,0,23237.25,0
15713769,999915713769,617,Spain,Male,38,7,0,1,1,1,27239.28,0
15605826,999915605826,652,Germany,Male,46,10,121063.8,3,1,0,151481.86,1
15648898,999915648898,560,Spain,Female,27,7,124995.98,1,1,1,114669.79,0
15705309,999915705309,629,Spain,Male,39,5,0,2,0,0,116748.14,0
15734202,999915734202,660,Germany,Female,52,4,86891.84,1,1,0,90877.76,0
15658852,999915658852,676,France,Male,38,8,0,2,1,1,133692.88,0
15612633,999915612633,581,Spain,Male,43,9,78022.61,1,0,1,30662.91,0
15604818,999915604818,798,France,Male,34,9,154495.79,1,1,0,191395.88,0
15593900,999915593900,705,France,Male,38,1,189443.72,1,0,1,106648.58,0
15624995,999915624995,714,Spain,Female,31,6,152926.6,1,1,1,50899.91,0
15570087,999915570087,664,France,Female,44,8,142989.69,1,1,1,115452.51,1
15802617,999915802617,697,Germany,Male,43,7,115371.94,2,1,0,64139.1,0
15656029,999915656029,609,France,Male,37,6,0,2,0,1,22030.72,0
15739194,999915739194,548,Spain,Male,38,0,178056.54,2,1,0,38434.73,0
15607275,999915607275,850,Spain,Male,39,6,206014.94,2,0,1,42774.84,1
15629475,999915629475,656,France,Male,41,2,0,2,1,0,158973.77,0
15635034,999915635034,727,Germany,Male,37,9,101191.83,1,1,1,34551.35,1
15756333,999915756333,642,France,Female,55,7,0,2,1,1,101515.76,0
15777436,999915777436,710,Spain,Female,31,5,0,2,1,0,9561.73,0
15676835,999915676835,710,Spain,Male,33,1,0,2,1,0,168313.17,0
15574206,999915574206,718,France,Female,37,7,0,2,1,1,55100.09,0
15613017,999915613017,586,Germany,Male,32,1,149814.54,1,1,0,31830.06,0
15815131,999915815131,617,Spain,Female,36,7,115617.24,1,1,1,71519.4,0
15585455,999915585455,630,France,Male,28,9,0,2,0,0,32599.35,0
15692929,999915692929,791,Germany,Female,42,10,113657.41,2,0,1,139946.68,1
15758081,999915758081,673,Spain,Male,39,8,138160,1,1,1,110468.51,0
15667476,999915667476,477,Germany,Female,36,3,117700.86,1,0,0,74042,0
15738248,999915738248,662,France,Female,37,5,0,2,1,0,151871.84,0
15672152,999915672152,850,Germany,Male,37,9,122506.38,1,0,1,199693.84,1
15673372,999915673372,635,France,Female,58,1,0,1,1,1,58907.08,1
15587611,999915587611,537,France,Male,59,9,0,2,0,0,103799.77,1
15803415,999915803415,579,France,Female,39,3,166501.17,2,1,0,93835.64,0
15715673,999915715673,651,Spain,Female,46,4,89743.05,1,1,0,156425.57,1
15655648,999915655648,610,France,Female,25,2,0,2,1,0,123723.83,0
15763613,999915763613,581,France,Male,30,1,0,2,1,0,199464.08,0
15660385,999915660385,592,France,Male,39,7,0,2,1,0,83084.33,0
15733261,999915733261,688,Spain,Female,35,6,0,1,1,0,25488.43,1
15796231,999915796231,681,France,Female,18,1,98894.39,1,1,1,9596.4,0
15624866,999915624866,658,Germany,Male,37,3,168735.74,2,0,0,70370.24,0
15623730,999915623730,792,France,Male,34,1,0,1,0,1,86330.32,0
15668248,999915668248,528,Germany,Female,62,7,133201.17,1,0,0,168507.68,1
15694518,999915694518,624,Spain,Female,36,0,0,2,1,0,111605.9,0
15638028,999915638028,562,Germany,Male,31,4,127237.25,2,0,1,143317.42,0
15795895,999915795895,678,Germany,Male,36,1,117864.85,2,1,0,27619.06,0
15694376,999915694376,705,Germany,Female,64,3,153469.26,3,0,0,146573.66,1
15669204,999915669204,650,Germany,Male,23,4,93911.3,2,1,0,69055.45,0
15773779,999915773779,593,Spain,Female,46,2,76597.79,1,1,1,54453.72,0
15580682,999915580682,652,France,Female,40,4,79927.36,2,1,1,33524.6,0
15768530,999915768530,554,Spain,Female,27,4,0,2,1,1,135083.73,0
15672875,999915672875,584,Germany,Male,32,8,40172.91,1,1,1,137439.34,0
15617082,999915617082,516,France,Male,33,7,115195.58,1,1,1,11205.5,0
15760514,999915760514,789,Germany,Female,43,9,116644.29,2,1,1,60176.1,0
15761775,999915761775,598,Germany,Male,20,8,180293.84,2,1,1,29552.7,0
15799964,999915799964,669,Germany,Female,30,7,139872.81,1,1,0,188795.85,0
15693906,999915693906,645,France,Female,24,3,34547.82,1,1,1,11638.17,0
15739514,999915739514,659,France,Female,32,9,0,2,1,1,93155.75,0
15756926,999915756926,833,Germany,Male,29,1,96462.25,2,0,1,48986.18,0
15770984,999915770984,697,Spain,Female,40,7,130334.35,2,0,1,116951.1,0
15703979,999915703979,580,Germany,Male,39,3,119688.81,1,1,0,137041.26,0
15801821,999915801821,691,France,Male,38,1,0,2,0,0,44653.5,0
15711028,999915711028,534,France,Male,52,1,0,3,1,1,104035.41,1
15791842,999915791842,478,France,Female,32,6,71187.24,1,1,1,110593.62,0
15746127,999915746127,572,France,Female,47,2,0,2,1,0,36099.7,0
15663625,999915663625,501,France,Male,37,4,0,2,0,0,12470.3,0
15604891,999915604891,624,Spain,Female,38,8,0,2,1,0,95403.41,0
15589666,999915589666,595,France,Female,39,9,136422.41,1,1,1,151757.81,0
15627881,999915627881,603,France,Male,30,8,0,2,1,1,47536.46,0
15664895,999915664895,602,France,Female,25,0,0,2,1,1,101274.17,0
15676094,999915676094,500,France,Female,34,6,0,1,1,1,140268.45,0
15761720,999915761720,422,France,Male,41,6,153238.88,1,1,0,11663.09,0
15611961,999915611961,615,France,Male,35,7,0,2,1,0,150784.29,0
15680167,999915680167,635,France,Female,78,6,47536.4,1,1,1,119400.08,0
15762543,999915762543,711,France,Female,32,1,0,2,1,0,126188.42,0
15658475,999915658475,834,France,Male,36,8,142882.49,1,1,0,89983.02,1
15779743,999915779743,633,France,Female,44,7,0,2,1,0,29761.29,0
15661532,999915661532,650,France,Female,31,1,160566.11,2,0,0,27073.81,0
15782360,999915782360,743,Germany,Male,65,2,131935.51,1,1,1,96399.67,1
15767908,999915767908,567,France,Male,38,6,127678.8,2,0,0,45422.89,0
15677105,999915677105,706,Germany,Female,46,4,105214.58,1,1,0,108699.59,1
15641474,999915641474,638,France,Male,46,9,139859.54,1,1,0,38967.29,0
15624451,999915624451,641,France,Female,38,3,0,2,1,0,116466.19,0
15577985,999915577985,574,France,Female,34,5,112324.45,2,1,1,17993.43,0
15571666,999915571666,642,Germany,Male,30,8,134497.27,1,0,0,43250.54,0
15783691,999915783691,722,Spain,Female,35,1,120171.58,1,1,0,125240.8,0
15671172,999915671172,623,France,Male,23,1,106012.2,2,0,1,191415.94,0
15731760,999915731760,681,France,Male,25,5,0,1,0,1,90860.97,0
15585599,999915585599,530,France,Female,34,8,0,2,0,1,141872.52,0
15784958,999915784958,797,France,Female,55,10,0,4,1,1,49418.87,1
15734524,999915734524,653,France,Male,51,3,0,1,1,0,170426.65,1
15614103,999915614103,850,Germany,Male,42,8,119839.69,1,0,1,51016.02,1
15794895,999915794895,581,Spain,Male,34,1,0,2,0,1,81175.25,0
15772381,999915772381,589,Germany,Male,38,8,92219.21,1,1,0,99106.97,0
15710553,999915710553,555,Germany,Male,48,3,142055.41,2,0,1,79134.78,0
15649292,999915649292,748,France,Female,49,7,29602.08,1,0,0,163550.58,1
15792565,999915792565,745,France,Female,46,7,0,2,1,1,67769.94,0
15718245,999915718245,730,France,Male,34,1,0,2,1,1,126592.01,0
15703117,999915703117,565,France,Female,44,1,0,2,0,1,89602.81,0
15758136,999915758136,778,France,Male,37,3,141803.77,1,0,1,179421.84,0
15799932,999915799932,812,France,Male,24,10,0,2,1,1,156906.15,0
15633516,999915633516,526,France,Male,42,1,0,1,0,1,168486.02,0
15622532,999915622532,708,France,Female,47,0,126589.12,2,0,1,132730.07,1
15798960,999915798960,680,France,Male,33,2,108393.35,1,0,1,39057.67,0
15698664,999915698664,567,Spain,Male,43,2,115643.58,2,0,0,174606.35,0
15703614,999915703614,564,Spain,Male,48,5,132876.23,1,1,0,79259.77,0
15699195,999915699195,709,France,Female,24,3,110949.41,1,1,1,168515.61,0
15710543,999915710543,629,France,Male,46,1,130666.2,1,1,1,161125.67,1
15695499,999915695499,510,France,Female,45,10,103821.47,2,0,1,77878.62,0
15622321,999915622321,506,France,Female,32,3,0,1,1,1,80823.02,0
15715744,999915715744,605,France,Male,39,7,0,1,0,1,119348.28,0
15788151,999915788151,650,Spain,Male,32,1,132187.73,2,1,1,178331.36,0
15687153,999915687153,850,Germany,Male,49,8,98649.55,1,1,0,119174.88,1
15684958,999915684958,489,Germany,Male,38,2,126444.08,2,1,1,82662.73,0
15706116,999915706116,659,Germany,Female,30,8,154159.51,1,1,0,40441.1,0
15740557,999915740557,753,France,Female,43,5,0,2,1,0,109881.71,0
15707291,999915707291,477,Germany,Male,48,8,129250,2,1,1,157937.35,0
15583353,999915583353,610,Spain,Female,45,3,0,1,1,0,38276.84,1
15761024,999915761024,619,France,Female,33,2,167733.51,2,1,1,65222.48,0
15630709,999915630709,619,Germany,Female,31,2,56116.3,2,0,0,2181.94,0
15639590,999915639590,758,France,Female,30,3,141581.08,1,1,0,156249.06,0
15659399,999915659399,516,Germany,Male,50,7,139675.07,2,1,0,45591.23,0
15567078,999915567078,789,France,Female,27,8,66201.96,1,1,1,79458.12,0
15696373,999915696373,687,France,Female,44,9,0,2,0,0,103042.2,1
15786617,999915786617,485,Germany,Male,34,3,133658.24,1,1,0,70209.83,0
15657449,999915657449,446,Germany,Male,25,3,136202.78,1,1,0,176743.51,0
15672594,999915672594,597,France,Female,60,0,131778.08,1,0,0,10703.53,1
15714240,999915714240,712,Spain,Male,74,5,0,2,0,0,151425.82,0
15782144,999915782144,522,France,Female,34,3,0,2,1,1,3894.34,0
15665008,999915665008,805,Germany,Female,26,8,42712.87,2,1,1,28861.69,0
15581733,999915581733,781,France,Female,28,4,0,2,1,0,177703.15,0
15751392,999915751392,689,Spain,Female,57,4,0,2,1,0,136649.8,1
15785815,999915785815,670,Germany,Male,31,1,142631.54,2,1,1,175894.24,0
15664214,999915664214,670,France,Male,33,2,141204.65,2,1,0,76257.46,0
15579996,999915579996,524,Germany,Female,25,7,131402.21,1,0,0,193668.49,0
15675252,999915675252,734,Spain,Female,39,3,92636.96,2,1,1,125671.29,0
15579617,999915579617,489,France,Female,51,3,0,2,0,1,174098.28,1
15593976,999915593976,578,Germany,Female,31,5,102088.68,4,0,0,187866.21,1
15716041,999915716041,622,Spain,Male,39,9,0,2,0,1,100862.36,0
15654489,999915654489,843,France,Female,38,8,134887.53,1,1,1,10804.04,0
15736302,999915736302,687,France,Male,48,4,0,2,1,1,170893.85,0
15805909,999915805909,700,Spain,Male,28,8,159900.38,1,0,0,22698.56,0
15572762,999915572762,410,Germany,Female,50,2,102278.79,2,1,0,89822.48,0
15724632,999915724632,537,France,Female,41,0,0,2,0,1,175262.49,0
15670416,999915670416,780,France,Female,43,0,0,1,0,1,15705.27,0
15749528,999915749528,652,Spain,Male,58,6,0,2,0,1,170025.43,0
15578783,999915578783,620,Germany,Male,35,0,76989.97,1,1,1,17242.79,0
15580719,999915580719,697,France,Female,23,10,0,2,1,1,79734.23,0
15656293,999915656293,786,France,Male,35,3,0,2,1,0,92712.97,0
15691875,999915691875,850,Germany,Female,39,5,114491.82,1,1,0,99689.48,0
15596870,999915596870,749,Germany,Male,54,3,144768.94,1,1,0,93336.3,1
15780770,999915780770,445,France,Male,31,7,145056.59,1,1,1,175893.53,0
15751491,999915751491,443,Germany,Male,50,3,117206.3,1,1,0,42840.18,1
15706200,999915706200,637,Germany,Male,41,2,138014.4,2,1,0,140298.24,0
15808674,999915808674,616,Germany,Female,45,6,128352.59,3,1,1,144000.59,1
15641411,999915641411,756,France,Female,23,1,112568.31,1,1,1,113408.11,0
15764661,999915764661,644,France,Male,33,2,0,1,1,0,96420.58,0
15689492,999915689492,850,Germany,Male,41,1,176958.46,2,0,1,125806.3,0
15602405,999915602405,703,Germany,Female,38,9,99167.54,1,1,0,65720.92,0
15610271,999915610271,684,Spain,Female,42,3,103210.27,1,1,0,31002.03,0
15791780,999915791780,706,Germany,Female,48,10,104478.12,3,0,1,158248.71,1
15589147,999915589147,580,Spain,Male,61,8,125921.37,1,1,1,94677.83,0
15756975,999915756975,777,Spain,Female,35,3,0,2,1,1,17257.72,0
15729582,999915729582,676,Germany,Male,48,3,80697.44,1,0,0,101397.86,0
15742971,999915742971,708,France,Female,44,2,161887.81,2,1,0,84870.23,0
15568046,999915568046,809,France,Male,24,7,109558.36,1,1,0,183515.13,0
15694890,999915694890,588,France,Male,38,1,124271.26,1,1,0,75969.19,0
15736963,999915736963,623,France,Male,43,1,0,2,1,1,146379.3,0
15646490,999915646490,537,Spain,Male,42,1,190569.23,1,0,1,127154.8,0
15607314,999915607314,536,Spain,Male,53,2,143923.96,1,1,0,2019.78,1
15576745,999915576745,769,France,Male,48,2,96542.16,2,0,1,197885.72,0
15669606,999915669606,690,France,Male,33,5,0,2,1,0,138017.68,0
15737832,999915737832,771,Spain,Male,45,0,139825.56,1,0,0,170984.97,1
15681990,999915681990,497,Germany,Male,24,6,111769.14,2,1,0,55859.27,0
15758050,999915758050,622,Spain,Male,37,4,0,2,1,0,4459.5,0
15787848,999915787848,602,Spain,Male,30,9,113672.18,2,0,0,102135.92,0
15713594,999915713594,543,France,Female,32,7,147256.86,1,1,0,112771.95,0
15588186,999915588186,520,Spain,Male,45,7,107023.03,1,1,0,32903.93,0
15786739,999915786739,669,France,Male,37,1,125529.55,1,1,1,162260.93,0
15699467,999915699467,631,Spain,Female,41,0,0,1,0,0,87959.83,0
15680706,999915680706,537,Germany,Male,48,4,131834.8,1,1,0,166476.95,1
15645717,999915645717,732,France,Male,62,2,0,2,1,1,25438.87,0
15748597,999915748597,844,Spain,Male,56,5,99529.7,1,0,1,157230.06,1
15773709,999915773709,838,Spain,Male,35,0,0,2,0,1,197305.91,0
15629787,999915629787,652,France,Male,27,10,107303.72,2,0,0,44435.76,0
15661007,999915661007,660,France,Male,33,0,72783.42,1,0,0,181051.99,0
15686812,999915686812,692,Spain,Female,44,8,0,1,0,1,159069.37,0
15754113,999915754113,588,France,Female,35,0,0,2,1,1,155485.24,0
15749489,999915749489,533,Germany,Female,22,10,115743.6,1,0,0,43852.05,0
15574352,999915574352,850,France,Male,43,4,161256.53,1,1,1,140071.57,0
15701281,999915701281,511,France,Male,27,8,0,2,1,1,49089.36,0
15811985,999915811985,530,Spain,Male,44,6,0,2,0,0,55893.37,0
15713505,999915713505,554,France,Male,31,1,0,2,0,1,192660.55,0
15685653,999915685653,585,Germany,Female,40,3,162261.01,2,1,0,137028.51,0
15758831,999915758831,754,France,Male,39,3,74896.33,1,0,0,34430.16,0
15618774,999915618774,474,France,Male,54,3,0,1,1,0,108409.17,1
15764448,999915764448,837,Germany,Male,35,0,144037.6,1,1,0,145325.32,0
15611024,999915611024,567,France,Female,23,9,93522.2,1,0,1,81425.61,0
15738220,999915738220,800,Spain,Male,38,1,0,2,1,0,51553.43,0
15805764,999915805764,646,France,Male,18,10,0,2,0,1,52795.15,0
15580487,999915580487,627,Germany,Male,38,8,106922.92,2,0,1,84270.09,0
15675787,999915675787,505,France,Male,26,8,112972.57,1,1,0,145011.62,0
15583580,999915583580,566,Germany,Female,35,1,123042,1,1,0,66245.44,1
15780654,999915780654,619,Germany,Female,33,3,100488.92,2,0,1,36446.74,0
15695034,999915695034,757,France,Female,44,4,123322.15,1,1,0,137136.29,0
15805671,999915805671,648,France,Male,32,0,0,1,0,1,117323.31,0
15790658,999915790658,621,Spain,Male,42,8,68683.68,1,1,1,74157.71,0
15578648,999915578648,543,Germany,Male,49,6,59532.18,1,1,0,104253.56,0
15734987,999915734987,658,France,Female,43,7,140260.36,2,1,0,2748.72,0
15721740,999915721740,633,Germany,Male,50,7,88302.65,1,1,1,195937.16,0
15641822,999915641822,648,France,Female,19,1,0,2,0,1,22101.86,0
15765650,999915765650,501,Germany,Male,40,5,114655.58,1,0,0,126535.92,0
15788556,999915788556,683,France,Female,42,4,148283.94,1,1,1,44692.63,1
15576550,999915576550,619,Spain,Female,38,1,0,1,1,0,112442.63,1
15622230,999915622230,705,France,Female,35,3,0,2,0,1,66331.01,0
15653937,999915653937,638,Germany,Female,53,1,123916.67,1,1,0,16657.68,1
15743538,999915743538,710,France,Female,31,1,0,2,1,0,20081.3,0
15591740,999915591740,590,France,Female,54,4,0,2,1,1,93820.49,1
15650086,999915650086,725,France,Male,43,2,165896,2,1,0,130795.52,0
15718773,999915718773,638,France,Female,32,0,0,2,1,0,160129.99,0
15615140,999915615140,791,France,Male,36,6,111168.97,1,1,1,189969.91,0
15644361,999915644361,702,France,Female,40,1,103549.24,1,0,0,9712.52,1
15774536,999915774536,607,France,Female,32,6,0,2,0,0,196062.01,0
15618661,999915618661,535,France,Male,30,6,103804.97,1,1,1,125710.53,0
15605020,999915605020,651,France,Male,45,2,165901.59,2,1,0,23054.51,1
15762134,999915762134,506,Germany,Male,59,8,119152.1,2,1,1,170679.74,0
15685279,999915685279,511,Spain,Female,57,8,122950.31,1,1,1,181258.76,0
15582849,999915582849,757,France,Female,51,1,0,1,1,1,22835.13,1
15655410,999915655410,768,Germany,Male,49,1,133384.66,1,1,0,102397.22,1
15649129,999915649129,757,France,Male,32,9,0,2,1,0,115950.96,0
15702380,999915702380,663,Spain,Male,64,6,0,2,0,1,15876.52,0
15759067,999915759067,537,Germany,Female,37,7,158411.95,4,1,1,117690.58,1
15683027,999915683027,570,Germany,Male,29,4,122028.65,2,1,1,173792.77,0
15597487,999915597487,850,France,Female,35,5,0,1,1,1,80992.8,0
15763256,999915763256,661,Germany,Female,64,8,128751.65,2,1,0,189398.18,1
15620111,999915620111,659,France,Male,54,8,133436.52,1,1,0,56787.8,0
15623053,999915623053,454,Spain,Male,40,2,123177.01,1,1,0,148309.98,0
15595592,999915595592,708,France,Female,59,2,0,1,1,0,179673.11,1
15740072,999915740072,720,France,Female,37,2,120328.88,2,1,1,138470.21,0
15778005,999915778005,785,France,Female,39,1,130147.98,1,1,0,163798.41,1
15583278,999915583278,743,Spain,Female,36,8,92716.96,1,1,1,33693.78,0
15601263,999915601263,493,Spain,Female,48,7,0,2,1,0,48545.1,0
15709222,999915709222,557,Spain,Male,34,3,0,1,0,1,123427.98,0
15713949,999915713949,850,France,Male,40,1,76914.21,1,1,0,174183.44,0
15717706,999915717706,799,France,Female,32,3,106045.92,2,1,1,17938,0
15756071,999915756071,756,France,Male,34,1,103133.26,1,1,1,90059.04,0
15696564,999915696564,752,France,Male,38,0,145974.79,2,1,1,137694.23,0
15657637,999915657637,696,Spain,Female,36,3,0,3,1,0,65039.9,0
15755863,999915755863,630,Spain,Female,49,1,0,2,0,1,162858.29,0
15719858,999915719858,659,Spain,Female,38,9,0,2,1,1,35701.06,0
15688876,999915688876,685,Spain,Male,39,9,0,2,1,1,18826.06,0
15698528,999915698528,599,Spain,Female,31,3,0,1,1,1,130086.47,1
15770345,999915770345,559,Spain,Female,31,1,139183.06,1,0,1,143360.56,0
15761506,999915761506,615,Spain,Male,19,5,0,2,1,0,159920.92,0
15716619,999915716619,580,Germany,Female,36,3,74974.89,1,1,1,12099.67,0
15788367,999915788367,487,Spain,Male,44,6,61691.45,1,1,1,53087.98,0
15709451,999915709451,646,Germany,Female,35,1,121952.75,2,1,1,142839.82,0
15640421,999915640421,811,France,Female,35,7,0,1,1,1,178.19,0
15580068,999915580068,526,Spain,Male,35,5,0,2,1,1,105618.14,0
15677123,999915677123,767,Spain,Male,37,7,0,2,1,1,24734.25,0
15619801,999915619801,548,France,Female,33,1,80107.83,2,0,1,82245.67,0
15582246,999915582246,737,Spain,Female,45,2,0,2,0,1,177695.67,0
15711843,999915711843,613,Germany,Male,40,1,147856.82,3,0,0,107961.11,1
15680046,999915680046,711,Spain,Male,36,8,0,2,1,0,55207.41,0
15804131,999915804131,850,Spain,Female,53,7,65407.16,2,0,0,182633.63,1
15722611,999915722611,752,France,Female,53,8,114233.18,1,1,1,51587.04,0
15729224,999915729224,710,France,Female,37,5,0,2,1,0,115403.31,0
15811588,999915811588,664,Spain,Female,53,7,187602.18,1,1,0,186392.99,1
15702138,999915702138,510,France,Female,22,3,156834.34,1,0,0,44374.44,0
15749799,999915749799,577,France,Female,34,2,0,2,1,1,84033.35,0
15752885,999915752885,529,France,Male,42,1,157498.9,1,1,1,82276.62,0
15674932,999915674932,757,Spain,Female,44,9,0,2,1,0,177528.92,0
15743828,999915743828,691,France,Male,41,2,0,1,1,1,56850.92,1
15642022,999915642022,621,Spain,Male,34,8,0,1,0,0,47972.65,0
15746461,999915746461,709,Spain,Male,35,2,0,2,1,0,104982.39,0
15809991,999915809991,756,Spain,Male,19,4,130274.22,1,1,1,133535.29,0
15787322,999915787322,788,France,Female,41,6,0,1,1,1,25571.37,0
15575498,999915575498,705,France,Female,39,5,149379.66,2,1,0,96075.55,0
15691387,999915691387,483,France,Male,29,9,0,1,1,1,81634.45,0
15765457,999915765457,719,Spain,Male,35,1,100829.94,1,1,1,165008.97,0
15666173,999915666173,793,Germany,Female,32,1,96408.98,1,1,1,138191.81,0
15627377,999915627377,593,France,Male,41,6,0,2,1,1,99136.49,0
15656683,999915656683,551,France,Male,52,1,0,1,0,0,63584.55,1
15679810,999915679810,690,France,Male,39,6,0,2,1,0,160532.88,0
15606310,999915606310,823,France,Male,71,5,149105.08,1,0,1,162683.06,0
15756871,999915756871,512,Spain,Male,39,3,0,1,1,0,134878.19,0
15610002,999915610002,802,Spain,Male,41,5,0,2,1,1,134626.3,0
15567802,999915567802,450,Spain,Female,34,2,0,2,1,0,175480.93,0
15745452,999915745452,651,Germany,Male,41,1,90218.11,1,1,0,174337.68,0
15617252,999915617252,697,France,Female,33,1,87347.7,1,1,0,172524.51,0
15753248,999915753248,611,France,Male,28,2,0,2,0,0,25395.83,0
15610755,999915610755,643,France,Female,33,0,137811.75,1,1,1,184856.89,0
15662238,999915662238,822,France,Male,37,3,105563,1,1,0,182624.93,0
15799186,999915799186,632,France,Male,38,4,0,2,0,0,192505.62,0
15686941,999915686941,575,Spain,Female,26,7,0,2,1,0,112507.63,0
15601172,999915601172,672,France,Male,31,6,91125.75,1,1,0,177295.92,0
15723858,999915723858,517,Spain,Male,39,3,0,2,0,1,12465.51,0
15615896,999915615896,621,Spain,Male,39,8,0,2,1,0,36122.96,0
15737647,999915737647,775,Germany,Female,77,6,135120.56,1,1,0,37836.64,0
15582841,999915582841,600,France,Male,29,8,0,2,0,1,34747.43,0
15760090,999915760090,640,France,Male,28,7,0,2,1,1,131097.9,0
15588587,999915588587,752,France,Female,36,1,86837.95,1,1,1,105280.55,0
15683157,999915683157,613,France,Male,26,4,100446.57,1,0,1,149653.81,0
15694209,999915694209,484,France,Female,32,3,0,2,1,1,139390.99,0
15655875,999915655875,511,France,Female,33,3,0,2,1,0,132436.71,0
15805704,999915805704,745,France,Female,32,2,0,4,0,1,179705.13,1
15744789,999915744789,786,Spain,Female,32,6,114512.59,1,1,0,15796.66,0
15799357,999915799357,727,France,Male,35,5,136364.46,1,0,0,142754.71,0
15726153,999915726153,622,France,Male,31,5,106260.67,1,1,1,2578.43,0
15713346,999915713346,794,France,Male,24,10,146126.75,1,1,1,88992.05,0
15665053,999915665053,636,Spain,Male,52,4,111284.53,1,0,1,32936.44,1
15592379,999915592379,741,Spain,Female,42,9,121056.63,2,1,0,39122.58,0
15692599,999915692599,687,France,Male,34,5,128270.56,1,1,0,191092.62,0
15620758,999915620758,660,Spain,Male,30,4,0,2,1,0,129149.06,0
15637428,999915637428,660,France,Male,35,7,0,2,1,0,13218.6,0
15808389,999915808389,617,France,Female,79,7,0,1,1,1,160589.18,0
15807003,999915807003,762,France,Male,32,10,191775.65,1,1,0,179657.83,0
15702912,999915702912,752,Spain,Female,35,2,0,1,1,0,44335.54,1
15590623,999915590623,561,Spain,Male,34,4,85141.79,2,1,1,29217.37,0
15728078,999915728078,609,France,Male,26,10,126392.18,1,0,1,43651.49,0
15708256,999915708256,803,France,Male,28,3,0,2,1,0,159654,0
15582335,999915582335,556,France,Female,40,9,129860.37,1,0,0,17992.94,0
15649150,999915649150,531,France,Female,53,5,127642.44,1,1,0,141501.45,1
15691647,999915691647,411,France,Female,35,2,0,2,1,1,93825.78,0
15668270,999915668270,587,Germany,Female,44,5,125584.17,2,1,1,41852.24,1
15624820,999915624820,683,Spain,Male,56,7,50911.21,3,0,0,97629.31,1
15736254,999915736254,654,France,Male,29,2,91955.61,1,1,0,37065.66,0
15720814,999915720814,670,Germany,Female,36,2,84266.44,2,0,0,38614.69,0
15642997,999915642997,655,France,Female,36,2,147149.59,1,1,1,87816.86,0
15693200,999915693200,752,France,Female,36,7,0,2,1,0,184866.86,0
15624596,999915624596,534,France,Female,23,5,104822.45,1,0,1,160176.47,0
15807167,999915807167,635,France,Male,42,1,146766.72,2,0,1,164357.1,0
15660301,999915660301,491,Germany,Male,70,6,148745.92,2,1,1,17818.33,0
15593094,999915593094,516,France,Male,27,9,0,1,1,0,142680.64,1
15618239,999915618239,530,France,Female,48,0,0,1,1,0,85081.09,0
15574137,999915574137,687,Spain,Male,35,3,0,2,1,1,176450.19,0
15614740,999915614740,684,France,Female,41,6,135203.81,2,1,1,121967.88,0
15574071,999915574071,706,Germany,Male,23,2,93301.97,2,0,1,127187.04,0
15671148,999915671148,490,Germany,Male,33,5,96341,2,0,0,108313.34,0
15721921,999915721921,796,France,Male,44,8,165326.2,1,1,1,57205.55,0
15717995,999915717995,849,France,Male,27,0,0,2,0,1,157891.86,0
15632050,999915632050,779,France,Female,41,10,99786.2,1,1,0,86927.53,0
15647111,999915647111,794,Spain,Female,22,4,114440.24,1,1,1,107753.07,0
15759991,999915759991,748,Spain,Male,36,4,141573.55,1,1,0,82158.14,0
15790204,999915790204,663,Spain,Female,22,9,0,1,1,0,29135.89,1
15686780,999915686780,645,Spain,Female,55,1,133676.65,1,0,1,17095.49,0
15640491,999915640491,464,France,Female,33,10,147493.7,2,1,0,100447.53,0
15783225,999915783225,737,France,Male,54,9,0,1,1,0,83470.4,1
15734438,999915734438,590,France,Female,29,4,0,2,1,0,121846.81,0
15688760,999915688760,522,Germany,Female,37,3,95022.57,1,1,1,129107.59,0
15768124,999915768124,648,France,Female,34,3,0,1,1,0,54726.43,0
15661330,999915661330,754,France,Male,37,6,0,1,1,1,116141.72,0
15781272,999915781272,669,France,Male,50,4,149713.61,3,1,1,124872.42,1
15573888,999915573888,648,Germany,Female,43,1,107963.38,1,0,0,186438.86,1
15575858,999915575858,763,France,Male,40,3,0,2,1,0,134281.11,0
15645937,999915645937,790,Spain,Male,32,3,0,1,1,0,91044.47,0
15702337,999915702337,581,France,Male,37,7,0,2,1,1,74320.75,0
15764537,999915764537,703,France,Male,43,8,0,2,1,0,9704.66,0
15619616,999915619616,571,France,Female,33,9,102017.25,2,0,0,128600.49,0
15585133,999915585133,657,Spain,Female,27,8,0,2,0,0,6468.24,0
15573971,999915573971,737,France,Male,44,7,0,2,0,0,57898.58,0
15579433,999915579433,793,Spain,Male,29,8,96674.55,2,0,0,192120.66,0
15777045,999915777045,783,Spain,Female,44,3,81811.71,1,1,0,164213.53,1
15611580,999915611580,751,Spain,Male,33,4,79281.61,1,1,0,117547.76,0
15614778,999915614778,579,France,Male,31,6,0,2,1,0,26149.25,0
15771750,999915771750,655,Germany,Female,36,10,122314.39,1,1,0,9181.66,0
15593280,999915593280,614,Germany,Male,43,8,140733.74,1,1,1,166588.76,0
15569274,999915569274,678,Germany,Male,49,2,116933.11,1,1,0,195053.58,1
15654408,999915654408,562,Spain,Male,41,5,165445.04,2,1,0,85787.31,0
15657468,999915657468,711,Germany,Female,53,5,123805.03,1,1,0,102428.51,0
15614213,999915614213,620,France,Male,37,0,107548.94,1,1,0,71175.94,0
15589869,999915589869,437,France,Male,49,9,111634.29,2,0,1,166440.32,0
15693205,999915693205,691,Germany,Female,41,8,109153.96,3,1,1,148848.76,1
15797113,999915797113,552,Spain,Female,34,4,0,2,1,0,140286.69,0
15676958,999915676958,765,Germany,Male,34,5,86055.17,2,1,1,104220.5,0
15739592,999915739592,707,Germany,Female,51,10,98438.23,1,0,0,70778.63,1
15656263,999915656263,764,Spain,Male,29,5,0,2,1,0,65868.28,0
15636872,999915636872,585,France,Female,32,8,144705.87,2,0,0,171482.56,0
15589435,999915589435,784,France,Male,31,7,0,2,1,1,143204.41,0
15640464,999915640464,605,France,Male,41,5,91612.91,1,1,1,28427.84,0
15723851,999915723851,699,Spain,Male,40,2,0,1,1,0,78387.32,0
15722122,999915722122,544,France,Female,40,7,0,1,0,1,161076.92,0
15696852,999915696852,803,France,Female,32,9,192122.84,1,1,1,54277.45,1
15634936,999915634936,735,France,Male,41,7,179904,1,1,1,137180.95,0
15575935,999915575935,673,France,Male,59,0,178058.06,2,0,1,21063.71,1
15634491,999915634491,652,France,Male,30,2,176166.56,2,1,1,152210.81,0
15628530,999915628530,694,France,Male,42,3,156864.2,2,0,0,88890.75,0
15678720,999915678720,741,France,Female,44,7,0,2,1,1,190534.76,0
15627999,999915627999,590,Spain,Male,30,3,0,2,1,0,83090.35,0
15571244,999915571244,809,Spain,Female,33,3,0,2,0,1,141426.78,0
15739931,999915739931,523,France,Male,34,2,161588.89,1,1,1,51358.66,0
15806256,999915806256,540,France,Male,48,2,109349.29,1,1,0,88703.04,1
15787258,999915787258,596,Spain,Female,29,6,0,2,1,0,116696.77,0
15706463,999915706463,597,France,Female,36,9,0,2,1,1,7156.09,0
15691004,999915691004,407,Spain,Male,37,1,0,1,1,1,49161.12,1
15792228,999915792228,748,France,Male,60,0,152335.7,1,1,0,126743.33,1
15733447,999915733447,562,France,Female,51,1,124662.54,1,1,1,65390.46,1
15679062,999915679062,734,Germany,Female,47,10,91522.04,2,1,1,138835.91,0
15594409,999915594409,710,France,Male,45,1,0,2,1,1,36154.66,0
15613816,999915613816,539,Spain,Female,39,6,62052.28,1,0,1,59755.14,0
15681991,999915681991,542,France,Male,32,7,107871.72,1,1,0,125302.64,0
15796074,999915796074,717,France,Female,36,2,99472.76,2,1,0,94274.72,1
15625941,999915625941,682,Spain,Female,50,10,128039.01,1,1,1,102260.16,0
15615016,999915615016,515,France,Male,33,2,0,2,1,1,136028.97,0
15748414,999915748414,526,Spain,Female,33,8,114634.63,2,1,0,110114.38,1
15751203,999915751203,702,France,Male,26,5,56738.47,2,1,1,100442.22,1
15662658,999915662658,651,Germany,Male,34,2,90355.12,2,0,0,193597.94,0
15574868,999915574868,792,Germany,Male,36,5,115725.24,2,0,0,1871.25,0
15790282,999915790282,817,Germany,Male,58,3,114327.59,2,1,1,42831.11,0
15762927,999915762927,674,Germany,Female,36,6,100762.64,1,1,0,182156.86,0
15803456,999915803456,641,France,Female,40,9,0,1,0,0,151648.66,1
15771857,999915771857,513,Spain,Male,39,7,89039.9,2,1,1,146738.83,0
15700601,999915700601,561,France,Male,34,1,78829.53,1,1,1,12148.2,0
15569670,999915569670,627,Germany,Male,30,6,112372.96,1,1,1,118029.09,0
15772341,999915772341,682,Germany,Male,81,6,122029.15,1,1,1,50783.88,0
15661548,999915661548,683,France,Female,29,0,157829.12,1,0,0,129891.66,0
15787597,999915787597,420,Germany,Female,31,1,108377.75,2,1,1,9904.63,0
15806913,999915806913,670,France,Female,54,2,95507.12,1,1,1,63213.31,0
15804862,999915804862,505,Germany,Male,43,6,127146.68,1,0,0,137565.87,0
15792986,999915792986,580,Germany,Male,24,1,133811.78,1,1,0,17185.95,1
15625632,999915625632,577,France,Male,36,3,121092.47,2,0,1,143783.46,0
15727703,999915727703,773,Germany,Male,34,10,126979.75,1,0,0,36823.28,0
15606273,999915606273,616,France,Male,37,5,144235.73,2,0,0,154957.66,1
15799652,999915799652,763,France,Female,38,0,152582.2,2,0,0,31892.82,0
15715047,999915715047,640,Spain,Male,43,9,172478.15,1,1,0,191084.4,1
15784687,999915784687,592,France,Male,36,1,126477.42,1,0,0,179718.17,0
15615322,999915615322,528,Spain,Male,43,7,97473.87,2,1,1,159823.16,0
15722072,999915722072,630,France,Male,53,5,138053.67,1,0,1,114110.97,0
15646784,999915646784,529,France,Female,31,2,164003.05,2,1,1,60993.23,0
15644692,999915644692,546,France,Female,47,8,0,1,1,1,66408.01,1
15670354,999915670354,753,France,Female,62,6,0,2,1,1,136398.9,0
15716357,999915716357,772,Spain,Female,39,4,122486.11,2,1,1,140709.25,0
15786717,999915786717,567,France,Male,36,1,0,2,0,0,8555.73,0
15771383,999915771383,628,Germany,Female,45,6,53667.44,1,1,0,115022.94,0
15649793,999915649793,658,France,Male,20,7,0,2,0,0,187638.34,0
15731543,999915731543,679,Spain,Male,58,9,109327.65,1,1,1,3829.13,0
15684516,999915684516,629,Spain,Male,34,1,121151.05,1,0,0,119357.93,0
15677249,999915677249,731,Spain,Male,42,9,101043.63,1,1,1,192175.52,0
15581525,999915581525,775,Germany,Male,33,3,83501.66,2,1,0,128841.31,0
15628420,999915628420,660,Spain,Male,33,2,80462.24,1,0,0,150422.35,0
15600478,999915600478,752,France,Male,39,3,0,1,1,0,188187.05,0
15594502,999915594502,655,France,Male,37,6,109093.41,2,1,0,1775.52,0
15784361,999915784361,543,Spain,Female,46,5,140355.6,1,1,1,85086.78,0
15767626,999915767626,811,France,Male,42,10,0,2,1,1,3797.79,0
15632521,999915632521,689,Germany,Male,45,0,130170.82,2,1,0,150856.38,0
15665088,999915665088,531,France,Female,42,2,0,2,0,1,90537.47,0
15652084,999915652084,515,France,Male,40,0,109542.29,1,1,1,166370.81,0
15574761,999915574761,466,France,Female,41,3,33563.95,2,1,0,178994.13,1
15729515,999915729515,782,France,Male,36,1,148795.17,2,1,1,195681.43,0
15682070,999915682070,611,France,Male,64,9,0,2,1,1,53277.15,0
15743817,999915743817,621,Germany,Male,40,8,174126.75,3,1,0,172490.78,1
15572158,999915572158,604,Spain,Male,41,3,0,1,0,0,11819.84,0
15584477,999915584477,655,Spain,Female,35,1,106405.03,1,1,1,82900.25,0
15614893,999915614893,689,Spain,Male,38,2,0,1,1,1,82709.8,0
15665963,999915665963,681,Spain,Male,30,2,128393.29,1,1,1,180593.45,0
15612524,999915612524,643,Germany,Male,41,2,127841.52,1,1,0,172363.41,0
15596962,999915596962,617,France,Female,24,4,137295.19,2,1,1,91195.12,0
15744942,999915744942,638,Spain,Female,55,2,155828.22,1,0,1,108987.25,1
15573278,999915573278,743,France,Male,39,6,0,2,1,0,44265.28,0
15717056,999915717056,828,Germany,Female,25,7,144351.86,1,1,0,116613.26,0
15795881,999915795881,776,Spain,Male,35,8,106365.29,1,1,1,148527.56,0
15758939,999915758939,540,Germany,Male,35,7,127801.88,1,0,1,84239.46,0
15792250,999915792250,616,Germany,Female,45,4,122793.96,1,1,1,62002.04,0
15740406,999915740406,628,Germany,Male,38,10,113525.84,1,1,0,46044.48,1
15768137,999915768137,667,Spain,Female,23,6,136100.69,2,0,0,169669.33,1
15569120,999915569120,615,France,Male,30,7,0,2,1,1,156346.84,0
15723721,999915723721,543,France,Male,30,4,140916.81,1,1,0,157711.18,0
15777122,999915777122,553,France,Female,31,4,0,2,1,1,89087.4,0
15742681,999915742681,554,Germany,Male,26,4,121365.39,1,1,1,8742.36,0
15582090,999915582090,684,Spain,Female,36,4,0,1,1,0,117038.96,0
15711254,999915711254,452,France,Female,35,7,0,2,1,0,164241.67,0
15775067,999915775067,606,France,Male,47,3,93578.68,2,0,1,137720.56,1
15602851,999915602851,629,France,Male,40,9,0,1,1,0,106.67,0
15802857,999915802857,659,Spain,Female,33,8,115409.6,1,0,1,1539.21,0
15701175,999915701175,493,France,Female,33,8,90791.69,1,1,1,59659.53,0
15783019,999915783019,794,France,Female,62,9,123681.32,3,1,0,173586.63,1
15728912,999915728912,554,France,Female,44,6,92436.86,1,1,0,126033.9,0
15585580,999915585580,796,Germany,Female,52,9,167194.36,1,1,1,62808.93,1
15583480,999915583480,807,France,Female,36,4,0,2,0,1,147007.33,0
15620341,999915620341,500,Germany,Male,44,9,160838.13,2,1,0,196261.64,0
15613886,999915613886,722,Spain,Male,43,1,0,1,1,0,44560.17,1
15792916,999915792916,559,Spain,Female,40,7,144470.77,1,1,1,18917.95,0
15710408,999915710408,584,Spain,Female,38,3,0,2,1,1,4525.4,0
15598695,999915598695,834,Germany,Female,68,9,130169.27,2,0,1,93112.2,0
15649354,999915649354,754,Spain,Male,35,4,0,2,1,1,9658.41,0
15737556,999915737556,590,France,Male,43,7,81076.8,2,1,1,182627.25,1
15671610,999915671610,740,France,Male,36,7,0,1,1,1,13177.4,0
15625092,999915625092,502,Germany,Female,57,3,101465.31,1,1,0,43568.31,1
15741032,999915741032,733,France,Male,48,5,0,1,0,1,117830.57,0
15750014,999915750014,755,Germany,Female,37,0,113865.23,2,1,1,117396.25,0
15784761,999915784761,554,Spain,Female,46,7,87603.35,3,0,1,96929.24,1
15768359,999915768359,534,France,Male,36,4,120037.96,1,1,0,36275.94,0
15805769,999915805769,656,Spain,Male,33,4,0,2,1,0,116706,0
15719508,999915719508,575,Germany,Male,49,7,121205.15,4,1,1,168080.53,1
15609011,999915609011,480,Spain,Male,47,8,75408.33,1,1,0,25887.89,1
15703106,999915703106,575,France,Male,40,5,0,2,1,1,122488.59,0
15626795,999915626795,672,France,Female,40,3,0,1,1,0,113171.61,1
15773731,999915773731,758,Spain,Female,35,5,0,2,0,0,100365.51,0
15756196,999915756196,682,France,Male,50,6,121818.84,2,0,1,124151.37,0
15687903,999915687903,501,France,Female,29,8,0,2,1,0,112664.24,0
15777599,999915777599,746,Germany,Male,34,6,141806,2,1,1,183494.87,0
15754577,999915754577,556,France,Female,51,8,61354.14,1,1,0,198810.65,1
15584113,999915584113,823,Germany,Female,53,4,124954.94,1,0,1,131259.6,1
15669589,999915669589,491,Germany,Female,68,1,95039.12,1,0,1,116471.14,1
15632793,999915632793,638,France,Female,29,9,103417.74,1,1,1,15336.4,0
15711130,999915711130,734,France,Male,45,2,0,2,1,0,99593.28,0
15615254,999915615254,555,France,Male,40,10,43028.77,1,1,0,170514.21,0
15720583,999915720583,745,Germany,Female,44,0,119638.21,1,1,1,34265.08,1
15780432,999915780432,728,France,Male,37,3,122689.51,2,0,0,106977.53,1
15673223,999915673223,626,France,Male,44,10,0,2,0,0,164287.86,0
15807989,999915807989,681,Germany,Male,37,8,73179.34,2,1,1,25292.53,0
15761168,999915761168,478,France,Female,38,4,171913.87,1,1,0,51820.87,1
15651272,999915651272,709,France,Male,38,5,0,2,1,1,81452.29,0
15812832,999915812832,562,Germany,Male,33,8,92659.2,2,1,0,1354.25,0
15680517,999915680517,769,Germany,Female,34,7,137239.17,1,1,1,71379.92,1
15750569,999915750569,684,Germany,Female,46,3,102955.14,2,1,0,154137.33,0
15690743,999915690743,536,France,Female,61,8,65190.29,1,1,1,64308.49,1
15627741,999915627741,631,Germany,Female,29,2,96863.52,2,1,1,31613.35,0
15712121,999915712121,657,Spain,Male,34,5,154983.98,1,1,0,27738.01,0
15805429,999915805429,699,Germany,Male,59,3,106819.65,1,0,1,163570.25,0
15814923,999915814923,606,Spain,Male,38,7,128578.52,1,1,1,193878.51,0
15589230,999915589230,612,France,Female,63,2,126473.33,1,0,1,147545.65,0
15775490,999915775490,660,France,Female,38,5,110570.78,2,1,0,195906.59,0
15749727,999915749727,829,Spain,Male,50,7,0,2,0,1,178458.86,0
15619238,999915619238,567,Spain,Male,29,8,0,2,1,0,156125.72,0
15593468,999915593468,850,France,Female,33,3,0,2,1,1,11159.19,0
15718454,999915718454,712,Spain,Female,44,2,0,2,0,0,45738.94,0
15789498,999915789498,562,France,Male,30,3,111099.79,2,0,0,140650.19,0
15744691,999915744691,755,France,Female,29,3,0,3,1,0,4733.94,0
15708289,999915708289,793,Spain,Male,25,3,100913.57,1,0,0,10579.72,0
15790412,999915790412,471,Spain,Male,26,8,0,2,1,1,179655.87,0
15741416,999915741416,707,France,Male,42,2,16893.59,1,1,1,77502.56,0
15598894,999915598894,784,Spain,Male,38,10,122267.85,1,0,0,145759.93,0
15663294,999915663294,703,France,Male,32,1,125685.79,1,1,1,56246.72,0
15572728,999915572728,704,Spain,Male,36,8,127397.34,1,1,0,151335.24,0
15706729,999915706729,662,France,Male,38,0,105271.56,1,0,1,179833.45,0
15674433,999915674433,636,Germany,Female,28,2,115265.14,1,0,0,191627.85,0
15641170,999915641170,640,Spain,Male,36,4,0,1,0,0,173016.46,0
15806284,999915806284,739,Spain,Male,31,1,0,2,1,1,58469.75,0
15690958,999915690958,767,Germany,Male,23,2,139542.82,1,0,1,28038.28,0
15606386,999915606386,753,Germany,Female,46,3,111512.75,3,1,0,159576.75,1
15682322,999915682322,714,France,Male,37,9,148466.93,2,0,1,151280.96,0
15579915,999915579915,707,France,Male,29,4,0,2,1,0,139953.94,0
15681928,999915681928,577,France,Female,35,4,108155.49,1,1,0,105407.79,0
15734005,999915734005,633,France,Female,42,1,0,2,1,0,56865.62,0
15650432,999915650432,849,Germany,Male,41,10,84622.13,1,1,1,198072.16,0
15592578,999915592578,614,Spain,Female,41,7,146997.64,2,0,0,137791.18,0
15671243,999915671243,558,France,Female,47,9,0,2,1,0,103787.28,0
15775709,999915775709,832,France,Female,27,10,98590.25,1,1,0,30912.89,0
15702631,999915702631,567,France,Female,26,2,0,2,1,1,78651.55,0
15602282,999915602282,587,Germany,Female,45,8,134980.74,1,1,1,123309.57,1
15717879,999915717879,712,Spain,Female,79,5,108078.56,1,1,1,174118.93,0
15740878,999915740878,655,Spain,Female,29,9,0,2,0,1,85736.26,0
15794468,999915794468,641,France,Female,42,6,0,2,0,0,121138.77,0
15773277,999915773277,676,France,Male,35,5,106836.67,2,1,0,84199.78,0
15572657,999915572657,472,France,Male,29,8,102490.27,1,0,1,181224.56,0
15800295,999915800295,644,Germany,Male,34,9,112746.54,2,0,0,141230.07,0
15672397,999915672397,598,France,Male,38,0,125487.89,1,0,0,158111.71,0
15684921,999915684921,792,Spain,Male,25,8,142862.21,1,1,1,130639.01,0
15720676,999915720676,700,France,Female,37,7,0,2,1,0,17040.82,0
15731829,999915731829,616,France,Male,34,10,0,2,1,0,25662.27,0
15732672,999915732672,743,Spain,Male,35,6,79388.33,1,1,1,193360.69,0
15692406,999915692406,427,France,Male,37,5,0,2,1,1,121485.1,0
15764405,999915764405,731,France,Male,29,10,0,2,1,1,162452.65,0
15757537,999915757537,610,France,Female,31,6,107784.65,1,1,1,141137.53,0
15793307,999915793307,724,Spain,Female,41,4,142880.28,3,0,0,185541.2,1
15660679,999915660679,653,Spain,Female,38,9,149571.94,1,1,0,118383.18,0
15666856,999915666856,774,France,Male,49,1,142767.39,1,1,1,8214.41,0
15687372,999915687372,547,Germany,Male,49,8,121537.71,2,1,0,46521.45,1
15667289,999915667289,719,Spain,Male,50,2,0,2,0,0,10772.13,0
15624641,999915624641,740,Spain,Male,43,9,0,1,1,0,199290.68,1
15734610,999915734610,543,France,Male,42,4,89838.71,3,1,0,85983.54,1
15631882,999915631882,688,Germany,Male,45,9,103399.87,1,0,0,129870.93,0
15642709,999915642709,474,France,Female,30,9,0,2,0,0,63158.22,0
15811026,999915811026,505,Germany,Male,43,5,136855.94,2,1,0,171070.52,0
15596303,999915596303,688,France,Female,39,0,0,2,1,0,53222.15,1
15787255,999915787255,650,Germany,Female,55,2,140891.46,3,1,1,179834.45,1
15617166,999915617166,610,France,Male,37,0,0,1,1,0,114514.64,0
15742442,999915742442,705,Spain,Female,46,5,89364.91,1,0,1,139162.15,0
15758692,999915758692,669,France,Female,29,7,146011.4,1,0,0,50249.16,0
15568238,999915568238,650,Spain,Male,20,8,0,2,1,1,113469.65,0
15730353,999915730353,550,Germany,Male,29,9,145294.08,2,1,0,147484.13,0
15731555,999915731555,595,Germany,Female,45,9,106000.12,1,0,0,191448.96,1
15582404,999915582404,572,Spain,Female,26,5,0,2,1,0,119381.41,0
15721462,999915721462,622,Spain,Female,58,2,0,2,1,1,33277.31,0
15632899,999915632899,662,Spain,Male,20,9,104508.77,2,0,0,73107.53,0
15808526,999915808526,783,Germany,Female,58,3,127539.3,1,1,1,96590.39,1
15694349,999915694349,714,Spain,Male,44,7,0,1,0,1,6923.11,0
15718465,999915718465,671,Germany,Male,51,3,96891.46,1,1,0,176403.33,1
15682995,999915682995,600,France,Female,32,1,78535.25,1,1,0,64349.6,0
15584776,999915584776,847,Spain,Female,37,9,112712.17,1,1,0,116097.26,0
15777772,999915777772,650,Spain,Male,55,9,119618.42,1,1,1,29861.13,0
15576156,999915576156,710,Spain,Female,28,6,0,1,1,0,48426.98,0
15646756,999915646756,682,France,Female,33,8,74963.5,1,1,1,32770.56,0
15742886,999915742886,642,France,Male,26,1,138023.79,2,0,1,117060.2,0
15586135,999915586135,536,Spain,Female,28,4,0,1,1,1,136197.65,0
15616152,999915616152,754,France,Female,47,1,185513.67,1,1,0,27438.83,0
15721460,999915721460,678,France,Male,60,8,185648.56,1,0,0,192156.54,1
15727317,999915727317,533,Germany,Female,49,1,102286.6,3,1,0,69409.37,1
15649536,999915649536,741,Germany,Male,38,4,128015.83,1,1,0,58440.43,0
15754929,999915754929,757,France,Male,31,10,39539.39,2,0,0,192519.39,0
15572051,999915572051,721,France,Male,40,3,0,1,1,1,144874.67,0
15668142,999915668142,700,France,Male,37,3,77608.46,2,1,1,175373.46,0
15701176,999915701176,663,France,Male,26,5,141462.13,1,1,0,440.2,0
15708422,999915708422,677,Spain,Female,35,0,0,2,0,0,76637.38,0
15655632,999915655632,655,France,Male,27,2,131691.33,1,1,0,49480.66,0
15744606,999915744606,832,Spain,Male,29,8,93833.86,1,0,1,10417.87,0
15612140,999915612140,721,Spain,Female,46,7,137933.39,1,1,1,67976.57,0
15656086,999915656086,542,Spain,Male,54,8,105770.14,1,0,1,140929.98,1
15655298,999915655298,654,Spain,Female,54,5,0,2,0,1,47139.06,0
15644796,999915644796,821,Spain,Female,38,8,0,2,0,1,126241.4,1
15726250,999915726250,508,France,Female,38,3,166328.65,2,0,1,22614.19,0
15764432,999915764432,588,Germany,Female,42,2,164307.77,1,1,0,48498.19,0
15631721,999915631721,691,Germany,Male,38,9,163965.69,2,0,1,103511.26,0
15707479,999915707479,664,France,Male,40,7,125608.72,1,1,0,122073.48,0
15579826,999915579826,439,France,Female,66,9,0,1,1,0,65535.56,0
15668104,999915668104,479,Spain,Male,37,6,118433.94,1,0,1,160060.9,0
15641604,999915641604,850,France,Female,55,10,98488.08,1,1,0,155879.57,1
15587240,999915587240,518,France,Male,40,4,0,2,0,1,194416.58,0
15680767,999915680767,717,Germany,Female,64,10,98362.35,2,1,1,21630.21,0
15601594,999915601594,698,France,Female,51,6,144237.91,4,1,0,157143.61,1
15589969,999915589969,850,France,Male,34,6,0,1,0,1,52796.31,0
15703728,999915703728,700,Spain,Male,47,4,0,1,1,0,121798.52,1
15617790,999915617790,626,France,Female,29,4,105767.28,2,0,0,41104.82,0
15662500,999915662500,774,Spain,Male,32,9,0,2,1,0,10604.48,0
15778526,999915778526,719,Spain,Female,48,5,0,2,0,0,78563.66,0
15670584,999915670584,646,Spain,Male,31,2,0,1,1,1,170821.43,1
15748069,999915748069,485,France,Female,25,3,134467.26,1,1,1,113266.09,0
15680597,999915680597,784,Germany,Male,38,1,138515.02,1,1,1,171768.76,0
15628992,999915628992,850,Germany,Male,32,2,128647.98,2,0,0,54416.18,0
15719624,999915719624,669,France,Female,38,9,121858.98,1,1,0,130755.34,0
15812767,999915812767,731,Spain,Male,70,3,0,2,1,1,141180.66,0
15689201,999915689201,721,France,Female,49,1,120108.56,1,0,1,183421.76,0
15614716,999915614716,515,France,Female,37,0,196853.62,1,1,1,132770.11,0
15683618,999915683618,774,France,Female,35,3,121418.62,1,1,1,24400.37,0
15799631,999915799631,585,Spain,Male,36,10,0,2,1,1,180318.6,0
15692259,999915692259,695,France,Female,29,9,0,2,1,0,111565.45,0
15590966,999915590966,729,Germany,Female,42,4,97495.8,2,0,0,2002.5,0
15656426,999915656426,713,France,Female,42,3,0,2,0,0,82565.01,0
15675256,999915675256,555,Spain,Male,33,5,127343.4,1,0,1,121789.3,0
15751185,999915751185,699,Spain,Female,50,0,158633.61,1,1,0,193785.87,0
15789582,999915789582,587,France,Male,55,9,0,1,1,0,64593.07,0
15651103,999915651103,762,Spain,Female,69,9,183744.98,1,1,1,196993.69,0
15672299,999915672299,510,France,Male,44,6,0,2,1,1,175518.31,0
15772250,999915772250,842,Spain,Male,46,9,0,1,0,0,17268.02,0
15763922,999915763922,608,France,Male,31,7,79962.92,2,1,0,60901.72,0
15633870,999915633870,850,France,Female,36,10,0,2,1,1,100750.03,0
15624323,999915624323,642,France,Male,36,4,0,2,1,1,195224.91,0
15688612,999915688612,850,France,Male,33,7,140956.99,1,0,0,3510.18,0
15694644,999915694644,455,Spain,Female,43,6,0,1,1,1,81250.79,0
15587174,999915587174,726,France,Male,29,7,0,2,1,1,91844.14,1
15579559,999915579559,544,Spain,Male,30,8,145241.63,1,1,1,80676.83,0
15775430,999915775430,651,Germany,Male,31,7,138008.06,2,1,0,129912.74,0
15623695,999915623695,814,France,Female,31,4,0,2,1,1,142029.17,0
15760849,999915760849,537,France,Male,39,2,0,2,1,1,137651.6,0
15813095,999915813095,553,France,Male,37,2,0,2,1,0,33877.29,0
15705281,999915705281,800,Spain,Male,38,9,0,1,1,0,78744.39,0
15812594,999915812594,791,France,Male,34,7,0,2,1,0,96734.46,0
15626322,999915626322,699,Spain,Female,29,9,127570.93,2,1,0,164756.81,0
15723105,999915723105,756,France,Female,28,6,0,1,1,1,164394.65,0
15588449,999915588449,591,Spain,Female,27,5,107812.67,1,0,1,162501.83,1
15794849,999915794849,850,Germany,Male,22,7,91560.58,2,0,0,10541.38,0
15620000,999915620000,760,Germany,Male,34,6,121303.77,2,1,1,59325.21,0
15799720,999915799720,569,Spain,Male,43,8,161546.68,2,0,1,178187.28,0
15711287,999915711287,661,Spain,Female,35,5,128415.45,1,1,0,142626.49,0
15613102,999915613102,670,France,Female,31,2,57530.06,1,1,1,181893.31,1
15621440,999915621440,694,France,Male,38,1,0,2,0,1,156858.2,0
15677146,999915677146,728,France,Female,28,4,142243.54,2,1,0,33074.51,0
15801169,999915801169,764,Germany,Female,39,9,138341.51,1,1,0,50072.94,1
15722425,999915722425,639,France,Male,32,9,0,2,1,0,111340.36,0
15682421,999915682421,683,France,Female,30,2,0,2,0,1,100496.84,1
15691910,999915691910,663,Spain,Male,30,4,0,3,1,0,101371.05,0
15721779,999915721779,826,Spain,Male,41,5,146466.46,2,0,0,180934.67,0
15579548,999915579548,735,Spain,Male,36,5,0,2,1,0,105152.17,0
15681075,999915681075,682,France,Female,58,1,0,1,1,1,706.5,0
15607884,999915607884,663,France,Female,39,8,0,2,1,1,101168.9,0
15767757,999915767757,562,Spain,Female,29,9,120307.58,1,1,1,6795.61,0
15791550,999915791550,696,France,Male,27,4,87637.26,2,0,0,196111.35,0
15658589,999915658589,850,Spain,Male,38,2,94652.04,1,1,1,171960.76,0
15670822,999915670822,719,France,Female,22,7,114415.84,1,1,1,177497.4,0
15629744,999915629744,804,France,Female,71,8,0,2,0,1,147995.96,0
15660768,999915660768,604,France,Male,40,1,84315.02,1,0,0,36209.1,0
15726310,999915726310,782,Spain,Female,27,3,0,2,1,0,143614.01,0
15641298,999915641298,512,Germany,Male,42,9,93955.83,2,1,0,14828.54,0
15625675,999915625675,569,France,Male,36,1,67087.69,1,1,0,154775.7,0
15713354,999915713354,597,Germany,Female,22,6,101528.61,1,1,0,70529,1
15633866,999915633866,753,Germany,Male,30,1,110824.52,1,1,1,57896.27,0
15704231,999915704231,430,France,Female,33,8,0,1,1,1,69759.91,0
15735400,999915735400,756,France,Male,28,8,179960.2,1,1,0,89938.08,0
15632826,999915632826,493,France,Male,38,3,134006.77,1,1,0,89578.32,0
15751022,999915751022,777,Germany,Female,37,10,121532.17,2,1,1,73464.88,0
15664737,999915664737,779,Spain,Female,38,7,0,2,1,1,138542.87,0
15681126,999915681126,702,Spain,Female,38,2,0,1,1,1,161888.63,0
15738954,999915738954,551,France,Male,35,7,129717.3,2,0,0,86937.2,0
15662263,999915662263,749,Germany,Male,22,4,94762.16,2,1,1,42241.54,0
15621611,999915621611,742,Germany,Male,55,5,155196.17,1,0,1,121207.66,1
15783752,999915783752,752,Germany,Male,29,4,129514.99,1,1,1,102930.46,0
15709474,999915709474,740,Germany,Female,57,3,113386.36,2,1,1,65121.63,1
15701280,999915701280,576,France,Male,24,3,0,1,0,1,78498.04,1
15671104,999915671104,637,Spain,Male,43,3,172196.23,1,1,1,104769.96,0
15796434,999915796434,724,France,Male,28,5,97612.12,1,1,1,96498.14,0
15781505,999915781505,685,France,Male,20,4,104719.94,2,1,0,38691.34,0
15625819,999915625819,625,France,Female,38,7,0,1,1,0,164804.02,0
15753174,999915753174,571,Germany,Male,37,9,139592.98,3,1,0,104152.65,1
15654067,999915654067,584,Spain,Female,29,4,0,2,1,0,88866.92,0
15724719,999915724719,550,France,Female,22,7,139096.85,1,1,0,129890.94,0
15624695,999915624695,662,Spain,Female,72,7,140301.72,1,0,1,179258.67,0
15718216,999915718216,803,Spain,Male,43,3,0,1,1,0,72051.44,0
15586300,999915586300,615,France,Male,66,7,0,2,1,1,74580.8,0
15783349,999915783349,481,Spain,Male,39,1,111233.09,1,1,1,123995.15,0
15725767,999915725767,701,France,Male,23,3,0,2,1,0,38960.59,0
15791925,999915791925,751,France,Male,29,10,147737.63,1,0,1,94951.27,0
15793585,999915793585,675,France,Male,35,8,0,2,1,1,56642.97,0
15576641,999915576641,733,Germany,Male,40,5,125725.02,2,1,1,50783.1,0
15749519,999915749519,822,France,Male,38,6,128289.7,3,1,0,9149.96,1
15684960,999915684960,559,France,Female,46,5,0,1,1,0,21006.1,1
15591286,999915591286,731,Germany,Female,49,4,88826.07,1,1,1,33759.41,1
15668323,999915668323,678,France,Female,41,1,143443.61,1,1,0,196622.28,1
15608528,999915608528,645,France,Female,68,9,0,4,1,1,176353.87,1
15645184,999915645184,701,France,Male,29,2,0,2,1,0,176943.59,0
15702566,999915702566,554,Spain,Male,26,8,149134.46,1,1,1,177966.24,0
15660840,999915660840,723,France,Male,30,3,124119.54,1,1,0,162198.32,0
15750811,999915750811,766,Germany,Male,44,3,116822.7,1,0,0,197643.24,0
15733842,999915733842,597,France,Female,24,1,103219.47,1,1,0,60420.07,0
15581526,999915581526,574,France,Male,41,1,0,2,0,0,70550,0
15662751,999915662751,655,Germany,Female,40,0,81954.6,1,1,1,198798.44,1
15684319,999915684319,780,Germany,Female,37,10,95196.26,1,1,0,126310.39,1
15702190,999915702190,672,Spain,Male,43,5,0,2,1,1,64515.5,0
15588517,999915588517,717,France,Male,38,7,0,2,1,1,158580.05,0
15801863,999915801863,521,France,Female,32,2,136555.01,2,1,1,129353.21,0
15584271,999915584271,633,France,Male,59,5,0,1,1,1,137273.97,0
15700366,999915700366,669,France,Male,39,3,119452.03,1,1,1,171575.54,0
15804038,999915804038,740,France,Male,44,9,0,1,0,1,96528,1
15720820,999915720820,462,Germany,Female,24,9,69881.09,2,0,1,64421.02,0
15743759,999915743759,619,France,Male,39,5,0,2,1,1,158444.61,0
15749947,999915749947,665,France,Female,44,7,0,2,1,1,66548.58,0
15670496,999915670496,655,Spain,Female,27,9,0,2,0,0,108008.05,0
15746664,999915746664,463,Spain,Male,20,8,204223.03,1,1,0,128268.39,0
15745533,999915745533,799,France,Female,63,1,110314.21,2,1,0,37464,1
15761497,999915761497,713,Spain,Female,48,1,163760.82,1,0,0,157381.14,1
15628600,999915628600,807,Germany,Female,31,1,141069.18,3,1,1,194257.11,0
15627002,999915627002,728,France,Male,38,1,115934.74,1,1,1,139059.05,0
15614635,999915614635,582,France,Male,52,2,151457.88,1,0,1,40893.61,0
15731281,999915731281,704,Germany,Female,35,3,154206.07,2,1,1,40261.49,0
15814022,999915814022,714,France,Female,26,9,89928.99,1,1,0,46203.31,0
15659194,999915659194,628,France,Male,30,8,89182.09,1,1,1,13126.9,0
15745030,999915745030,809,Germany,Male,41,1,79706.25,2,1,0,165675.01,0
15691817,999915691817,547,Spain,Female,44,5,0,3,0,0,5459.07,1
15707488,999915707488,560,France,Female,27,5,0,2,1,0,131919.48,0
15784700,999915784700,811,France,Male,31,7,117799.28,1,1,1,182372.35,0
15710397,999915710397,584,France,Male,26,4,0,2,1,0,147600.54,0
15687648,999915687648,691,France,Male,28,1,0,2,0,0,92865.41,0
15732281,999915732281,680,Germany,Male,34,6,146422.22,1,1,0,67142.97,1
15607230,999915607230,588,Germany,Male,33,9,150186.22,2,1,1,65611.01,0
15567630,999915567630,721,Germany,Male,40,6,100275.88,1,1,0,138564.48,1
15587507,999915587507,850,France,Male,47,6,0,1,1,0,187391.02,1
15733904,999915733904,529,France,Male,32,9,147493.89,1,1,0,33656.35,0
15709511,999915709511,622,France,Male,43,8,0,2,1,0,100618.17,0
15579616,999915579616,683,France,Female,42,8,0,2,0,1,198134.9,0
15694852,999915694852,575,France,Male,29,4,121823.4,2,1,1,50368.87,0
15589924,999915589924,577,Spain,Female,40,1,0,2,1,1,108787,0
15799300,999915799300,510,Germany,Male,31,0,113688.63,1,1,0,33099.41,1
15731330,999915731330,652,Spain,Female,40,7,100471.34,1,1,1,124550.88,0
15694129,999915694129,569,Germany,Female,28,3,100032.52,1,1,0,5159.21,1
15620372,999915620372,687,Spain,Male,31,3,0,2,0,0,48228.1,0
15744622,999915744622,822,France,Male,32,8,116358,1,1,0,108798.36,0
15799815,999915799815,656,Germany,Female,23,4,163549.63,1,0,1,21085.12,0
15759250,999915759250,745,Germany,Male,51,3,99183.9,1,1,1,28922.25,0
15732643,999915732643,386,Spain,Female,53,1,131955.07,1,1,1,62514.65,1
15690540,999915690540,684,Spain,Female,41,1,134177.06,1,0,0,177506.66,0
15803078,999915803078,635,Spain,Female,38,1,0,2,1,0,90605.05,0
15652180,999915652180,582,France,Male,30,2,0,2,1,1,132029.95,0
15741195,999915741195,613,Spain,Male,19,5,0,1,1,1,176903.35,0
15743490,999915743490,795,Germany,Female,56,9,94348.94,1,1,0,29239.29,1
15575510,999915575510,659,France,Female,32,2,155584.21,1,0,1,153662.88,0
15732610,999915732610,745,France,Female,28,6,0,2,1,0,154389.18,0
15602909,999915602909,604,Spain,Female,41,10,0,2,1,1,166224.39,0
15734058,999915734058,509,Germany,Male,32,9,170661.47,1,1,1,21646.2,0
15801788,999915801788,706,Germany,Female,29,6,185544.36,1,1,0,171037.63,0
15702462,999915702462,619,Spain,Female,44,6,52831.13,1,1,1,112649.22,1
15683416,999915683416,572,Germany,Male,51,8,97750.07,3,1,1,193014.26,1
15794187,999915794187,695,France,Male,36,6,114007.5,2,1,0,118120.88,0
15792989,999915792989,543,France,Female,71,1,104308.77,1,1,1,25650.04,0
15613734,999915613734,640,France,Female,33,6,84719.13,2,1,1,113048.79,0
15606177,999915606177,672,France,Male,39,2,0,2,1,0,87372.49,0
15636700,999915636700,701,France,Male,39,9,140236.98,1,0,1,146651.99,0
15645766,999915645766,634,Spain,Male,25,9,0,2,1,1,8227.91,0
15671345,999915671345,531,Spain,Female,42,6,75302.85,2,0,0,57034.35,0
15652469,999915652469,699,France,Male,27,1,0,2,1,0,93003.21,0
15749638,999915749638,605,France,Female,51,9,104760.82,1,1,1,165574.54,1
15728706,999915728706,534,France,Female,49,7,0,1,1,0,13566.48,1
15735439,999915735439,449,Spain,Female,31,1,113693,1,0,0,82796.29,0
15778696,999915778696,684,Spain,Female,36,5,174180.39,1,1,0,119830.08,0
15624744,999915624744,622,Germany,Male,42,9,115766.26,1,0,0,72155.85,1
15584338,999915584338,714,France,Female,40,0,0,2,1,0,62762.12,0
15726178,999915726178,712,Spain,Female,48,8,0,2,1,0,183235.33,0
15794939,999915794939,783,France,Female,72,5,121215.9,2,1,1,105206.48,0
15788068,999915788068,743,Germany,Male,45,10,144677.19,3,1,0,22512.44,1
15572956,999915572956,683,France,Male,36,5,115350.63,1,1,1,122305.91,0
15780386,999915780386,654,Spain,Male,40,5,105683.63,1,1,0,173617.09,0
15791114,999915791114,700,France,Male,37,1,135179.49,1,1,0,160670.37,0
15708046,999915708046,744,Spain,Male,31,0,117551.23,1,1,0,158958.9,0
15719779,999915719779,645,Germany,Male,25,1,157404.02,2,1,0,93073.04,0
15591550,999915591550,525,Spain,Male,36,3,77910.23,1,1,0,67238.01,0
15639368,999915639368,732,France,Male,25,0,110942.9,1,0,0,172576.56,0
15699830,999915699830,721,France,Female,40,7,0,2,1,1,122580.48,0
15569264,999915569264,622,France,Male,32,5,179305.09,1,1,1,149043.78,0
15595158,999915595158,654,Germany,Male,31,5,150593.59,2,1,1,105218.45,0
15599126,999915599126,529,France,Female,43,0,123815.86,1,1,1,78463.99,1
15650575,999915650575,720,Spain,Female,59,6,0,2,1,1,160849.43,1
15641490,999915641490,850,Germany,Female,25,8,69385.17,2,1,0,87834.24,0
15680234,999915680234,667,Germany,Male,27,2,138032.15,1,1,0,166317.71,0
15592230,999915592230,620,France,Male,41,3,0,2,1,1,137309.06,0
15626212,999915626212,616,France,Male,29,9,0,1,1,1,166984.44,0
15700627,999915700627,637,Germany,Female,46,2,143500.82,1,1,0,166996.46,1
15782641,999915782641,710,Spain,Female,29,3,119670.18,1,1,0,188022.44,0
15784445,999915784445,717,Spain,Male,33,1,99106.73,1,0,0,194467.23,0
15813681,999915813681,786,Germany,Male,24,2,120135.55,2,1,1,125449.47,0
15596649,999915596649,651,France,Female,39,8,0,1,1,0,137452.57,0
15700460,999915700460,530,France,Female,55,4,120905.03,1,0,1,123475.88,1
15724076,999915724076,815,Spain,Female,57,5,0,3,0,0,38941.44,1
15784000,999915784000,715,Germany,Female,34,9,102277.52,1,0,0,177852.57,1
15733966,999915733966,496,Germany,Female,55,4,125292.53,1,1,1,31532.96,1
15612667,999915612667,680,Spain,Male,42,0,0,1,1,0,136377.21,0
15654025,999915654025,646,France,Female,51,4,101629.3,1,0,0,130541.1,0
15589431,999915589431,807,Germany,Male,47,1,171937.27,1,1,1,65636.92,0
15578238,999915578238,727,France,Male,47,7,0,2,1,0,193305.35,0
15566269,999915566269,787,France,Male,25,5,0,2,1,0,47307.9,0
15639217,999915639217,806,France,Male,34,6,0,2,0,0,100809.99,0
15688644,999915688644,603,France,Male,31,1,129743.75,1,1,0,109145.2,0
15662426,999915662426,649,Spain,Male,32,1,0,1,0,1,91167.19,1
15720511,999915720511,547,Germany,Male,41,3,151191.31,1,1,0,175295.89,1
15567246,999915567246,684,Germany,Male,32,3,102630.13,2,1,1,127433.47,0
15647965,999915647965,477,France,Female,57,9,114023.64,2,1,1,71167.17,1
15679048,999915679048,558,Germany,Male,41,2,124227.14,1,1,1,111184.67,0
15675749,999915675749,695,France,Female,23,1,0,2,1,1,141756.32,0
15782181,999915782181,592,Spain,Male,35,6,80285.16,1,1,0,72678.75,1
15795738,999915795738,789,France,Male,31,4,175477.15,1,1,1,172832.9,0
15773751,999915773751,597,France,Female,29,1,132144.35,1,1,0,158086.33,0
15655436,999915655436,839,Germany,Male,47,2,136911.07,1,1,1,168184.62,1
15691396,999915691396,405,Germany,Male,31,5,133299.67,2,1,1,72950.14,0
15796958,999915796958,658,France,Male,39,7,0,2,1,0,48378.4,0
15801832,999915801832,684,Germany,Male,42,1,117691,1,1,1,23135.65,1
15661349,999915661349,633,France,Male,35,10,0,2,1,0,65675.47,0
15719265,999915719265,589,France,Male,46,9,0,2,1,0,170676.67,0
15779985,999915779985,750,Germany,Female,37,1,133199.71,2,1,1,27366.77,0
15663410,999915663410,771,Spain,Male,51,5,135506.58,3,1,1,152479.64,1
15704144,999915704144,812,Germany,Male,33,2,127154.14,2,0,1,105383.49,0
15774104,999915774104,539,Spain,Male,39,2,0,2,1,1,48189.94,0
15812230,999915812230,670,Germany,Female,42,5,49508.79,3,1,1,100324.01,0
15742848,999915742848,673,France,Male,41,5,0,1,1,1,65657.29,0
15745326,999915745326,538,France,Female,62,3,75051.49,1,0,0,17682.02,1
15674541,999915674541,575,Spain,Male,52,8,123925.23,1,0,0,111342.66,1
15728564,999915728564,682,France,Male,41,6,0,2,0,1,134158.09,1
15580701,999915580701,712,France,Male,33,3,153819.58,1,1,0,79176.09,1
15688973,999915688973,598,Spain,Female,39,5,0,2,1,1,83103.46,0
15709412,999915709412,776,Spain,Male,30,6,0,2,0,1,63908.86,0
15607753,999915607753,606,Spain,Female,23,10,70417.79,1,0,1,90896.04,0
15705352,999915705352,686,Spain,Male,38,7,111484.88,1,1,1,76076.2,0
15602500,999915602500,850,Spain,Male,38,1,146343.98,1,0,1,103902.11,0
15672437,999915672437,642,France,Male,72,1,160541,2,1,1,142223.94,0
15720968,999915720968,606,Germany,Male,27,2,130274.26,2,1,0,147533.09,0
15730796,999915730796,627,France,Female,21,7,98993.02,1,1,1,169156.64,0
15768219,999915768219,850,Spain,Male,36,0,0,2,1,0,141242.57,0
15663883,999915663883,850,Germany,Male,32,9,141827.33,2,1,1,149458.73,0
15589296,999915589296,724,France,Female,40,6,110054.45,1,1,1,86950.72,0
15586425,999915586425,579,France,Male,28,4,0,2,1,1,176925.69,0
15679813,999915679813,727,Spain,Male,28,1,0,1,1,0,40357.39,0
15681410,999915681410,813,Germany,Female,36,6,98088.09,1,0,1,26687.22,1
15668283,999915668283,642,France,Male,48,9,118317.27,4,0,0,78702.98,1
15624072,999915624072,669,Spain,Male,22,10,0,2,1,0,176163.74,0
15669664,999915669664,574,Germany,Male,54,1,99774.5,1,0,0,4896.11,1
15682728,999915682728,774,France,Female,32,4,0,2,0,0,114899.13,0
15573851,999915573851,735,France,Female,38,1,0,3,0,0,92220.12,1
15733661,999915733661,639,Spain,Female,27,8,133806.54,2,1,0,6251.3,0
15710012,999915710012,738,Spain,Male,44,2,0,2,1,0,43018.82,1
15763327,999915763327,835,France,Male,32,8,124993.29,2,1,1,27548.06,0
15668853,999915668853,637,Spain,Female,44,0,157622.58,1,1,1,120454.2,0
15639303,999915639303,589,Germany,Male,48,5,126111.61,1,0,1,133961.19,0
15691011,999915691011,591,France,Male,42,9,161651.37,2,1,1,131753.97,0
15638513,999915638513,723,France,Female,40,7,142856.95,2,0,0,38019.74,0
15648933,999915648933,831,Germany,Male,44,3,111100.98,1,1,1,28144.07,1
15628904,999915628904,733,Spain,Male,35,8,102918.38,1,1,1,45959.86,0
15644788,999915644788,731,France,Female,30,5,0,2,1,0,189528.72,0
15598161,999915598161,654,France,Male,47,10,0,2,1,0,170481.98,0
15745624,999915745624,828,France,Male,37,4,0,2,1,0,94845.45,0
15733169,999915733169,590,Spain,Male,22,7,125265.61,1,1,1,161253.08,0
15801417,999915801417,657,France,Male,37,4,82500.28,1,1,1,115260.72,0
15592707,999915592707,531,Germany,Female,64,2,175754.87,2,1,1,60721.4,0
15593954,999915593954,516,France,Female,47,6,109387.33,1,0,0,121365.45,0
15714431,999915714431,561,France,Male,37,1,100443.36,2,0,1,101693.73,0
15638257,999915638257,682,Spain,Female,54,0,83102.72,2,1,1,54132.93,0
15690939,999915690939,575,Spain,Male,28,7,0,1,1,1,10666.05,0
15723613,999915723613,623,France,Female,28,4,0,2,1,0,41227.67,0
15813640,999915813640,642,France,Female,40,7,0,2,1,0,10712.82,0
15707322,999915707322,779,France,Female,48,2,115290.27,1,0,0,98912.69,1
15588918,999915588918,671,France,Female,42,6,0,2,1,0,197202.48,0
15600357,999915600357,495,France,Female,40,1,140197.71,2,1,0,150720.39,0
15747014,999915747014,850,France,Female,28,1,105245.34,1,0,1,74780.13,0
15809830,999915809830,630,France,Male,50,8,0,2,0,1,79377.45,0
15662245,999915662245,588,France,Male,32,1,0,2,1,1,8763.87,0
15651075,999915651075,562,Germany,Male,35,3,142296.13,1,0,1,177112.7,0
15594456,999915594456,740,Spain,Female,56,4,99097.33,1,1,1,85016.64,1
15583462,999915583462,695,France,Male,28,5,171069.39,2,1,1,88689.4,0
15757661,999915757661,589,France,Female,39,7,0,2,0,0,95985.64,0
15729117,999915729117,607,France,Female,31,1,102523.88,1,1,1,166792.71,0
15749671,999915749671,794,France,Male,35,6,0,2,1,1,68730.91,0
15566253,999915566253,580,Germany,Male,44,9,143391.07,1,0,0,146891.07,1
15595153,999915595153,644,Germany,Female,44,8,106022.73,2,0,0,148727.42,0
15698572,999915698572,636,Spain,Female,36,1,0,1,1,0,43134.58,0
15674149,999915674149,599,Germany,Male,36,3,128960.21,2,1,1,40318.33,0
15623082,999915623082,507,France,Female,35,2,0,2,1,0,97633.93,0
15797905,999915797905,682,France,Female,48,7,0,2,1,0,65069.03,0
15746028,999915746028,714,France,Female,24,7,0,2,1,0,166335,0
15582951,999915582951,696,France,Female,25,8,126442.59,1,1,0,121904.44,0
15616471,999915616471,599,Spain,Male,51,0,0,1,1,1,175235.99,0
15641575,999915641575,577,France,Male,37,2,127261.35,1,1,0,56185.05,0
15638803,999915638803,733,Spain,Female,32,5,0,2,1,0,131625.14,0
15808283,999915808283,647,France,Female,33,4,0,1,1,0,152323.04,0
15811200,999915811200,831,France,Female,34,2,0,2,0,0,165840.94,0
15733476,999915733476,543,Germany,Male,30,6,73481.05,1,1,1,176692.65,0
15633274,999915633274,679,France,Male,34,7,160515.37,1,1,0,121904.14,0
15582168,999915582168,713,Germany,Female,61,4,149525.34,2,1,0,123663.63,0
15807269,999915807269,690,Germany,Male,43,2,166522.78,1,0,0,119644.59,1
15602979,999915602979,751,France,Male,29,1,135536.5,1,1,0,66825.33,0
15660417,999915660417,613,Germany,Female,43,10,120481.69,1,0,0,94875.03,1
15590199,999915590199,701,Spain,Male,28,1,103421.32,1,0,1,76304.73,0
15641794,999915641794,698,France,Male,33,5,135658.73,2,0,1,39755,0
15779174,999915779174,451,France,Female,36,2,0,2,1,1,180142.42,0
15785547,999915785547,665,France,Male,28,8,191402.82,2,1,0,83238.4,0
15795124,999915795124,726,Germany,Male,50,9,94504.35,1,0,1,5078.9,0
15718912,999915718912,608,Germany,Female,44,5,126147.84,1,0,1,132424.69,1
15592028,999915592028,549,France,Female,46,7,0,1,1,1,109057.56,0
15580227,999915580227,803,France,Male,33,6,0,2,1,0,115676.61,0
15657830,999915657830,663,France,Male,43,4,87624.03,2,1,0,149401.33,0
15798256,999915798256,558,France,Female,45,1,153697.53,2,0,0,89891.4,1
15643819,999915643819,714,France,Female,25,4,0,2,0,0,82500.84,0
15754301,999915754301,704,France,Male,39,5,0,1,1,0,6416.92,0
15726855,999915726855,805,Germany,Female,45,9,116585.97,1,1,0,189428.75,1
15755225,999915755225,659,Germany,Male,34,9,134464.58,2,1,0,178833.34,0
15725221,999915725221,738,Germany,Male,62,10,83008.31,1,1,1,42766.03,0
15789055,999915789055,635,Spain,Male,35,2,113635.16,1,1,0,90883.12,0
15617507,999915617507,530,Spain,Female,36,7,0,2,1,0,80619.09,0
15668894,999915668894,661,Germany,Male,41,5,122552.48,2,0,1,120646.4,0
15589563,999915589563,531,Spain,Male,31,2,118899.45,2,0,0,41409.36,0
15693162,999915693162,694,France,Female,29,5,99713.87,1,0,0,112317.89,0
15750099,999915750099,731,France,Female,36,6,0,1,0,0,152128.36,0
15795540,999915795540,556,France,Female,36,2,134208.22,1,0,1,177670.57,0
15794941,999915794941,647,Germany,Female,41,1,85906.65,3,1,0,189159.97,0
15611848,999915611848,850,Germany,Male,32,3,137714.25,1,0,1,159403.68,0
15581237,999915581237,573,Spain,Male,33,1,160777.9,1,1,1,149536.15,0
15738150,999915738150,591,France,Male,45,5,0,2,1,1,155492.87,0
15678571,999915678571,723,France,Male,21,4,0,2,0,0,24847.02,0
15736124,999915736124,617,France,Male,25,1,102585.88,2,1,1,115387.4,0
15623202,999915623202,704,Germany,Female,39,10,102556.18,2,1,0,171971.25,1
15804201,999915804201,457,Germany,Male,42,4,126772.57,1,0,1,126106.4,0
15596863,999915596863,787,Germany,Female,38,3,158373.23,1,1,1,28228.35,0
15696277,999915696277,651,France,Female,34,9,0,2,1,0,138113.71,0
15748608,999915748608,612,Germany,Male,42,5,141927.1,1,1,1,43018.98,0
15723864,999915723864,828,Spain,Male,47,1,109876.82,2,1,0,83611.45,1
15802390,999915802390,724,France,Female,34,2,0,2,1,1,118863.38,0
15774336,999915774336,648,Germany,Male,44,9,111369.79,2,1,1,91947.74,0
15648766,999915648766,569,Spain,Male,35,3,116969.35,1,0,0,94488.82,0
15659094,999915659094,765,Germany,Female,34,8,136729.51,2,0,0,47058.21,0
15606397,999915606397,577,Germany,Female,44,1,152086.15,1,0,1,44719.5,1
15642619,999915642619,603,Spain,Male,46,2,0,2,1,0,174478.54,0
15666032,999915666032,568,Spain,Male,28,1,127289.28,1,0,0,45611.51,0
15595842,999915595842,748,Germany,Male,45,2,119852.01,1,0,0,73853.94,1
15753837,999915753837,573,Spain,Male,38,4,0,2,1,1,196517.43,0
15783882,999915783882,771,Spain,Female,41,5,0,2,0,1,92914.67,0
15799790,999915799790,763,France,Male,35,9,0,1,1,1,31372.91,0
15628155,999915628155,410,France,Female,35,7,117183.74,1,1,1,109733.73,0
15703778,999915703778,728,France,Male,33,8,129907.63,1,0,1,36083.96,0
15722322,999915722322,655,Spain,Female,78,2,0,2,0,1,188435.38,0
15639278,999915639278,580,Germany,Female,36,6,145387.32,2,1,1,169963.2,1
15568487,999915568487,712,France,Male,35,7,124616.23,1,1,1,69320.97,0
15682084,999915682084,680,France,Male,31,9,0,2,1,0,36145.53,0
15642821,999915642821,383,Spain,Female,48,8,95808.19,1,0,0,137702.01,1
15601387,999915601387,721,France,Male,35,10,0,2,1,0,71594.26,0
15642515,999915642515,620,France,Female,42,1,0,2,0,1,65565.92,0
15710421,999915710421,774,Spain,Female,36,8,117152.3,1,0,0,101828.39,0
15726774,999915726774,563,France,Male,35,3,106250.72,1,0,0,39546.32,0
15649078,999915649078,850,Germany,Female,27,8,111837.78,2,1,1,110805.79,0
15641877,999915641877,681,France,Male,47,9,97023.21,1,1,1,2168.13,0
15796496,999915796496,631,France,Female,31,8,137687.72,1,1,0,190067.12,0
15815690,999915815690,614,Spain,Female,40,3,113348.5,1,1,1,77789.01,0
15631739,999915631739,704,Spain,Male,24,10,122109.78,1,1,1,127654.37,0
15625584,999915625584,786,France,Male,32,2,120452.4,2,0,0,79602.86,0
15802466,999915802466,534,France,Female,53,7,0,2,1,1,80619.17,0
15697028,999915697028,590,Spain,Male,34,0,65812.35,2,0,1,160346.3,0
15575759,999915575759,583,Spain,Female,40,3,54428.37,1,1,0,109638.78,1
15567442,999915567442,656,France,Female,75,3,0,2,1,1,1276.87,0
15746805,999915746805,597,France,Male,33,9,0,2,1,0,49374.82,0
15636330,999915636330,588,Germany,Female,48,1,143279.58,2,1,0,31580.8,1
15714970,999915714970,667,Germany,Male,32,0,103846.65,1,1,0,20560.69,0
15653784,999915653784,627,France,Male,37,2,125190.86,1,0,1,84584.69,0
15693543,999915693543,708,France,Female,33,8,0,2,0,1,15246.83,0
15773283,999915773283,641,France,Male,65,6,38340.02,1,1,0,32607.77,1
15742534,999915742534,527,Germany,Female,28,2,123802.98,2,1,1,155846.69,0
15569878,999915569878,592,France,Male,37,3,96651.03,1,1,1,3232.82,0
15729454,999915729454,465,France,Male,33,8,0,2,1,0,177668.55,0
15578375,999915578375,628,France,Male,39,6,0,2,0,0,134441.6,0
15785559,999915785559,678,France,Male,43,1,133237.21,1,1,0,111032.79,1
15649414,999915649414,570,France,Female,61,6,142105.35,1,1,1,45214.04,0
15701605,999915701605,815,France,Male,37,1,166115.42,1,1,0,67208.3,0
15686696,999915686696,817,France,Female,37,6,81070.34,2,1,0,80985.88,0
15625586,999915625586,717,France,Male,35,4,0,1,1,1,167573.06,0
15654975,999915654975,641,France,Female,53,0,123835.52,2,0,1,160110.65,0
15782993,999915782993,624,France,Male,51,10,123401.43,2,1,1,127825.25,0
15774382,999915774382,579,Germany,Male,49,4,169377.31,1,1,1,123535.05,0
15689602,999915689602,698,France,Male,38,2,130015.24,1,1,1,41595.3,0
15756155,999915756155,645,France,Male,32,4,0,2,0,1,97628.08,0
15812647,999915812647,691,France,Male,34,8,133936.04,2,1,0,91359.79,0
15736043,999915736043,638,France,Male,34,6,114543.27,1,1,1,97755.29,0
15696744,999915696744,705,France,Female,31,3,119794.67,1,0,0,182528.44,0
15602572,999915602572,720,France,Male,33,9,0,2,1,1,142956.48,0
15674765,999915674765,553,Spain,Male,44,4,0,1,1,0,10789.3,0
15678725,999915678725,658,France,Female,29,8,0,2,0,1,130461.09,0
15694444,999915694444,648,Germany,Female,32,8,157138.99,3,1,0,190994.48,1
15795878,999915795878,636,Spain,Male,45,3,0,2,1,1,159463.8,0
15735346,999915735346,527,Germany,Female,41,10,136733.24,1,1,1,57589.29,0
15687094,999915687094,717,Germany,Female,28,9,82498.14,2,0,0,40437.67,0
15790067,999915790067,614,Spain,Male,39,3,151914.93,1,0,0,56459.45,0
15605742,999915605742,737,France,Male,43,0,80090.93,1,1,0,39920,1
15566740,999915566740,587,Spain,Male,51,3,83739.32,1,0,1,148798.45,0
15664897,999915664897,682,France,Female,35,2,181166.44,1,1,1,63737.19,1
15585777,999915585777,710,France,Male,38,3,130588.82,1,1,1,154997.64,0
15650864,999915650864,507,France,Male,42,6,0,2,1,0,34777.23,0
15806709,999915806709,609,Germany,Male,33,6,94126.67,1,0,0,93718.16,0
15633818,999915633818,786,France,Male,32,9,0,2,1,0,133112.41,0
15713845,999915713845,688,France,Male,38,7,148045.68,1,1,0,175479.92,1
15639662,999915639662,710,France,Male,38,2,0,2,1,0,96.27,0
15567013,999915567013,779,Spain,Male,33,3,0,2,1,0,30804.68,0
15777784,999915777784,733,France,Female,44,6,168165.84,1,0,1,197193.49,0
15800251,999915800251,583,Germany,Female,26,10,72835.56,2,1,0,96792.15,0
15651315,999915651315,627,France,Male,41,3,0,2,1,0,132719.8,0
15651450,999915651450,666,Germany,Male,31,3,123212.08,2,1,1,112157.31,0
15784218,999915784218,620,Spain,Male,38,0,0,2,1,1,38015.34,0
15572398,999915572398,614,Spain,Female,39,6,0,2,1,1,164018.98,0
15707962,999915707962,606,France,Male,40,6,119501.88,2,1,0,46774.94,0
15705663,999915705663,700,Germany,Female,39,5,144550.83,2,1,1,189664.43,0
15645355,999915645355,677,Germany,Male,34,3,126729.41,1,1,1,26106.39,1
15729557,999915729557,850,Germany,Male,36,5,119984.07,1,1,0,191535.11,1
15631436,999915631436,564,France,Male,35,4,0,1,1,0,158937.55,0
15583073,999915583073,771,Spain,Female,56,2,0,1,1,1,25222.6,1
15614361,999915614361,620,Spain,Male,42,9,121490.05,1,1,1,29296.74,0
15724684,999915724684,610,Spain,Male,46,5,91897.8,1,1,0,54394.28,0
15700083,999915700083,609,Spain,Male,39,2,139443.75,2,1,0,9234.06,0
15636541,999915636541,683,Germany,Male,35,5,144961.97,1,0,1,26796.73,0
15796015,999915796015,633,Germany,Male,42,3,126041.02,1,0,1,11796.89,0
15787222,999915787222,676,Germany,Male,28,1,69459.05,2,1,1,128461.29,0
15594270,999915594270,693,France,Male,38,7,198338.77,2,1,1,14278.18,0
15701524,999915701524,709,France,Male,36,0,0,2,1,0,46811.77,0
15645847,999915645847,569,Germany,Male,35,2,109196.66,3,1,0,109393.19,1
15708867,999915708867,684,Spain,Female,38,3,134168.5,3,1,0,3966.5,1
15613140,999915613140,565,France,Male,34,6,0,1,1,1,63173.64,0
15628893,999915628893,681,France,Male,29,8,0,1,1,0,66367.33,0
15764073,999915764073,503,Spain,Female,36,9,0,2,1,1,16274.67,0
15782879,999915782879,656,France,Male,40,2,0,2,1,1,180553.48,0
15635964,999915635964,566,Germany,Male,65,4,120100.41,1,1,0,107563.16,1
15726087,999915726087,592,France,Female,62,5,0,1,1,1,100941.57,0
15726313,999915726313,687,Spain,Female,50,5,0,2,1,0,110230.4,0
15578073,999915578073,686,Spain,Male,22,8,0,2,0,0,142331.85,0
15786249,999915786249,616,Spain,Male,30,2,0,2,1,0,199099.51,0
15812850,999915812850,494,Spain,Male,67,5,0,2,1,1,85890.16,0
15596972,999915596972,534,France,Male,38,3,0,1,0,0,143938.27,0
15620579,999915620579,695,Spain,Female,31,8,0,2,0,1,131644.41,0
15768270,999915768270,579,Spain,Female,31,9,0,2,1,0,112395.98,0
15656597,999915656597,432,Germany,Male,38,2,135559.8,2,1,1,71856.3,0
15699446,999915699446,816,Germany,Female,25,2,150355.35,2,1,1,35770.84,0
15615004,999915615004,730,France,Female,37,1,0,2,1,1,124364.63,0
15704771,999915704771,593,France,Female,35,6,133489.12,2,1,1,78101.29,0
15588372,999915588372,715,Germany,Female,37,9,105489.31,1,0,0,143096.49,1
15681439,999915681439,775,Germany,Male,25,10,60205.2,2,1,0,14073.11,0
15607509,999915607509,539,France,Male,38,5,0,2,1,0,47388.41,0
15670343,999915670343,576,Spain,Male,19,6,0,2,0,0,72306.07,0
15597968,999915597968,617,Spain,Male,50,7,0,1,1,0,184839.7,1
15658432,999915658432,688,France,Male,40,6,0,1,1,1,47886.44,0
15616431,999915616431,608,France,Male,33,4,0,1,0,1,130474.03,0
15796957,999915796957,597,Spain,Male,35,9,0,3,0,1,73181.39,1
15815552,999915815552,670,France,Female,42,6,112333.63,1,1,1,65706.86,0
15631871,999915631871,616,Germany,Female,57,7,116936.81,1,1,1,104379.36,0
15635870,999915635870,579,Germany,Female,50,5,117721.02,1,0,1,192146.63,1
15596713,999915596713,786,France,Male,37,7,165896.22,2,1,1,66977.68,0
15684211,999915684211,704,Spain,Female,44,9,153656.85,1,1,0,158742.81,0
15760521,999915760521,796,France,Female,50,1,94164,1,1,1,189414.74,0
15608408,999915608408,598,Spain,Male,39,1,0,2,1,0,159130.32,0
15804721,999915804721,602,France,Male,49,0,191808.73,1,0,0,97640.2,0
15730272,999915730272,619,France,Male,58,5,152199.33,1,1,1,86022.09,0
15741988,999915741988,492,Germany,Female,52,8,125396.24,1,1,0,10014.72,1
15771728,999915771728,641,Germany,Male,41,7,104405.54,3,1,0,17384.21,0
15605113,999915605113,518,France,Female,27,1,133801.49,1,1,1,143315.57,0
15661945,999915661945,623,Spain,Female,40,4,0,3,1,0,31669.18,0
15783816,999915783816,733,France,Female,28,5,0,2,0,0,12761.16,0
15721207,999915721207,625,Germany,Male,42,6,100047.33,1,1,0,93429.95,0
15764072,999915764072,759,France,Female,31,1,109848.6,1,1,1,42012.55,0
15689412,999915689412,604,France,Female,32,7,127849.38,1,1,0,15798.7,0
15798385,999915798385,512,Spain,Female,46,3,0,2,1,1,56408.14,0
15775339,999915775339,520,France,Female,29,8,95947.76,1,1,0,4696.44,0
15585256,999915585256,805,Spain,Male,26,2,0,2,1,1,25042.1,0
15797329,999915797329,626,France,Male,43,4,137638.69,1,1,0,130442.08,1
15780220,999915780220,656,France,Male,38,10,0,1,1,1,136521.82,0
15648951,999915648951,785,Spain,Male,41,7,0,2,1,1,199108.88,0
15752409,999915752409,553,France,Male,31,6,0,2,0,0,124596.63,0
15807524,999915807524,569,France,Female,44,4,0,2,0,0,134394.78,0
15766649,999915766649,670,France,Male,38,10,89416.99,1,0,0,144275.39,0
15696812,999915696812,586,Spain,Male,42,6,0,2,1,1,123410.23,0
15581295,999915581295,617,Spain,Female,45,1,0,1,1,0,143298.06,0
15663234,999915663234,508,France,Female,60,7,143262.04,1,1,1,129562.74,0
15741417,999915741417,624,Spain,Female,35,7,119656.45,2,1,1,4595.05,0
15695174,999915695174,654,France,Male,29,4,132954.64,1,1,1,146715.07,0
15665168,999915665168,681,Germany,Female,44,3,105206.7,2,1,1,163558.36,0
15601503,999915601503,578,Spain,Male,28,4,0,2,0,0,6947.09,0
15706131,999915706131,621,Spain,Female,37,9,83061.26,2,1,0,9170.54,0
15782758,999915782758,632,France,Male,40,5,147650.68,1,1,1,199674.83,0
15591091,999915591091,644,France,Male,44,5,73348.56,1,1,0,157166.79,1
15715877,999915715877,821,France,Male,28,2,0,2,1,0,46072.52,0
15756918,999915756918,754,France,Female,38,2,0,2,0,0,3524.69,0
15746662,999915746662,568,Spain,Female,27,1,116320.68,1,0,1,45563.94,0
15626679,999915626679,584,France,Male,33,3,0,2,0,1,59103.13,0
15793343,999915793343,549,France,Female,29,8,0,2,1,1,189558.44,0
15576774,999915576774,729,France,Female,38,7,0,2,0,0,45779.9,0
15801316,999915801316,523,France,Male,61,8,66250.71,1,1,1,21859.06,0
15800514,999915800514,477,Germany,Female,24,2,95675.62,2,0,0,162699.7,1
15662232,999915662232,675,Germany,Male,42,2,92616.64,2,1,0,8567.18,0
15737778,999915737778,782,Spain,Female,41,4,0,1,1,0,132943.88,0
15782096,999915782096,616,Spain,Female,36,6,0,1,1,1,12916.32,1
15783522,999915783522,738,Spain,Female,37,8,100565.94,1,1,1,128799.86,0
15785373,999915785373,717,Spain,Female,42,5,190305.78,1,1,0,99347.8,1
15756272,999915756272,526,Germany,Female,35,9,118536.4,1,1,0,40980.87,1
15615245,999915615245,660,France,Male,19,5,127649.64,1,1,1,40368.65,0
15600174,999915600174,525,France,Male,35,7,165358.77,1,0,1,94738.54,0
15752956,999915752956,629,Spain,Male,29,6,0,2,1,1,88842.8,0
15644882,999915644882,616,Germany,Female,36,10,78249.53,1,1,0,136934.91,0
15766272,999915766272,521,Germany,Female,61,0,125193.96,1,1,1,109356.53,0
15800620,999915800620,691,France,Female,29,9,0,2,0,0,199635.93,0
15569764,999915569764,687,Germany,Female,41,2,154007.21,1,1,0,158408.23,0
15747458,999915747458,677,Spain,Female,43,3,133214.88,2,1,1,95936.84,0
15573171,999915573171,695,Spain,Male,63,1,146202.93,1,1,1,126688.83,1
15736769,999915736769,663,France,Female,27,9,0,2,1,0,150850.29,0
15763381,999915763381,496,France,Male,30,0,90963.49,1,0,1,27802,0
15814430,999915814430,747,Spain,Male,41,9,0,1,1,0,32430.94,1
15638607,999915638607,546,France,Female,52,2,0,1,1,0,137332.37,1
15737133,999915737133,706,Spain,Male,68,4,114386.85,1,1,1,28601.68,0
15613945,999915613945,472,France,Female,26,5,0,2,1,0,108411.66,0
15659937,999915659937,703,France,Female,40,7,0,2,0,1,122518.5,0
15765287,999915765287,850,France,Female,38,2,0,2,1,0,9015.07,0
15661723,999915661723,667,Spain,Male,71,4,137260.78,1,0,1,94433.08,1
15766064,999915766064,559,France,Male,33,9,111060.05,2,1,0,110371.84,0
15649616,999915649616,636,Spain,Male,60,7,124447.73,1,1,1,141364.62,1
15719017,999915719017,672,France,Female,34,8,0,2,1,1,16245.25,0
15720919,999915720919,667,France,Male,42,7,0,1,0,1,108348.94,1
15706706,999915706706,648,Germany,Male,33,7,135310.41,2,0,1,171668.2,0
15709653,999915709653,497,France,Male,32,8,0,2,1,0,67364.42,0
15805104,999915805104,743,France,Female,73,6,0,2,0,1,107867.38,0
15622442,999915622442,619,France,Male,29,5,0,2,1,0,194310.1,0
15572801,999915572801,639,Spain,Male,34,5,139393.19,2,0,0,33950.08,0
15767598,999915767598,540,Spain,Male,28,8,0,2,0,0,197588.32,0
15757897,999915757897,766,France,Female,26,3,104258.8,1,1,1,428.23,0
15568104,999915568104,749,France,Female,26,6,0,2,0,1,34948.77,0
15763414,999915763414,655,Germany,Male,32,9,113447.01,1,1,0,82084.3,0
15732265,999915732265,630,France,Male,33,9,0,2,1,0,64804.59,0
15621974,999915621974,778,Germany,Female,33,4,111063.73,2,1,0,83556.65,0
15803947,999915803947,757,Germany,Female,30,6,161378.02,1,0,0,71926.28,1
15720706,999915720706,529,Spain,Female,39,2,82766.43,1,1,1,122925.44,0
15759290,999915759290,620,Spain,Male,29,9,0,2,1,0,13133.88,0
15651664,999915651664,615,France,Female,61,1,104267.7,1,1,0,62845.64,1
15795132,999915795132,735,France,Female,25,3,91718.8,1,0,0,28411.23,0
15811565,999915811565,705,Spain,Female,47,3,63488.7,1,0,1,28640.92,1
15713774,999915713774,644,Spain,Female,46,6,12459.19,1,0,0,156787.34,1
15691840,999915691840,505,Germany,Female,37,6,159863.9,2,0,1,125307.87,0
15682021,999915682021,471,Germany,Male,23,6,104592.55,2,1,0,131736.23,0
15612931,999915612931,722,Spain,Female,50,4,132088.59,1,1,1,128262.14,0
15676707,999915676707,577,Spain,Female,39,4,0,2,1,0,91366.42,0
15601383,999915601383,744,Spain,Male,44,5,120654.68,1,1,0,82290.81,0
15662662,999915662662,573,France,Female,30,6,0,2,1,0,66190.21,0
15752694,999915752694,653,France,Female,32,4,83772.95,1,0,1,23920.65,0
15590683,999915590683,660,France,Female,31,6,172325.67,1,0,1,45438.38,0
15773591,999915773591,787,France,Male,46,7,117685.31,2,1,1,93360.35,0
15723620,999915723620,617,France,Male,41,7,0,2,0,1,14496.67,0
15671779,999915671779,567,France,Male,39,5,0,2,0,0,168521.72,0
15672966,999915672966,682,Spain,Female,64,9,0,2,1,1,103318.44,0
15624667,999915624667,684,France,Male,35,6,135871.5,1,1,1,87219.41,0
15812888,999915812888,447,France,Male,41,3,0,4,1,1,197490.39,1
15724154,999915724154,625,Germany,Female,49,4,128504.76,1,1,0,126812.63,1
15749540,999915749540,585,France,Male,36,7,0,2,1,0,94283.09,0
15621063,999915621063,516,France,Female,42,8,56228.25,1,1,0,46857.52,0
15661626,999915661626,732,Germany,Female,45,6,98792.4,1,1,0,81491.7,1
15698703,999915698703,628,Germany,Male,40,5,181768.32,2,1,1,129107.97,0
15801431,999915801431,682,Spain,Female,48,9,101198.01,1,1,1,49732.9,0
15649451,999915649451,746,France,Male,25,9,0,2,0,1,88728.47,0
15626156,999915626156,655,France,Female,60,3,0,2,1,1,86981.45,0
15606158,999915606158,644,France,Female,39,9,0,1,1,0,3740.93,0
15589496,999915589496,778,France,Male,34,5,139064.06,2,0,0,67949.32,0
15730345,999915730345,617,France,Female,35,2,104508.1,1,1,1,147636.46,0
15572038,999915572038,660,Germany,Male,35,9,113948.58,1,1,0,188891.96,1
15643439,999915643439,537,France,Male,47,10,0,2,0,1,25482.62,0
15604158,999915604158,554,France,Female,39,10,0,2,1,1,18391.93,0
15657396,999915657396,806,France,Male,31,9,0,2,0,1,140168.36,0
15709478,999915709478,611,Germany,Male,37,1,117524.72,2,0,1,161064.29,0
15628824,999915628824,665,France,Female,37,5,160389.82,1,0,1,183542.08,0
15814519,999915814519,648,France,Female,37,7,0,2,1,0,194238.92,0
15636520,999915636520,692,France,Male,27,1,125547.53,1,0,0,7900.46,0
15794414,999915794414,507,Spain,Male,46,6,92783.68,1,1,1,51424.29,0
15643671,999915643671,696,Germany,Male,49,5,97036.22,2,1,0,152450.84,1
15700650,999915700650,681,France,Male,34,3,0,2,0,0,55816.2,0
15680224,999915680224,687,France,Female,26,6,0,2,1,1,32909.13,0
15784286,999915784286,641,Spain,Male,40,5,102145.13,1,1,1,100637.07,0
15693996,999915693996,507,France,Female,33,1,113452.66,1,0,0,142911.99,0
15764343,999915764343,688,Spain,Female,46,8,155681.72,1,1,0,26287.21,0
15704168,999915704168,535,Germany,Male,38,8,127475.24,1,0,0,60775.76,1
15680197,999915680197,701,France,Male,41,10,0,2,1,1,146257.77,0
15633729,999915633729,488,France,Male,43,10,112751.13,1,1,1,28332,0
15577683,999915577683,539,France,Female,29,4,0,2,1,1,100919.19,0
15800746,999915800746,674,France,Male,45,7,144889.18,1,1,1,102591.9,1
15788686,999915788686,538,Spain,Male,40,8,0,2,1,1,25554.4,0
15742798,999915742798,829,France,Female,22,7,150126.44,1,1,0,152107.93,1
15596647,999915596647,768,France,Male,54,8,69712.74,1,1,1,69381.05,0
15756070,999915756070,585,Spain,Female,44,4,0,2,0,1,101728.46,0
15775116,999915775116,581,France,Male,31,3,0,2,0,0,89040.61,0
15575428,999915575428,682,Germany,Female,35,2,117438.92,2,1,1,16910.98,0
15654074,999915654074,653,France,Male,38,8,119315.75,1,1,0,150468.35,0
15695872,999915695872,712,France,Female,30,1,89571.59,1,1,1,177613.19,0
15568885,999915568885,620,Germany,Female,34,8,102251.57,1,1,0,120672.09,0
15725036,999915725036,709,France,Male,42,9,118546.71,1,0,1,77142.85,0
15632665,999915632665,832,France,Male,61,2,0,1,0,1,127804.66,1
15571476,999915571476,635,Spain,Male,38,0,103257.14,1,0,0,158344.63,0
15776850,999915776850,749,Spain,Female,43,1,124209.02,1,1,1,167179.48,0
15623649,999915623649,629,Spain,Male,32,3,0,2,1,1,15404.64,0
15751131,999915751131,836,Spain,Female,41,7,150302.84,1,1,1,156036.19,0
15688128,999915688128,542,Spain,Male,34,8,108653.93,1,0,1,144725.14,0
15678412,999915678412,645,France,Female,45,8,85325.93,1,0,0,22558.74,0
15770291,999915770291,844,France,Female,29,8,0,2,0,0,147342.03,0
15583392,999915583392,747,Germany,Male,37,9,135776.36,3,1,0,85470.45,1
15690731,999915690731,645,France,Male,40,6,131411.24,1,1,1,194656.11,0
15697948,999915697948,752,Spain,Female,36,3,0,2,1,1,48505.1,0
15608328,999915608328,760,Spain,Female,41,6,0,2,0,0,101491.23,0
15766378,999915766378,714,Germany,Female,45,9,106431.97,2,1,1,164117.69,0
15600813,999915600813,717,France,Male,50,9,90305.76,1,1,1,124626.57,0
15706217,999915706217,645,Germany,Male,28,7,117466.03,2,1,1,34490.06,0
15601417,999915601417,681,France,Male,32,3,148884.47,2,1,1,90967.37,0
15610972,999915610972,681,Germany,Female,44,4,91115.76,2,0,0,24208.84,1
15674620,999915674620,679,Germany,Female,37,8,77373.87,2,0,1,174873.09,0
15785350,999915785350,528,Spain,Male,23,7,104744.89,1,1,0,170262.97,0
15749119,999915749119,710,France,Female,31,3,0,2,1,1,112289.06,0
15756535,999915756535,733,Germany,Male,39,5,91538.51,1,1,1,93783,0
15700965,999915700965,724,France,Female,32,6,0,2,1,1,150026.79,0
15791851,999915791851,726,France,Female,34,0,185734.75,1,1,1,102036.82,0
15717156,999915717156,520,France,Male,30,3,143396.54,2,1,1,898.51,0
15740846,999915740846,556,France,Male,40,5,125909.85,1,1,1,95124.4,0
15573284,999915573284,579,France,Female,45,2,0,2,0,0,11514.39,0
15729083,999915729083,674,France,Male,36,2,154525.7,1,0,1,27468.72,0
15611612,999915611612,570,France,Female,29,0,0,1,1,0,37092.43,0
15694381,999915694381,631,France,Male,51,8,100654.8,1,1,0,171587.9,0
15651737,999915651737,623,Spain,Male,44,1,83325.77,1,0,1,80828.78,0
15663168,999915663168,665,France,Male,35,8,110934.54,1,1,0,169287.99,0
15643426,999915643426,523,Spain,Female,36,8,113680.54,1,0,0,13197.44,0
15618245,999915618245,706,Germany,Male,31,1,117020.08,2,1,0,54439.53,0
15717527,999915717527,619,France,Female,49,9,145359.99,1,1,0,38186.85,0
15793478,999915793478,593,Germany,Female,39,8,151391.68,1,1,0,27274.6,1
15642248,999915642248,608,Spain,Male,66,8,123935.35,1,1,1,65758.19,0
15640377,999915640377,526,France,Female,36,0,0,2,1,0,97767.63,0
15723950,999915723950,684,Spain,Male,40,2,70291.02,1,1,1,115468.84,1
15590327,999915590327,604,Germany,Female,42,10,166031.45,1,1,0,98293.14,0
15706199,999915706199,636,Germany,Male,36,6,96643.32,1,0,0,182059.28,0
15671514,999915671514,669,Spain,Female,33,8,0,2,0,1,128538.05,0
15727041,999915727041,624,France,Male,71,7,0,2,1,1,108841.83,0
15738063,999915738063,631,France,Male,29,2,0,2,1,1,18581.84,0
15711733,999915711733,753,France,Male,48,4,0,2,0,1,146821.42,0
15652320,999915652320,588,France,Male,40,5,0,2,0,0,100727.68,0
15634180,999915634180,729,Germany,Male,26,4,97268.1,2,1,0,39356.38,0
15694566,999915694566,602,France,Female,42,10,0,2,0,0,169921.11,1
15726103,999915726103,689,Germany,Female,55,1,76296.81,1,1,0,42364.75,1
15646351,999915646351,486,Spain,Male,27,7,0,2,1,0,28823.04,0
15730044,999915730044,809,Germany,Female,42,6,64497.94,3,0,1,182436.81,1
15795186,999915795186,562,France,Male,38,5,0,1,1,0,115700.2,0
15784890,999915784890,763,Spain,Female,32,8,0,2,1,0,16725.53,0
15694125,999915694125,669,France,Male,57,5,0,2,1,1,56875.76,0
15565891,999915565891,709,France,Male,39,8,0,2,1,0,56214.09,0
15674254,999915674254,554,Spain,Female,45,4,0,2,1,1,193412.05,0
15775206,999915775206,699,France,Male,37,10,0,2,0,0,83263.04,0
15797627,999915797627,732,Spain,Male,54,0,134249.7,1,0,1,13404.4,0
15649853,999915649853,625,France,Female,45,3,0,1,1,1,184474.15,1
15610379,999915610379,599,France,Male,30,9,105443.68,1,1,1,121124.53,0
15659800,999915659800,584,Spain,Female,50,1,0,1,0,1,152567.75,1
15716236,999915716236,499,France,Male,35,10,0,2,1,0,10722.54,0
15672053,999915672053,526,Spain,Male,38,2,0,2,0,0,58010.98,0
15663933,999915663933,625,Germany,Female,35,5,86147.46,2,1,0,163440.8,1
15814236,999915814236,537,Spain,Female,38,1,96939.06,1,1,1,102606.92,0
15583597,999915583597,696,Spain,Male,47,1,106758.6,1,1,1,80591.18,0
15607395,999915607395,679,France,Female,33,9,112528.65,2,1,0,177362.45,0
15694556,999915694556,684,France,Male,60,2,116563.58,1,1,0,120257.7,1
15744109,999915744109,850,France,Male,32,4,0,1,1,1,180622.02,0
15800688,999915800688,495,Spain,Female,42,7,0,2,0,0,130404.53,0
15810878,999915810878,537,Spain,Female,38,6,141786.78,1,0,1,147797.54,0
15587835,999915587835,850,France,Male,41,3,136416.82,1,0,1,57844.26,0
15763515,999915763515,513,France,Male,30,5,0,2,1,0,162523.66,0
15725882,999915725882,618,Germany,Female,40,1,133245.52,2,1,1,54495.82,0
15788022,999915788022,802,Germany,Female,41,4,90757.64,2,0,1,169183.66,0
15663917,999915663917,547,France,Male,43,1,92350.36,1,0,1,80262.91,0
15656865,999915656865,613,Germany,Male,69,9,78778.49,1,0,1,8751.59,0
15667971,999915667971,592,Germany,Female,34,6,102143.93,2,1,1,102628.98,0
15800366,999915800366,546,France,Male,29,5,0,1,1,1,94823.95,0
15717231,999915717231,721,Germany,Male,37,4,98459.6,1,0,0,90821.66,0
15643188,999915643188,671,Germany,Female,47,7,114603.76,2,1,0,153194.32,1
15671351,999915671351,624,Spain,Male,35,2,0,2,1,0,87310.59,0
15573628,999915573628,751,Germany,Female,51,7,148074.79,1,1,0,146411.41,1
15698953,999915698953,636,Spain,Male,36,1,0,3,1,1,74048.1,1
15753888,999915753888,607,Spain,Female,62,8,108004.64,1,1,1,23386.77,1
15737961,999915737961,509,Germany,Female,29,0,107712.57,2,1,1,92898.17,0
15801701,999915801701,653,Spain,Male,35,9,0,2,1,1,45956.05,0
15684419,999915684419,709,Spain,Female,37,8,0,3,1,0,71738.56,0
15794266,999915794266,559,France,Male,32,9,145303.52,1,1,0,103560.98,0
15810711,999915810711,684,Germany,Male,37,4,138476.41,2,1,1,52367.29,0
15771270,999915771270,635,France,Female,27,8,127471.56,1,1,1,152916.05,1
15607786,999915607786,709,France,Male,26,6,156551.63,1,0,1,4410.77,0
15624519,999915624519,656,Germany,Female,49,9,97092.87,1,1,0,74771.22,1
15799910,999915799910,793,France,Male,32,2,0,2,1,0,193817.63,1
15602479,999915602479,609,Spain,Male,37,5,129312.79,1,1,1,26793.82,0
15617419,999915617419,618,Germany,Female,29,10,100315.1,2,1,1,32526.64,0
15657603,999915657603,850,France,Female,35,6,81684.97,1,1,0,824,0
15570379,999915570379,669,Spain,Male,51,3,88827.53,1,0,0,85250.77,1
15772996,999915772996,594,Germany,Male,40,0,152092.44,2,1,1,83508.93,0
15729574,999915729574,616,Spain,Male,71,4,0,2,1,1,173599.38,0
15737267,999915737267,676,France,Female,49,1,0,1,1,0,79342.31,1
15799128,999915799128,608,Spain,Female,38,9,102406.76,1,0,1,57600.66,0
15813327,999915813327,710,France,Male,21,4,109130.96,2,1,1,56191.99,0
15711921,999915711921,695,France,Male,29,5,0,2,1,1,6770.44,0
15654300,999915654300,530,Germany,Male,33,9,75242.28,1,0,1,101694.67,0
15569945,999915569945,509,Spain,Male,29,1,0,2,1,0,69113.14,0
15569666,999915569666,517,France,Female,45,4,0,1,0,0,172674.36,1
15681887,999915681887,758,Germany,Male,33,0,129142.54,2,1,1,26606.28,0
15608873,999915608873,665,France,Male,51,2,0,1,0,0,53353.36,0
15762091,999915762091,631,Germany,Female,22,6,139129.92,1,1,1,63747.51,0
15722053,999915722053,576,Spain,Male,33,3,0,2,0,1,190112.05,0
15782100,999915782100,544,Spain,Male,22,3,66483.32,1,0,1,110317.39,0
15765300,999915765300,596,Germany,Male,40,5,62389.03,3,1,0,148623.43,1
15743570,999915743570,481,France,Female,34,5,0,2,1,1,125253.46,0
15608541,999915608541,498,France,Male,46,1,91857.66,1,1,0,101954.78,1
15750671,999915750671,512,Spain,Male,31,6,0,2,1,0,168462.26,0
15813659,999915813659,594,France,Female,56,7,0,1,1,0,26215.85,1
15757867,999915757867,570,France,Female,30,10,176173.52,1,1,0,97045.32,1
15652914,999915652914,721,Spain,Male,38,7,0,1,0,1,53534.8,0
15723818,999915723818,453,France,Female,37,4,131834.76,2,1,0,8949.2,0
15713819,999915713819,562,France,Male,48,3,92347.96,1,1,1,163116.75,0
15656484,999915656484,682,France,Male,40,4,0,2,1,1,140745.91,0
15778515,999915778515,748,France,Male,40,3,95297.11,1,0,0,171515.84,0
15803840,999915803840,729,France,Female,32,9,0,2,0,0,150803.44,0
15735339,999915735339,663,France,Male,39,4,0,1,1,0,76884.05,0
15600392,999915600392,735,France,Female,53,8,123845.36,2,0,1,170454.93,1
15625740,999915625740,627,Germany,Male,62,3,143426.34,2,1,1,143104.3,0
15663817,999915663817,713,France,Male,46,5,0,1,1,1,55701.62,0
15734461,999915734461,562,Germany,Male,31,2,112708.2,1,0,1,186370.3,0
15780142,999915780142,632,France,Male,43,2,100013.51,1,1,0,24275.32,0
15709920,999915709920,479,France,Female,33,2,208165.53,1,0,0,50774.81,1
15684248,999915684248,658,Spain,Male,21,7,0,2,0,1,154279.87,0
15643158,999915643158,598,France,Female,40,9,0,1,1,0,68462.59,1
15693902,999915693902,597,France,Male,19,2,0,2,1,1,91036.74,0
15578307,999915578307,512,France,Female,33,6,121685.31,2,1,1,83681.97,0
15585379,999915585379,704,France,Male,39,2,111525.02,1,1,0,199484.96,0
15758510,999915758510,474,France,Male,26,6,0,2,0,0,152491.22,0
15692918,999915692918,604,Germany,Male,36,10,113546.3,1,1,1,134875.37,0
15705301,999915705301,683,France,Male,41,6,95696.52,2,1,1,184366.14,0
15718231,999915718231,537,France,Male,28,0,88963.31,2,1,1,189839.93,0
15567991,999915567991,794,Spain,Male,31,0,144880.34,2,0,1,175643.44,0
15772650,999915772650,732,France,Male,55,9,136576.02,1,0,1,3268.17,1
15574795,999915574795,495,France,Female,38,2,63093.01,1,1,1,47089.72,0
15706036,999915706036,552,Germany,Male,38,10,132271.12,2,1,1,46562.02,0
15723856,999915723856,602,France,Female,29,3,88814.4,2,1,1,62487.97,0
15812920,999915812920,607,Germany,Male,40,5,90594.55,1,0,1,181598.25,0
15691287,999915691287,675,Germany,Female,33,0,141816.25,1,1,0,64815.05,1
15804797,999915804797,443,France,Female,54,3,138547.97,1,1,1,70196.23,1
15708650,999915708650,727,France,Female,31,2,52192.08,2,0,1,160383.47,0
15712777,999915712777,482,France,Male,38,4,124976.19,1,1,0,35848.12,0
15786469,999915786469,686,France,Female,34,1,0,2,1,0,87278.48,0
15669219,999915669219,588,Germany,Male,35,3,104356.38,1,1,0,94498.82,0
15641004,999915641004,605,Spain,Female,48,10,150315.92,1,0,1,133486.36,0
15648067,999915648067,583,France,Male,39,1,129299.28,2,1,0,73107.6,0
15704014,999915704014,738,Germany,Male,37,7,140950.92,2,1,0,195333.98,0
15645136,999915645136,744,Spain,Male,30,1,128065.12,1,1,0,121525.48,0
15709604,999915709604,781,France,Male,23,2,107433.48,1,1,0,173843.21,0
15713637,999915713637,699,France,Male,34,2,117468.67,1,1,0,185227.42,0
15793901,999915793901,639,France,Female,27,2,0,2,0,0,125244.18,0
15569759,999915569759,583,France,Female,27,4,0,3,1,0,163113.41,0
15712930,999915712930,587,France,Male,42,1,0,1,0,0,123006.91,0
15586504,999915586504,694,France,Male,40,9,0,2,1,0,40463.03,0
15677317,999915677317,570,France,Female,29,4,153040.03,1,1,1,131363.57,1
15664270,999915664270,692,Germany,Male,45,6,142084.04,4,1,0,188305.85,1
15731519,999915731519,511,France,Female,30,5,0,2,1,0,143994.86,0
15745623,999915745623,788,France,Male,32,4,112079.58,1,0,0,89368.59,0
15813862,999915813862,526,Spain,Male,66,7,132044.6,2,1,1,158365.89,0
15641934,999915641934,749,Spain,Female,46,9,66582.81,1,1,0,78753.12,1
15713043,999915713043,691,France,Female,33,6,0,2,1,1,100408.31,0
15700749,999915700749,481,France,Female,39,6,0,1,1,1,24677.54,0
15697567,999915697567,752,France,Male,33,4,0,2,1,1,39570.78,0
15715414,999915715414,658,France,Female,38,6,102895.1,1,0,0,155665.76,0
15639530,999915639530,679,Spain,Male,42,2,0,1,1,1,168294.27,0
15726058,999915726058,754,Germany,Male,27,7,117578.35,2,0,1,87908.01,0
15725665,999915725665,679,France,Male,47,10,198546.1,2,1,0,191198.92,1
15698872,999915698872,633,Spain,Female,39,2,0,2,0,0,191207.03,0
15812184,999915812184,674,France,Female,31,1,0,1,1,0,128954.05,0
15742609,999915742609,600,Germany,Male,28,2,116623.31,1,0,1,59905.29,0
15815043,999915815043,645,Spain,Male,49,8,0,2,1,0,162012.6,0
15640648,999915640648,698,France,Male,36,6,0,2,0,1,19231.98,0
15627203,999915627203,508,Spain,Male,54,10,0,1,1,1,175749.36,0
15786196,999915786196,555,France,Female,44,3,105770.7,3,1,0,60533.96,1
15612095,999915612095,751,France,Female,48,9,0,1,1,0,137508.42,1
15674368,999915674368,738,France,Female,39,1,94435.45,2,0,1,189430.86,0
15783477,999915783477,706,Germany,Female,39,8,112889.91,1,0,1,6723.66,0
15757559,999915757559,595,France,Female,53,7,0,2,1,0,41371.68,1
15591036,999915591036,577,Germany,Female,43,3,127940.47,1,0,0,125140.72,1
15761241,999915761241,578,Germany,Female,36,8,129745.1,1,1,1,143683.75,0
15695078,999915695078,699,France,Male,32,3,0,2,1,1,170770.44,0
15645744,999915645744,826,France,Female,30,5,0,2,0,1,157397.57,0
15566988,999915566988,656,Germany,Female,46,7,141535.52,1,1,0,50595.15,1
15749300,999915749300,556,France,Female,47,2,139914.27,1,1,1,50390.98,0
15594340,999915594340,569,France,Male,41,4,120243.49,1,1,0,163150.03,1
15607065,999915607065,765,France,Male,34,9,91835.16,1,0,0,138280.17,0
15778089,999915778089,544,Spain,Male,37,2,0,2,0,0,135067.02,0
15773723,999915773723,588,Spain,Female,22,9,67178.19,1,1,1,163534.75,1
15697035,999915697035,740,Spain,Female,31,8,0,2,0,0,86657.48,0
15679668,999915679668,850,Spain,Male,38,7,115378.94,1,0,1,162087.82,0
15709861,999915709861,766,Germany,Male,30,4,127786.28,2,1,1,28879.3,0
15791958,999915791958,849,France,Female,41,6,0,2,1,1,169203.51,1
15791030,999915791030,612,France,Female,33,0,64900.32,2,1,0,102426.12,0
15695339,999915695339,517,Germany,Male,53,0,109172.88,1,1,0,54676.1,1
15658813,999915658813,645,France,Female,55,7,0,2,1,1,18369.33,0
15715709,999915715709,696,Germany,Male,43,4,114091.38,1,0,1,159888.1,0
15722533,999915722533,716,France,Female,40,3,0,2,0,1,167636.15,0
15683118,999915683118,590,France,Male,32,9,0,2,1,0,138889.15,0
15672798,999915672798,656,France,Female,45,7,145933.27,1,1,1,199392.14,0
15680112,999915680112,473,Germany,Female,35,7,131504.73,1,1,0,189560.43,0
15714575,999915714575,742,Germany,Female,44,8,107926.02,1,0,1,17375.27,1
15806808,999915806808,834,Germany,Female,57,8,112281.6,3,1,0,140225.14,1
15590637,999915590637,721,France,Male,41,7,0,2,0,1,61018.85,0
15657535,999915657535,590,Spain,Male,29,10,0,1,1,1,51907.72,1
15696141,999915696141,516,Spain,Female,31,7,0,1,1,0,47018.75,0
15811947,999915811947,850,France,Male,33,0,124781.67,1,0,1,33700.52,0
15649024,999915649024,748,France,Female,39,9,132865.56,1,1,1,59636.43,1
15594928,999915594928,798,Germany,Female,38,4,129055.13,1,1,0,157147.59,0
15765532,999915765532,612,Germany,Male,76,6,96166.88,1,1,1,191393.26,0
15741719,999915741719,540,France,Female,40,3,165298.12,1,0,1,199862.75,0
15665629,999915665629,719,Spain,Female,33,7,0,2,1,0,20016.59,0
15728917,999915728917,598,France,Male,48,6,120682.53,1,1,0,30635.52,1
15762993,999915762993,796,Spain,Male,32,5,102773.15,2,0,1,117832.88,0
15571193,999915571193,579,Germany,Male,42,0,144386.32,1,1,1,22497.1,1
15653521,999915653521,850,Germany,Female,40,7,104449.8,1,1,1,747.88,0
15802220,999915802220,599,Spain,Male,35,6,137102.65,1,0,0,76870.81,0
15644132,999915644132,724,France,Female,30,9,142475.87,1,1,1,107848.24,0
15600832,999915600832,508,France,Female,43,9,0,1,1,0,103726.71,0
15797919,999915797919,773,Spain,Male,37,2,103195.2,2,1,0,178268.36,0
15603743,999915603743,526,France,Male,28,1,112070.44,1,0,1,126281.83,0
15579714,999915579714,542,France,Female,29,7,0,2,0,1,196651.72,0
15634295,999915634295,470,France,Male,35,1,96473.59,1,0,0,5962.3,0
15786680,999915786680,805,Spain,Male,37,5,0,2,1,0,21928.81,0
15623499,999915623499,548,Germany,Male,49,9,108437.89,1,0,0,127022.87,1
15691823,999915691823,672,France,Male,37,5,153195.59,1,1,1,162763.01,0
15809279,999915809279,773,France,Male,45,8,96877.21,1,1,1,113950.51,0
15758039,999915758039,614,France,Male,44,6,0,2,0,1,104930.46,0
15807163,999915807163,537,France,Female,38,10,0,1,0,0,52337.97,1
15631639,999915631639,704,France,Female,40,6,95452.89,1,0,1,179964.55,0
15713770,999915713770,586,Spain,Male,41,3,63873.56,1,1,0,83753.64,0
15698167,999915698167,677,France,Female,24,0,148298.59,2,0,0,182913.95,0
15781710,999915781710,558,Spain,Female,31,7,0,2,1,0,166720.28,0
15801296,999915801296,634,Germany,Female,37,7,143258.85,2,1,0,192721.98,0
15704378,999915704378,655,Germany,Male,37,9,121342.24,1,1,1,180241.44,0
15767891,999915767891,619,Germany,Female,28,6,99152.73,2,1,0,48475.12,0
15640667,999915640667,662,France,Female,41,4,0,2,1,0,126551.48,0
15702145,999915702145,705,Spain,Male,33,7,68423.89,1,1,1,64872.55,0
15679738,999915679738,527,Spain,Female,35,8,0,1,1,0,98031.53,1
15636634,999915636634,630,Germany,Female,25,7,79656.81,1,1,0,93524.22,0
15809227,999915809227,850,France,Male,35,2,0,2,1,1,56991.66,0
15601811,999915601811,668,France,Female,53,10,110240.04,1,0,0,183980.56,1
15625494,999915625494,573,France,Female,32,9,125321.84,2,1,1,130234.63,0
15723737,999915723737,680,France,Male,27,3,0,1,1,0,32454.26,0
15682955,999915682955,758,France,Female,32,2,84378.9,1,1,1,75396.43,0
15758856,999915758856,597,France,Male,45,7,0,2,0,0,167756.45,0
15746065,999915746065,580,Germany,Male,35,10,136281.41,2,1,1,24799.47,0
15783865,999915783865,622,France,Male,59,5,119380.37,1,1,1,60429.43,0
15745455,999915745455,638,Germany,Male,62,4,108716.59,2,1,1,74241.09,0
15583033,999915583033,640,France,Female,20,4,0,2,0,1,78310.82,0
15644212,999915644212,644,Spain,Male,28,0,0,2,1,0,119419.37,0
15735688,999915735688,753,France,Female,31,6,106596.29,1,0,0,91305.77,0
15658577,999915658577,629,France,Female,37,10,99546.25,3,0,1,25136.95,1
15606887,999915606887,775,France,Female,30,5,0,1,1,0,193880.6,1
15783026,999915783026,701,France,Female,41,2,0,1,1,0,47856.78,0
15579892,999915579892,708,Spain,Male,19,7,112615.86,1,1,1,4491.77,0
15802088,999915802088,521,Spain,Female,22,10,0,1,1,1,101311.95,0
15589323,999915589323,636,France,Female,24,9,0,2,0,1,38830.72,0
15636395,999915636395,529,France,Female,31,5,0,2,1,0,26817.23,0
15712772,999915712772,757,France,Male,28,3,75381.15,1,1,1,199727.72,0
15700937,999915700937,767,Spain,Female,24,5,0,2,1,1,67445.85,0
15766659,999915766659,525,Spain,Male,33,5,0,2,1,0,161002.29,0
15814033,999915814033,759,Spain,Male,38,1,0,2,1,0,20778.39,0
15783007,999915783007,520,Germany,Female,45,1,123086.39,1,1,1,41042.4,1
15654183,999915654183,738,France,Female,26,3,0,2,1,0,67484.16,0
15609899,999915609899,548,Spain,Male,37,4,0,1,1,0,121763.68,0
15747323,999915747323,535,Spain,Male,48,9,109472.47,1,1,0,157358.43,1
15582591,999915582591,615,Spain,Male,59,4,155766.05,1,1,1,110275.17,0
15738835,999915738835,850,Germany,Male,38,7,101985.81,2,0,0,43801.27,0
15782404,999915782404,487,France,Female,34,2,96019.5,1,0,0,9085,0
15697480,999915697480,731,France,Male,30,7,0,2,0,1,143086.09,0
15697045,999915697045,726,Spain,Female,35,9,0,2,0,1,100556.98,0
15781234,999915781234,609,France,Female,35,2,147900.43,1,1,0,140000.29,0
15579891,999915579891,714,France,Male,52,4,100755.66,1,1,1,186775.25,0
15805690,999915805690,694,Spain,Female,35,7,0,1,1,0,133570.43,1
15612139,999915612139,786,France,Female,33,0,83036.05,1,0,1,154990.58,1
15568834,999915568834,698,Spain,Male,27,6,125427.37,2,0,0,27654.44,0
15709917,999915709917,601,France,Female,46,3,98202.76,1,0,0,137763.93,0
15718843,999915718843,769,Spain,Male,41,1,72509.91,1,1,0,25723.73,0
15799494,999915799494,850,Germany,Male,44,3,140393.65,2,0,1,186285.52,0
15673439,999915673439,646,Spain,Female,50,5,142644.64,2,1,1,142208.5,1
15669011,999915669011,659,France,Female,44,9,23503.31,1,0,1,169862.01,1
15581388,999915581388,487,Spain,Male,33,8,145729.71,1,1,0,41365.85,0
15743153,999915743153,740,Germany,Female,40,2,122295.17,2,1,1,30812.84,0
15579787,999915579787,686,France,Male,39,4,0,2,1,0,155023.93,0
15759966,999915759966,612,Spain,Female,36,5,119799.27,2,1,0,159416.58,0
15601045,999915601045,655,Spain,Male,37,8,163708.58,2,0,0,76259.23,0
15764021,999915764021,617,France,Male,34,1,61687.33,2,1,0,105965.25,0
15687218,999915687218,674,France,Female,27,4,79144.34,1,0,1,50743.83,0
15626452,999915626452,711,Spain,Male,32,5,0,2,1,1,147720.27,0
15700964,999915700964,624,Germany,Female,27,7,104848.68,1,1,1,167387.36,0
15768887,999915768887,597,Spain,Male,26,5,0,2,0,1,95159.13,0
15735358,999915735358,682,Spain,Male,46,4,0,1,1,1,4654.28,0
15749472,999915749472,775,France,Male,45,8,0,1,1,0,130376.68,0
15685872,999915685872,727,France,Female,29,1,146652.01,1,1,1,173486.39,0
15760851,999915760851,629,France,Male,31,6,0,2,1,0,93881.75,0
15734588,999915734588,684,France,Male,46,0,0,2,1,1,36376.97,0
15784594,999915784594,549,Germany,Female,37,1,130622.34,2,1,1,128499.94,0
15606435,999915606435,593,Germany,Male,69,2,187013.13,2,0,1,105898.69,0
15790247,999915790247,536,Spain,Male,40,9,0,2,1,1,11959.03,0
15676433,999915676433,707,France,Female,36,6,0,1,0,0,98810.78,0
15625905,999915625905,592,Spain,Male,41,0,0,2,1,0,65906.07,0
15626414,999915626414,703,France,Male,44,6,98862.54,1,1,0,151516.7,0
15623220,999915623220,723,Spain,Female,45,4,0,2,1,0,37214.39,0
15752857,999915752857,452,Germany,Male,52,1,98443.14,2,0,0,92033.98,0
15677908,999915677908,552,Spain,Male,42,4,0,2,0,0,195692.3,0
15773013,999915773013,633,France,Female,47,0,0,1,1,1,6342.84,1
15623972,999915623972,479,Germany,Female,23,9,123575.51,1,0,1,95148.28,0
15738627,999915738627,768,France,Male,25,6,0,2,1,1,21215.67,0
15643392,999915643392,742,France,Male,31,4,105239.1,1,1,1,19700.24,0
15684868,999915684868,668,Germany,Male,56,9,110993.79,1,1,0,134396.64,1
15627854,999915627854,707,Spain,Male,44,3,0,2,1,1,135077.01,0
15669253,999915669253,754,Spain,Male,39,7,157691.98,2,1,0,133600.89,1
15758023,999915758023,544,Germany,Male,47,5,105245.21,1,0,0,99922.08,1
15574558,999915574558,718,Spain,Male,32,8,0,2,1,1,41399.33,0
15635256,999915635256,762,France,Male,31,7,117687.35,1,1,1,159344.43,0
15680399,999915680399,772,France,Male,23,2,0,2,1,0,18364.19,0
15674720,999915674720,691,Germany,Female,37,7,123067.63,1,1,1,98162.44,1
15580249,999915580249,502,France,Male,45,0,0,1,0,0,84663.21,0
15675431,999915675431,563,France,Female,34,6,0,2,0,0,36536.93,0
15698285,999915698285,676,France,Female,41,4,101457.14,1,1,1,79101.67,0
15810775,999915810775,576,Spain,Male,52,2,100549.43,2,1,1,16644.16,0
15678173,999915678173,629,Spain,Male,35,4,174588.8,2,0,1,158420.14,0
15665222,999915665222,625,Spain,Male,52,8,121161.57,1,1,0,48988.28,0
15803908,999915803908,628,France,Male,45,9,0,2,1,1,96862.56,0
15586039,999915586039,471,Germany,Female,36,5,90063.74,2,1,1,96366.7,0
15802570,999915802570,811,France,Female,45,5,0,2,1,1,146123.19,0
15781451,999915781451,504,France,Male,42,3,134936.97,2,0,0,135178.91,0
15721019,999915721019,687,France,Female,24,3,110495.27,1,1,0,158615.41,0
15738588,999915738588,660,Germany,Female,37,2,133200.09,1,0,0,71433.88,0
15730657,999915730657,548,France,Female,41,4,82596.8,1,0,1,55672.09,0
15739292,999915739292,609,Germany,Male,31,9,103837.75,1,1,1,150218.11,0
15725945,999915725945,659,Spain,Female,42,2,0,1,0,0,162734.31,1
15813159,999915813159,526,France,Male,52,8,93590.47,1,0,1,21228.71,1
15636820,999915636820,725,Germany,Male,40,8,104149.66,1,1,0,62027.9,0
15603880,999915603880,519,Germany,Male,38,1,114141.64,1,1,1,60988.21,1
15619494,999915619494,562,Germany,Female,31,9,117153,1,1,1,108675.01,0
15596992,999915596992,482,Germany,Male,45,7,156353.46,1,1,0,72643.95,1
15735025,999915735025,535,Spain,Male,37,3,175534.78,2,1,1,9241.52,0
15730759,999915730759,561,France,Female,27,9,135637,1,1,0,153080.4,1
15752912,999915752912,661,France,Female,30,7,0,2,1,0,72196.57,0
15711316,999915711316,771,France,Male,27,2,0,2,1,1,199527.34,0
15738785,999915738785,545,France,Male,26,7,0,2,0,1,156598.23,0
15777896,999915777896,850,Germany,Female,33,2,83415.04,1,0,1,74917.64,0
15628963,999915628963,601,Germany,Male,43,3,141859.12,2,1,1,111249.62,0
15742126,999915742126,712,Germany,Male,38,7,132767.66,2,1,1,59115.77,0
15575623,999915575623,589,France,Female,31,10,110635.32,1,1,0,148218.86,0
15741652,999915741652,600,Spain,Male,37,8,177657.35,1,1,1,77142.32,0
15738884,999915738884,642,Germany,Male,41,4,157777.58,1,1,0,67484.6,0
15615050,999915615050,575,Germany,Male,47,9,107915.94,2,1,1,63452.18,1
15803005,999915803005,570,Germany,Female,57,5,86568.75,1,0,1,103660.31,0
15743498,999915743498,532,Germany,Male,52,9,137755.76,1,1,0,163191.99,1
15720463,999915720463,796,France,Male,30,2,137262.71,2,1,0,62905.29,0
15588695,999915588695,833,Spain,Male,32,6,0,1,1,1,44323.22,1
15665802,999915665802,642,Spain,Female,36,6,0,2,1,1,97938.59,0
15571144,999915571144,655,France,Male,28,10,0,2,0,1,126565.21,0
15750731,999915750731,736,Germany,Male,50,9,116309.01,1,1,0,185360.4,1
15605134,999915605134,617,France,Female,34,0,131244.65,2,1,0,183229.02,0
15626044,999915626044,762,Germany,Male,28,3,125155.83,2,1,1,106024.02,0
15737910,999915737910,703,Germany,Male,35,5,140691.08,2,1,0,167810.26,0
15761076,999915761076,507,France,Male,41,3,58820.32,2,1,1,138536.09,0
15710105,999915710105,581,Germany,Female,26,3,105099.45,1,1,1,184520,1
15577402,999915577402,593,France,Male,31,9,0,2,0,1,20492.16,0
15803337,999915803337,648,France,Male,23,9,168372.52,1,1,0,134676.72,0
15654372,999915654372,462,Germany,Male,34,1,94682.56,2,1,0,138478.2,0
15585867,999915585867,596,Spain,Male,36,2,0,2,0,1,125557.95,0
15662488,999915662488,627,France,Female,44,5,0,2,1,0,82969.61,1
15604813,999915604813,494,France,Male,40,7,0,2,0,1,158071.69,0
15611644,999915611644,627,France,Male,73,0,146329.73,1,0,1,43615.67,0
15674928,999915674928,850,Spain,Male,37,2,0,2,1,0,119969.99,0
15656100,999915656100,632,France,Female,49,5,167962.7,1,0,0,140201.21,0
15764293,999915764293,490,France,Male,33,1,0,2,1,1,80792.83,0
15636423,999915636423,715,France,Male,40,7,0,1,1,1,141359.11,0
15607629,999915607629,679,France,Male,48,8,0,2,1,0,23344.94,0
15577313,999915577313,619,France,Male,44,3,116967.68,1,1,0,5075.17,1
15714493,999915714493,465,Spain,Female,33,6,0,2,1,1,95500.98,0
15643359,999915643359,736,Spain,Male,32,7,0,1,0,1,79082.62,0
15687913,999915687913,501,Germany,Female,34,7,93244.42,1,0,1,199805.63,0
15790935,999915790935,535,France,Female,29,5,0,2,0,1,52709.55,0
15708693,999915708693,759,France,Female,33,2,0,2,1,0,56583.88,0
15672016,999915672016,819,France,Male,35,1,0,2,0,1,3385.04,0
15727605,999915727605,533,Germany,Male,43,4,80442.06,2,0,1,12537.42,0
15651144,999915651144,632,Germany,Female,35,2,150561.03,2,0,0,64722.61,0
15749401,999915749401,686,France,Male,60,9,0,3,1,1,75246.21,1
15691874,999915691874,687,France,Female,34,9,125474.44,1,1,0,198929.84,0
15620735,999915620735,667,Germany,Female,33,4,127076.68,2,1,0,69011.66,0
15769781,999915769781,699,Spain,Female,25,8,0,2,1,1,52404.47,0
15624611,999915624611,497,Spain,Male,37,8,128650.11,2,1,1,163641.53,0
15773071,999915773071,780,Spain,Female,33,6,145580.61,1,1,1,154598.56,0
15720371,999915720371,652,France,Female,51,3,0,1,1,0,173989.47,1
15717984,999915717984,477,France,Male,47,9,144900.58,1,1,0,61315.37,1
15806407,999915806407,652,France,Female,37,4,0,2,1,0,143393.24,0
15785042,999915785042,488,France,Female,31,8,97588.6,1,0,0,124210.53,0
15809302,999915809302,572,France,Male,24,1,0,2,1,1,151460.84,0
15677550,999915677550,755,France,Female,38,1,0,2,1,0,20734.81,0
15654096,999915654096,779,Germany,Female,24,10,122200.31,2,1,0,43705.56,0
15617320,999915617320,693,Spain,Female,46,3,151709.33,1,1,0,180736.24,0
15653065,999915653065,530,Spain,Female,22,7,0,2,1,0,104170.48,0
15649112,999915649112,738,Spain,Female,33,3,122134.4,2,0,1,27867.59,0
15690526,999915690526,690,Germany,Male,31,2,137260.45,2,1,0,55387.28,0
15806945,999915806945,611,France,Female,30,9,88594.14,1,1,0,196332.45,0
15670066,999915670066,643,Spain,Male,34,6,0,2,1,1,116046.22,0
15625761,999915625761,632,Germany,Male,41,8,127205.32,4,1,0,93874.87,1
15761525,999915761525,727,Spain,Female,31,10,96997.09,2,0,0,76614.04,0
15735080,999915735080,508,France,Female,64,2,0,1,1,1,6076.62,0
15619537,999915619537,550,France,Male,31,5,142200.19,2,1,1,122221.71,0
15598162,999915598162,754,Germany,Female,39,3,160761.41,1,1,1,24156.03,0
15694300,999915694300,759,France,Male,26,4,0,2,1,0,135394.62,0
15637235,999915637235,794,Spain,Male,33,8,0,2,0,0,91340.02,0
15612444,999915612444,549,France,Male,29,3,0,2,1,0,146090.38,0
15626457,999915626457,671,France,Male,31,0,116234.61,1,1,0,172096.08,0
15627995,999915627995,756,Germany,Female,26,5,155143.52,1,0,1,135034.57,1
15706128,999915706128,632,France,Female,21,1,0,2,1,0,84008.66,0
15666430,999915666430,579,France,Male,38,8,0,2,0,0,91763.67,0
15627385,999915627385,748,France,Male,34,5,84009.47,1,1,1,137001.1,0
15581323,999915581323,488,Germany,Female,28,7,139246.22,2,1,0,106799.49,0
15608109,999915608109,710,Germany,Male,58,7,170113,2,0,1,10494.64,0
15801942,999915801942,619,Spain,Female,41,8,0,3,1,1,79866.73,1
15567431,999915567431,773,France,Male,64,2,145578.28,1,0,1,186172.85,0
15810167,999915810167,657,Spain,Male,75,7,126273.95,1,0,1,91673.6,0
15644501,999915644501,579,France,Female,26,10,162482.76,1,1,1,18458.2,0
15785290,999915785290,542,France,Male,29,9,0,1,1,0,8342.35,0
15611157,999915611157,709,France,Female,32,2,87814.89,1,1,0,138578.37,0
15673837,999915673837,617,Spain,Male,61,3,113858.95,1,1,1,38129.22,0
15656822,999915656822,568,Germany,Male,43,5,87612.64,4,1,1,107155.4,1
15580560,999915580560,769,France,Female,73,1,0,1,1,1,29792.11,0
15760641,999915760641,608,Germany,Male,26,1,106648.98,1,0,1,7063.6,0
15587584,999915587584,503,Spain,Male,31,4,0,2,1,1,21645.06,0
15604146,999915604146,608,Germany,Female,38,8,103653.51,2,1,1,137079.86,0
15813974,999915813974,731,Germany,Male,37,3,116880.53,1,0,0,172718.35,1
15746986,999915746986,850,Germany,Female,40,4,97990.49,2,0,0,106691.02,0
15759741,999915759741,591,Germany,Female,34,4,150635.3,1,1,1,72274.84,0
15734892,999915734892,579,Spain,Male,37,4,0,2,1,1,32246.63,0
15797194,999915797194,570,France,Male,39,10,129674.89,2,1,0,80552.36,0
15723786,999915723786,709,France,Female,37,9,0,2,1,0,16733.59,0
15642726,999915642726,611,France,Male,53,3,83568.26,1,0,0,1235.49,0
15664339,999915664339,775,Spain,Male,48,4,178144.91,2,0,0,50168.41,1
15754526,999915754526,699,Germany,Male,36,6,147137.74,1,1,1,33687.9,0
15703037,999915703037,618,France,Male,37,5,0,1,0,1,178705.45,1
15751412,999915751412,704,France,Male,36,3,114370.41,1,0,1,66810.48,0
15609558,999915609558,835,Germany,Female,47,5,108289.28,2,1,1,45859.55,1
15572408,999915572408,714,Germany,Male,39,3,149887.49,2,1,0,63846.36,0
15613923,999915613923,581,Spain,Female,43,4,170172.9,1,0,1,100236.02,0
15747000,999915747000,592,France,Male,27,3,0,2,1,1,19645.65,0
15731781,999915731781,551,France,Male,43,7,0,2,1,0,178393.68,0
15727198,999915727198,689,Germany,Female,28,2,64808.32,2,0,0,78591.15,0
15794273,999915794273,604,France,Female,56,0,62732.65,1,0,1,124954.56,0
15804950,999915804950,514,France,Female,41,7,0,2,1,1,3756.65,0
15576304,999915576304,698,France,Male,29,5,95167.55,1,1,1,152723.23,0
15645200,999915645200,581,Germany,Female,54,2,152508.99,1,1,0,187597.98,1
15779627,999915779627,573,Germany,Male,31,0,134644.19,1,1,1,70381.49,0
15750755,999915750755,449,Spain,Female,33,8,0,2,0,0,156792.89,0
15569654,999915569654,850,Germany,Female,31,3,51293.47,1,0,0,35534.68,0
15753079,999915753079,612,France,Male,41,5,0,3,0,0,151256.22,0
15684995,999915684995,690,Spain,Male,49,8,116622.73,1,0,1,51011.29,0
15790763,999915790763,599,Spain,Female,49,2,0,2,1,0,111190.53,0
15766458,999915766458,498,France,Male,33,1,198113.86,1,1,0,69664.35,0
15616221,999915616221,497,France,Female,29,4,85646.81,1,0,0,63233.02,1
15776124,999915776124,802,Spain,Male,51,7,0,1,0,1,40855.79,0
15665811,999915665811,644,France,Male,33,9,141234.98,1,1,0,95673.05,0
15729804,999915729804,714,France,Male,34,10,0,2,1,1,80234.14,0
15714062,999915714062,690,France,Female,40,9,77641.99,1,0,0,189051.59,1
15592197,999915592197,522,Spain,Male,30,3,0,2,1,0,145490.85,0
15793116,999915793116,502,Germany,Female,40,7,117304.29,1,0,0,196278.32,0
15638231,999915638231,730,Spain,Female,62,2,0,2,1,1,162889.1,0
15697678,999915697678,590,Germany,Male,36,6,92340.69,2,1,1,174667.58,0
15800412,999915800412,458,Germany,Male,35,9,146780.52,2,1,1,3476.38,0
15597610,999915597610,553,Spain,Male,41,6,144974.55,1,1,1,19344.92,0
15726634,999915726634,479,France,Male,47,1,0,1,1,0,95270.83,0
15670866,999915670866,693,France,Male,31,2,0,2,1,1,107759.31,0
15667462,999915667462,707,Spain,Male,43,10,0,2,1,0,118368.2,0
15662574,999915662574,636,Spain,Male,37,1,115137.26,1,1,0,52484.01,0
15716926,999915716926,807,France,Male,33,10,101952.97,2,1,0,178153.65,0
15603554,999915603554,513,France,Female,45,0,164649.52,3,1,0,49915.52,1
15716800,999915716800,582,France,Male,31,2,0,2,1,1,33747.03,0
15679429,999915679429,694,France,Male,32,0,91956.49,1,1,1,59961.81,0
15616122,999915616122,777,France,Male,39,8,0,2,1,1,18613.52,0
15742172,999915742172,598,Germany,Male,32,9,123938.6,2,1,0,198894.42,0
15792305,999915792305,762,Germany,Male,46,6,123571.77,3,0,1,57014.17,1
15636016,999915636016,588,France,Female,34,3,120777.88,1,1,1,131729.52,0
15733138,999915733138,663,Germany,Male,42,5,90248.79,1,1,1,79169.73,0
15669741,999915669741,777,France,Male,36,7,0,1,1,0,106472.34,0
15616954,999915616954,592,France,Male,71,4,0,2,0,1,17013.54,0
15729238,999915729238,631,Germany,Male,48,1,106396.48,1,1,1,150661.42,1
15718242,999915718242,725,Germany,Female,47,1,104887.43,1,0,0,86622.56,1
15682914,999915682914,850,France,Male,34,2,72079.71,1,1,1,115767.93,0
15654274,999915654274,540,France,Male,37,6,0,2,1,0,141998.89,0
15691457,999915691457,674,Spain,Male,36,2,0,2,1,1,182787.17,0
15719649,999915719649,553,France,Male,38,3,99844.68,1,0,0,187915.7,0
15778897,999915778897,630,France,Female,28,1,0,2,1,1,133267.78,0
15589437,999915589437,466,France,Male,26,3,156815.71,1,1,1,137476.09,0
15682369,999915682369,613,France,Male,47,6,146034.74,1,1,1,77146.14,0
15626507,999915626507,558,France,Male,27,1,152283.39,1,1,0,183271.15,0
15571995,999915571995,775,Germany,Female,33,1,118897.1,2,1,1,26362.4,0
15673333,999915673333,698,Germany,Male,52,8,96781.39,1,1,1,153373.71,0
15748752,999915748752,608,Germany,Male,33,1,102772.67,2,1,0,70705.58,0
15725302,999915725302,670,Spain,Female,20,4,0,2,1,0,119759.24,0
15722083,999915722083,591,Spain,Male,39,8,0,2,0,0,42392.24,0
15771442,999915771442,633,France,Male,40,4,150578,1,0,1,34670.62,1
15803633,999915803633,678,France,Female,46,1,0,2,0,0,82106.19,0
15672185,999915672185,590,France,Male,47,3,0,2,1,0,171774.5,0
15806486,999915806486,705,France,Female,48,0,0,2,0,0,149772.61,0
15570895,999915570895,608,France,Male,42,10,163548.07,1,1,0,38866.85,0
15614520,999915614520,682,France,Female,37,8,148580.12,1,1,0,35179.18,0
15687492,999915687492,596,Germany,Male,32,3,96709.07,2,0,0,41788.37,0
15675337,999915675337,395,Germany,Female,34,5,106011.59,1,1,1,17376.57,1
15721047,999915721047,578,Germany,Male,37,1,135650.88,1,1,0,199428.19,0
15589017,999915589017,547,Germany,Male,55,4,111362.76,3,1,0,16922.28,1
15611186,999915611186,609,France,Male,37,1,39344.83,1,1,1,178291.89,1
15617301,999915617301,774,Germany,Male,36,9,130809.77,1,1,0,152290.28,0
15726046,999915726046,712,France,Female,27,2,133009.51,1,1,0,126809.15,0
15585748,999915585748,585,Germany,Female,28,9,135337.49,2,1,1,40385.61,0
15672826,999915672826,666,France,Female,32,10,112536.57,2,1,1,34350.54,0
15595162,999915595162,708,Spain,Female,35,8,122570.69,1,0,0,199005.88,0
15650026,999915650026,513,France,Male,44,1,63562.02,2,0,1,52629.73,1
15745826,999915745826,445,France,Male,37,3,0,2,1,1,180012.39,0
15708610,999915708610,690,Germany,Male,44,9,100368.63,2,0,0,35342.33,0
15624471,999915624471,850,France,Male,37,6,0,2,1,0,109291.22,0
15590097,999915590097,537,Spain,Female,33,7,136082,1,1,0,62746.54,0
15689328,999915689328,705,Germany,Male,48,9,114169.16,1,0,0,173273.2,1
15582154,999915582154,670,France,Female,45,5,47884.92,1,1,1,54340.24,0
15734626,999915734626,652,Spain,Female,36,1,0,2,1,1,19302.78,0
15702806,999915702806,696,Spain,Male,24,9,0,1,0,0,10883.52,0
15620756,999915620756,747,France,Male,49,6,202904.64,1,1,1,17298.72,1
15611331,999915611331,511,France,Female,46,1,0,1,1,1,115779.48,1
15576935,999915576935,743,Spain,Male,43,2,161807.18,2,0,1,93228.86,1
15661275,999915661275,532,Germany,Male,52,3,110791.97,1,1,0,148704.77,1
15814940,999915814940,642,Spain,Female,33,9,0,2,1,1,150475.14,0
15768471,999915768471,554,Germany,Female,54,6,108755,1,1,0,40914.32,1
15697391,999915697391,604,Spain,Female,34,3,0,2,1,0,38587.7,0
15793346,999915793346,602,France,Female,72,3,0,2,1,1,171260.66,0
15608338,999915608338,757,Spain,Female,55,9,117294.12,4,1,0,94187.47,1
15578546,999915578546,491,Germany,Male,26,4,102251.14,1,1,1,145900.89,0
15656921,999915656921,850,France,Male,31,4,0,2,0,0,152298.28,0
15761340,999915761340,521,France,Male,22,5,0,2,1,1,99828.45,0
15591135,999915591135,726,France,Male,37,2,132057.92,2,1,0,34743.98,0
15623219,999915623219,596,France,Male,33,8,0,1,1,0,121189.3,1
15655229,999915655229,850,Germany,Female,35,7,114285.2,1,0,1,129660.59,0
15805884,999915805884,637,France,Female,41,9,0,2,1,0,145477.36,0
15668289,999915668289,690,Spain,Male,32,2,76087.98,1,0,1,151822.66,0
15568562,999915568562,689,France,Male,40,8,160272.27,1,1,0,49656.24,0
15773276,999915773276,633,Spain,Male,63,4,114552.6,1,1,0,73856.28,1
15622801,999915622801,555,France,Female,27,8,102000.17,1,1,1,116757,0
15779886,999915779886,563,Spain,Male,24,7,0,2,0,0,16319.56,0
15713673,999915713673,494,France,Female,33,1,137853,1,0,1,90273.85,0
15783083,999915783083,534,France,Male,27,9,0,2,1,0,161344.13,0
15742824,999915742824,696,Germany,Male,42,7,162318.61,1,1,0,121061.89,0
15621550,999915621550,535,Spain,Female,50,1,140292.58,3,0,0,69531.22,1
15799480,999915799480,600,France,Male,34,0,0,2,0,1,3756.23,0
15625247,999915625247,807,France,Female,34,1,0,1,0,0,114448.13,0
15755241,999915755241,714,France,Female,52,2,0,1,0,1,144045.08,1
15575679,999915575679,590,France,Male,24,7,126431.54,1,1,0,58781.11,0
15668235,999915668235,614,France,Female,41,3,123475.04,1,1,1,179227.52,0
15683183,999915683183,766,Germany,Female,45,6,97652.96,1,1,0,127332.33,0
15684592,999915684592,557,Spain,Male,42,4,0,2,0,1,86642.38,0
15591169,999915591169,788,Germany,Female,49,4,137455.99,1,1,0,184178.29,1
15653455,999915653455,648,France,Female,38,2,0,2,0,1,9551.49,0
15732563,999915732563,726,Germany,Female,33,7,99046.31,2,1,1,56053.06,0
15656471,999915656471,773,France,Male,33,9,0,2,1,1,1118.31,0
15598510,999915598510,583,Germany,Male,27,4,105907.42,2,1,1,195732.04,0
15766427,999915766427,565,Germany,Male,52,5,97720.35,2,1,0,175070.94,1
15785342,999915785342,705,France,Male,25,9,0,2,0,1,112331.19,0
15641595,999915641595,685,Spain,Male,43,4,97392.18,2,1,0,43956.83,0
15798429,999915798429,741,France,Male,29,8,0,2,1,1,115994.52,0
15648136,999915648136,658,Germany,Female,28,9,152812.58,1,1,0,166682.57,0
15812482,999915812482,575,France,Male,27,3,139301.68,1,1,0,99843.98,0
15790810,999915790810,844,France,Female,41,10,76319.64,1,1,1,141175.18,1
15687421,999915687421,559,Spain,Male,67,9,125919.35,1,1,0,175910.95,1
15765643,999915765643,725,France,Male,37,6,124348.38,2,0,1,176984.34,0
15654878,999915654878,450,France,Male,29,7,117199.8,1,1,1,43480.63,0
15686835,999915686835,738,Germany,Female,57,9,148384.64,1,0,0,155047.11,1
15768340,999915768340,642,Germany,Female,19,3,113905.48,1,1,1,176137.2,0
15673599,999915673599,618,Spain,Male,32,5,133476.09,1,0,1,154843.4,0
15689096,999915689096,590,France,Male,47,0,117879.32,1,1,1,8214.46,0
15684294,999915684294,735,France,Male,50,2,0,2,0,1,147075.69,0
15615828,999915615828,550,France,Male,34,8,122359.5,1,0,0,116495.55,0
15746012,999915746012,729,Spain,Female,28,0,0,2,1,1,31165.06,1
15615797,999915615797,743,Germany,Male,59,5,108585.35,1,1,1,192127.22,1
15788494,999915788494,555,France,Male,31,8,145875.74,1,1,0,137491.23,0
15793856,999915793856,667,Spain,Female,36,3,121542.57,2,1,1,186841.71,0
15629545,999915629545,790,Spain,Female,41,7,109508.68,1,0,0,86776.38,0
15661198,999915661198,727,Germany,Male,34,2,146407.11,1,1,1,72073.72,0
15715117,999915715117,744,France,Female,39,6,0,1,0,0,10662.58,0
15701074,999915701074,629,Germany,Male,35,8,112330.83,1,1,1,91001.02,0
15793046,999915793046,619,France,Female,35,4,90413.12,1,1,1,20555.21,0
15623744,999915623744,634,France,Male,34,8,105302.66,1,1,1,123164.97,0
15611329,999915611329,608,Spain,Female,35,6,0,2,1,1,143463.28,0
15740428,999915740428,507,France,Female,35,1,0,2,0,0,92131.54,0
15781534,999915781534,536,Germany,Female,35,4,121520.36,1,0,0,77178.42,0
15618243,999915618243,730,Spain,Female,43,1,103960.38,1,1,1,193650.16,0
15784161,999915784161,583,Germany,Male,39,8,102945.01,1,0,0,52861.89,0
15700325,999915700325,644,France,Female,24,8,92760.55,1,1,0,35896.75,0
15659064,999915659064,790,Spain,Male,37,8,0,2,1,1,149418.41,0
15658364,999915658364,807,Germany,Female,40,1,134590.21,1,1,1,46253.65,0
15704340,999915704340,581,France,Female,37,10,104255.03,1,1,0,86609.37,0
15793455,999915793455,627,Spain,Female,55,6,0,1,0,0,91943.94,1
15579777,999915579777,850,France,Male,41,3,0,2,1,0,128892.36,0
15632345,999915632345,754,France,Female,35,4,0,2,1,0,44830.71,0
15814468,999915814468,551,Germany,Male,50,1,121399.98,1,0,1,84508.44,1
15754820,999915754820,637,Germany,Male,35,8,147127.81,2,1,1,84760.7,0
15707505,999915707505,699,Spain,Male,31,8,125927.51,2,1,0,147661.47,0
15699507,999915699507,542,France,Female,25,7,0,2,0,1,82393.08,0
15799600,999915799600,640,Germany,Male,48,1,111599.32,1,0,1,135995.58,0
15794472,999915794472,553,France,Female,27,3,0,2,0,0,159800.16,0
15646632,999915646632,741,France,Male,38,9,0,2,1,0,14379.01,0
15676353,999915676353,598,France,Male,35,8,114212.6,1,1,1,74322.85,0
15566312,999915566312,660,Spain,Female,42,5,0,3,1,1,189016.24,1
15570414,999915570414,618,Spain,Male,41,4,115251.64,1,0,0,136435.75,0
15776743,999915776743,647,France,Male,43,9,0,2,1,1,78488.39,0
15674637,999915674637,491,France,Female,68,3,107571.61,1,0,1,113695.99,0
15730418,999915730418,652,France,Female,32,2,0,2,1,0,54628.11,0
15739972,999915739972,650,Germany,Female,45,9,152367.21,3,1,0,150835.21,1
15661591,999915661591,413,Germany,Male,39,1,130969.77,2,1,1,158891.79,0
15675585,999915675585,416,Germany,Female,25,0,97738.97,2,1,1,160523.33,0
15814750,999915814750,629,Spain,Male,34,8,0,2,1,1,180595.02,0
15593454,999915593454,678,Spain,Female,40,4,113794.22,1,1,0,16618.76,0
15663421,999915663421,527,Spain,Male,28,6,128396.33,2,1,0,79919.97,0
15576196,999915576196,743,Spain,Female,48,5,118207.69,2,0,0,186489.14,1
15677324,999915677324,683,Germany,Male,73,9,124730.26,1,1,1,51999.5,0
15568742,999915568742,536,France,Female,41,9,0,1,1,0,121299.14,0
15693764,999915693764,663,Spain,Male,52,0,136298.65,1,1,0,144593.3,1
15714260,999915714260,646,France,Female,38,2,0,2,0,0,178752.73,0
15798200,999915798200,707,France,Male,35,2,0,3,1,1,94148.3,0
15656627,999915656627,602,France,Male,34,5,0,2,1,1,77414.45,0
15791111,999915791111,635,France,Female,47,2,125724.95,2,1,0,63236.97,0
15638269,999915638269,597,France,Male,67,2,0,2,0,1,108645.85,0
15807473,999915807473,503,France,Male,38,1,0,2,1,1,95153.24,0
15708534,999915708534,524,Spain,Female,64,5,0,1,1,0,136079.64,1
15640686,999915640686,700,France,Male,46,5,95872.86,1,1,0,98273.01,1
15588904,999915588904,692,France,Male,33,9,0,1,1,0,113505.93,1
15768763,999915768763,562,France,Male,37,2,0,1,0,1,52525.15,1
15770543,999915770543,679,France,Male,37,7,74260.03,1,1,0,194617.98,0
15642162,999915642162,603,Germany,Male,35,1,123407.69,1,1,0,152541.89,1
15714046,999915714046,720,Spain,Male,33,3,123783.91,2,1,1,142903.44,0
15575060,999915575060,797,France,Male,24,5,0,2,1,0,182257.61,0
15812040,999915812040,594,France,Male,36,6,153880.15,1,0,0,135431.72,0
15812073,999915812073,529,France,Female,31,7,0,2,1,1,175697.87,0
15706810,999915706810,606,Germany,Female,32,1,106301.85,2,0,1,59061.25,0
15584090,999915584090,621,Spain,Female,40,7,0,2,0,1,131283.6,1
15810807,999915810807,513,France,Female,43,9,0,2,1,0,152499.8,0
15582033,999915582033,753,Germany,Male,44,3,138076.47,1,1,0,15523.09,1
15687607,999915687607,605,France,Female,30,9,135422.31,1,0,1,186418.85,0
15588406,999915588406,574,Spain,Female,37,7,0,2,1,0,32262.28,0
15784099,999915784099,726,France,Female,38,5,126875.62,1,1,0,128052.29,0
15701352,999915701352,611,Spain,Female,28,3,96381.68,2,1,0,181419.29,0
15789371,999915789371,593,Germany,Female,41,4,119703.1,2,1,1,109783.29,0
15602845,999915602845,466,Germany,Male,41,2,152102.18,2,1,0,181879.56,0
15707918,999915707918,741,Germany,Female,36,0,127675.39,2,1,0,74260.16,0
15602812,999915602812,684,Germany,Female,44,2,133776.86,2,0,1,49865.04,0
15675888,999915675888,550,Spain,Female,33,9,72788.03,1,1,1,103608.06,0
15591822,999915591822,593,Spain,Male,26,9,76226.9,1,1,0,167564.82,0
15738501,999915738501,601,Germany,Male,48,9,163630.76,1,0,1,41816.49,1
15585907,999915585907,676,Spain,Female,30,5,0,2,0,0,179066.58,0
15579040,999915579040,556,France,Female,46,10,0,2,0,0,109184.24,0
15804211,999915804211,719,France,Male,36,3,155423.17,1,1,1,199841.32,0
15736126,999915736126,850,Germany,Male,55,0,98710.89,1,1,1,83617.17,1
15745399,999915745399,649,Spain,Female,49,2,0,1,1,0,84863.85,1
15760749,999915760749,509,Spain,Male,41,7,126683.8,1,0,1,114775.53,0
15637118,999915637118,684,France,Male,33,4,140700.61,1,1,0,103557.93,0
15657829,999915657829,806,Germany,Male,30,8,168078.83,1,1,0,85028.36,1
15738497,999915738497,729,Spain,Male,44,4,107726.93,2,1,0,153064.87,0
15690695,999915690695,683,France,Female,33,9,0,2,1,1,38784.42,0
15762351,999915762351,689,Spain,Female,63,1,0,2,1,1,186526.12,0
15791172,999915791172,672,Germany,Female,21,1,35741.69,1,1,0,28789.94,0
15598982,999915598982,602,Germany,Female,53,5,98268.84,1,0,1,45038.29,1
15734765,999915734765,739,France,Female,20,4,133800.98,1,0,1,150245.81,0
15642912,999915642912,618,France,Female,21,2,125682.79,1,0,0,57762,0
15769516,999915769516,674,France,Female,42,9,0,2,1,0,4292.72,0
15789379,999915789379,762,France,Male,26,6,130428.78,1,1,0,173365.89,0
15695103,999915695103,790,Spain,Male,37,6,0,2,1,1,119484.01,0
15801924,999915801924,754,Spain,Female,27,8,0,2,0,0,121821.16,0
15767804,999915767804,729,France,Male,44,6,0,2,1,0,151733.43,0
15718039,999915718039,606,Germany,Female,47,0,137138.2,2,0,1,53784.22,0
15579994,999915579994,616,France,Male,23,8,73112.95,1,1,1,62733.05,0
15595037,999915595037,772,France,Male,47,9,152347.01,1,0,1,17671.78,0
15600720,999915600720,652,Spain,Male,41,8,115144.68,1,1,0,188905.43,0
15782608,999915782608,743,France,Male,43,5,0,2,0,0,113079.19,1
15566894,999915566894,793,France,Male,39,3,137817.52,1,0,0,83997.79,0
15749123,999915749123,743,Spain,Male,45,7,157332.26,1,1,0,125424.42,0
15668943,999915668943,746,France,Male,37,2,0,2,1,0,143194.05,0
15577423,999915577423,627,Germany,Female,39,5,124586.93,1,1,0,93132.61,1
15623102,999915623102,713,Spain,Male,38,6,116980.78,2,0,1,76038.38,0
15728012,999915728012,678,Spain,Female,40,3,128398.38,1,1,0,168658.3,0
15683363,999915683363,540,Spain,Male,39,1,0,1,0,1,108419.41,0
15699335,999915699335,615,Germany,Female,33,3,137657.25,2,1,1,171657.57,0
15574369,999915574369,415,Spain,Male,53,5,167259.44,1,1,1,22357.25,0
15703167,999915703167,628,France,Female,45,8,0,2,1,0,193903.06,0
15754874,999915754874,700,France,Male,26,4,119009.57,1,1,0,141926.43,0
15723216,999915723216,623,Germany,Male,33,2,80002.33,1,1,1,104079.62,0
15725094,999915725094,623,France,Female,37,4,140211.88,1,1,1,93832.33,0
15647974,999915647974,679,France,Female,44,3,118742.74,2,1,0,1568.91,0
15583371,999915583371,632,Spain,Male,37,1,138207.08,1,1,0,60778.11,1
15772559,999915772559,790,France,Female,47,10,148636.21,1,0,1,16119.96,1
15711251,999915711251,514,France,Male,45,1,178827.79,1,1,0,60375.18,0
15719212,999915719212,491,France,Male,33,5,83134.3,1,1,0,187946.55,0
15764927,999915764927,753,France,Male,92,3,121513.31,1,0,1,195563.99,0
15731412,999915731412,693,Germany,Female,37,6,95900.04,1,1,1,38196.24,0
15719170,999915719170,679,France,Female,30,1,112543.42,1,1,1,179435.21,0
15596011,999915596011,529,Spain,Male,34,9,0,1,1,1,93208.22,0
15614834,999915614834,619,Spain,Female,31,3,141751.82,1,0,1,61531.86,0
15600510,999915600510,680,Spain,Female,37,6,124140.57,2,1,0,92826.35,0
15625706,999915625706,693,Germany,Male,45,2,116546.59,2,0,0,23140.28,1
15781409,999915781409,834,France,Female,28,6,0,1,1,0,74287.53,0
15722583,999915722583,636,Spain,Female,29,6,157576.47,2,1,1,101102.39,0
15677243,999915677243,538,Spain,Male,43,5,0,2,1,0,126933.73,0
15815070,999915815070,566,Germany,Female,44,5,141428.99,2,0,0,68408.74,0
15705899,999915705899,597,Spain,Male,35,0,127510.99,1,1,1,155356.34,0
15701522,999915701522,711,France,Female,29,9,0,2,0,1,3234.8,0
15755978,999915755978,606,France,Male,31,10,0,2,1,0,195209.4,0
15722090,999915722090,615,Spain,Male,51,6,81818.49,1,1,1,169149.38,0
15783526,999915783526,589,France,Male,36,1,100895.54,1,1,1,68075.14,0
15632125,999915632125,606,Germany,Male,45,5,63832.43,1,1,1,93707.8,0
15688395,999915688395,582,France,Male,29,4,0,2,0,0,156153.27,0
15666975,999915666975,710,France,Female,36,4,116085.06,1,1,0,58601.61,0
15682211,999915682211,467,France,Male,57,1,0,2,1,1,114448.77,0
15637411,999915637411,749,France,Male,30,1,0,2,0,1,126551.65,0
15591512,999915591512,564,Germany,Female,33,2,115761.51,1,0,1,112350.21,1
15606855,999915606855,730,Spain,Male,26,6,0,2,1,1,185808.7,0
15763683,999915763683,678,Germany,Male,32,4,139626.01,1,1,1,118235.52,1
15641782,999915641782,540,France,Female,31,7,0,1,0,1,183051.6,1
15677184,999915677184,767,France,Female,35,6,115576.44,1,0,1,27922.45,0
15775042,999915775042,615,France,Female,23,4,0,2,1,0,196476.19,0
15616630,999915616630,583,Germany,Female,41,5,77647.6,1,1,0,190429.52,0
15800233,999915800233,850,France,Female,40,5,0,2,1,0,35034.15,0
15588419,999915588419,651,Germany,Female,34,10,148962.46,1,1,0,66389.43,1
15595557,999915595557,798,France,Male,22,8,0,2,1,0,107615.43,0
15626143,999915626143,695,France,Male,37,2,0,2,1,1,99692.65,0
15566030,999915566030,497,Germany,Male,41,5,80542.81,1,0,0,88729.22,1
15701412,999915701412,739,France,Male,40,4,0,2,0,0,173321.65,0
15702464,999915702464,549,France,Female,34,4,0,2,0,0,139463.57,0
15573348,999915573348,850,France,Male,35,9,102050.47,1,1,1,3769.71,0
15704160,999915704160,648,Spain,Male,49,5,0,1,1,0,149946.43,1
15693704,999915693704,679,France,Female,24,6,114948.76,2,0,1,135768.25,0
15664752,999915664752,606,Germany,Male,39,8,136000.45,2,1,0,31708.53,0
15628292,999915628292,850,France,Male,32,4,156001.68,2,1,1,151677.31,0
15621195,999915621195,619,Germany,Male,41,3,147974.16,2,1,0,170518.83,0
15668629,999915668629,719,Spain,Male,44,2,0,2,1,0,196582.19,0
15635197,999915635197,640,Germany,Male,26,5,90402.77,1,1,1,3298.65,0
15592761,999915592761,710,France,Male,40,5,0,2,0,0,162878.96,0
15574283,999915574283,580,France,Male,31,2,0,2,0,1,64014.24,0
15598097,999915598097,550,France,Male,44,9,0,2,1,0,26257.01,0
15711352,999915711352,841,France,Female,31,3,162701.65,2,1,1,126794.56,0
15620751,999915620751,760,France,Male,34,2,0,2,1,0,164162.44,0
15656717,999915656717,687,France,Female,30,6,0,2,0,0,179206.92,0
15643121,999915643121,753,Germany,Female,35,5,82453.96,2,0,0,18254.75,0
15723671,999915723671,661,France,Male,35,9,100107.99,1,1,0,83949.68,0
15752846,999915752846,699,France,Male,28,7,0,2,1,1,22684.78,0
15640852,999915640852,617,Germany,Female,39,5,83348.89,3,1,0,7953.62,1
15789313,999915789313,595,Germany,Female,44,4,96553.52,2,1,0,143952.24,1
15793688,999915793688,669,France,Male,50,9,201009.64,1,1,0,158032.5,1
15770405,999915770405,613,France,Female,27,5,125167.74,1,1,0,199104.52,0
15702561,999915702561,782,France,Male,32,9,0,1,1,1,87566.97,0
15625964,999915625964,582,France,Female,43,5,153313.67,1,0,0,170563.73,0
15761364,999915761364,679,France,Male,30,9,0,2,1,0,157871.55,0
15590286,999915590286,611,France,Female,40,2,125879.29,1,1,0,93203.43,0
15587978,999915587978,455,Germany,Female,37,6,170057.62,1,0,1,54398.56,0
15773242,999915773242,621,France,Male,32,1,0,2,1,1,168779.47,0
15761053,999915761053,596,Germany,Male,48,2,131326.47,1,0,0,1140.02,1
15702095,999915702095,585,Spain,Female,56,1,128472.8,1,1,0,186476.91,1
15764253,999915764253,742,France,Male,32,6,160485.16,1,1,0,29023.03,0
15700801,999915700801,850,Germany,Male,42,6,84445.68,3,0,1,60021.34,1
15730590,999915730590,738,Germany,Female,40,1,115409.18,2,0,0,180456.8,0
15643916,999915643916,619,Spain,Male,46,8,62400.48,1,1,1,132498.39,1
15720636,999915720636,628,France,Female,50,4,143054.56,1,0,1,109608.81,1
15795429,999915795429,487,France,Male,24,7,133628.09,2,1,1,98570.01,0
15609254,999915609254,513,Spain,Female,41,9,107135.04,2,1,1,160546.58,0
15625141,999915625141,563,Spain,Male,26,7,0,2,0,0,6139.74,0
15810898,999915810898,803,France,Female,65,2,151659.52,2,0,1,6930.17,0
15775797,999915775797,607,Spain,Female,32,7,0,3,0,1,10674.62,0
15795246,999915795246,628,Germany,Female,51,9,155903.82,2,1,1,71159.84,0
15795275,999915795275,521,Spain,Female,49,4,82940.25,2,0,0,62413.01,1
15571869,999915571869,669,Germany,Female,50,4,112650.89,1,0,0,166386.22,1
15694143,999915694143,686,France,Female,41,10,0,1,1,0,133086.45,0
15748231,999915748231,700,Germany,Male,35,4,95853.39,2,1,0,192933.37,0
15632185,999915632185,663,France,Female,42,1,82228.67,2,1,0,71359.78,0
15806249,999915806249,671,Spain,Female,31,4,0,2,0,1,79270.02,0
15743293,999915743293,651,Germany,Female,35,1,163700.78,3,1,1,29583.48,1
15598157,999915598157,728,France,Male,34,4,106328.08,1,1,0,88680.65,0
15700946,999915700946,574,France,Female,34,7,152992.91,1,1,1,134691.2,0
15722692,999915722692,464,France,Male,38,3,116439.65,1,1,0,75574.48,0
15696506,999915696506,604,Spain,Male,27,9,101352.78,1,0,0,30252.3,0
15728823,999915728823,836,Spain,Female,37,10,0,2,1,0,111324.41,0
15808851,999915808851,511,Germany,Female,75,9,105609.17,1,0,1,105425.18,0
15675231,999915675231,518,France,Female,45,8,0,2,1,1,36193.07,0
15732299,999915732299,756,France,Male,67,4,0,3,1,1,93081.87,0
15706269,999915706269,489,France,Female,47,8,103894.38,2,1,1,107625.46,0
15590078,999915590078,622,Spain,Male,27,9,139834.93,1,1,1,152733.89,0
15776985,999915776985,652,France,Female,36,6,112518.71,2,0,1,110421.31,0
15756743,999915756743,625,France,Female,37,7,115895.42,1,1,0,48486.25,0
15782364,999915782364,521,Spain,Female,39,3,146408.68,1,0,0,72993.67,0
15604093,999915604093,546,France,Male,34,4,165363.31,2,1,1,25744.13,1
15749328,999915749328,697,France,Female,45,1,0,2,1,0,46807.62,1
15656322,999915656322,571,Germany,Male,33,3,71843.15,1,1,0,26772.04,0
15685564,999915685564,748,Spain,Male,35,5,105492.53,1,1,1,150057.2,0
15785831,999915785831,591,France,Male,35,7,183027.25,1,1,1,56028.79,0
15796218,999915796218,814,Germany,Male,29,1,131968.57,2,1,1,147693.92,0
15716218,999915716218,709,France,Female,45,3,104118.5,1,0,1,174032,0
15572735,999915572735,433,Spain,Male,27,2,0,2,1,1,153698.65,0
15633840,999915633840,781,France,Male,20,0,125023.1,2,1,1,108301.45,0
15608760,999915608760,656,France,Female,30,4,74323.2,1,1,1,22929.08,0
15627848,999915627848,683,France,Male,38,7,109346.13,2,1,0,102665.92,0
15792029,999915792029,620,France,Male,32,6,0,2,1,0,56139.09,0
15617331,999915617331,637,Germany,Female,39,3,109698.41,1,1,1,88391.29,1
15651740,999915651740,525,Spain,Female,30,5,0,2,0,1,149195.44,0
15636407,999915636407,793,Germany,Female,34,5,127758.09,1,1,0,143357.03,0
15607526,999915607526,638,Germany,Male,50,1,102645.48,1,1,0,168359.98,1
15632576,999915632576,520,France,Male,31,4,93249.4,1,1,0,77335.75,0
15581505,999915581505,641,France,Male,35,5,0,2,1,0,93148.93,0
15612207,999915612207,840,Germany,Female,51,1,87779.83,1,0,1,36687.11,1
15707242,999915707242,504,Spain,Male,40,5,0,2,0,0,146703.36,0
15721937,999915721937,686,France,Male,38,0,138131.34,1,0,1,115927.85,0
15773852,999915773852,533,Germany,Male,38,4,70362.52,2,1,1,104189.46,0
15719778,999915719778,577,France,Female,32,1,0,2,1,0,9902.39,0
15650538,999915650538,445,Germany,Female,48,7,168286.58,1,1,0,16645.77,1
15797475,999915797475,720,France,Male,44,3,86102.27,1,1,0,180134.88,1
15780359,999915780359,643,Germany,Male,25,4,115142.9,1,1,1,148098.95,0
15737104,999915737104,652,Germany,Female,47,0,126597.89,2,1,1,38798.79,1
15789936,999915789936,663,France,Female,33,2,0,2,1,0,153295,0
15709523,999915709523,525,Germany,Female,30,0,157989.21,2,1,1,100687.67,0
15593425,999915593425,662,Spain,Female,54,1,187997.15,1,0,0,111442.71,1
15776725,999915776725,724,Germany,Male,54,8,172192.49,1,1,1,136902.01,0
15604706,999915604706,581,Germany,Male,38,1,133105.47,1,1,0,105732.9,1
15790958,999915790958,685,Spain,Male,38,4,0,2,1,1,35884.91,0
15747534,999915747534,595,France,Male,46,10,0,1,1,0,73489.15,1
15574237,999915574237,588,France,Female,21,8,0,2,1,1,110114.19,0
15690332,999915690332,647,Germany,Male,35,3,192407.97,1,1,1,40145.28,0
15661290,999915661290,785,Germany,Female,38,9,107199.75,1,0,0,146398.51,0
15651883,999915651883,794,Germany,Female,55,6,115796.7,1,1,0,160526.36,1
15808905,999915808905,823,France,Male,37,5,164858.18,1,1,1,173516.71,0
15715532,999915715532,687,Germany,Male,38,4,117633.28,1,0,1,88396.6,0
15786078,999915786078,850,France,Female,28,9,0,2,1,0,185821.41,0
15652401,999915652401,496,France,Female,36,7,0,2,0,0,108098.28,0
15673074,999915673074,527,Germany,Female,30,6,126663.51,1,1,1,162267.91,0
15598744,999915598744,576,Germany,Female,71,6,140273.47,1,1,1,193135.25,1
15785975,999915785975,525,Spain,Female,60,7,0,2,0,1,168034.9,0
15613180,999915613180,727,Germany,Male,21,8,153344.72,1,1,1,163295.87,0
15584229,999915584229,671,Germany,Female,23,9,123943.18,1,1,1,159553.27,0
15773804,999915773804,625,France,Male,39,5,0,1,1,0,99800.87,0
15699515,999915699515,643,Germany,Male,33,7,98630.31,2,1,1,40250.82,0
15705313,999915705313,707,France,Female,33,2,58036.33,1,1,1,83335.78,0
15693817,999915693817,539,Spain,Male,28,5,0,2,1,0,48382.4,0
15673790,999915673790,498,Germany,Male,45,7,109200.74,2,0,1,165990.44,0
15674868,999915674868,696,Spain,Female,30,0,0,2,1,1,9002.8,0
15692110,999915692110,758,France,Female,33,7,0,1,1,0,188156.34,0
15645904,999915645904,685,France,Female,33,6,0,2,0,1,186785.01,0
15581332,999915581332,655,Germany,Female,30,1,83173.98,2,1,1,184259.6,0
15808544,999915808544,747,France,Female,40,3,0,1,0,0,57817.84,1
15734948,999915734948,601,Spain,Male,24,7,0,2,0,0,144660.42,0
15654531,999915654531,477,France,Male,22,5,82559.42,2,0,0,163112.9,1
15637774,999915637774,558,France,Male,32,5,73494.21,1,0,0,136301.1,0
15677141,999915677141,586,Spain,Male,29,2,132450.24,1,1,1,36176.63,0
15739578,999915739578,850,France,Male,49,6,128663.9,1,1,0,65769.3,1
15697360,999915697360,505,France,Female,36,2,79951.9,1,0,1,174123.16,1
15655213,999915655213,591,Germany,Female,51,8,132508.3,1,1,1,161304.68,1
15580872,999915580872,761,Germany,Female,38,1,120530.13,2,1,0,109394.62,0
15683213,999915683213,554,France,Female,35,10,74988.59,2,0,1,190155.13,0
15801188,999915801188,774,France,Female,47,6,94722.88,1,0,1,61450.96,0
15645029,999915645029,771,Spain,Female,33,5,0,2,1,0,8673.43,0
15633181,999915633181,792,France,Male,31,6,71269.89,2,0,1,125912.77,0
15598259,999915598259,673,Germany,Female,41,9,98612.1,1,1,0,151349.35,0
15576000,999915576000,765,France,Male,40,6,138033.55,1,1,1,67972.45,0
15766047,999915766047,748,France,Female,41,2,91621.69,1,1,1,71139.31,0
15596339,999915596339,422,France,Male,54,3,140014.42,1,0,1,86350.97,0
15715199,999915715199,568,Spain,Male,27,5,126815.97,2,0,1,118648.12,0
15615938,999915615938,502,France,Female,64,3,139663.37,1,0,1,100995.11,0
15679991,999915679991,524,France,Female,28,7,0,2,0,1,147100.72,0
15626135,999915626135,689,France,Male,34,1,165312.27,1,1,0,155495.63,0
15792934,999915792934,661,France,Male,26,8,0,2,0,0,196875.87,0
15744046,999915744046,606,Spain,Male,33,8,0,2,1,1,63176.77,0
15700826,999915700826,678,Germany,Female,54,1,123699.28,2,0,1,105221.76,0
15756301,999915756301,636,Germany,Female,29,3,97325.15,1,0,1,131924.38,0
15586517,999915586517,647,France,Male,32,5,97041.16,1,1,1,23132.73,0
15751297,999915751297,732,France,Male,36,5,0,2,1,0,161428.25,0
15710365,999915710365,646,France,Male,50,0,104129.24,2,1,0,181794.86,1
15679307,999915679307,559,France,Female,43,1,0,1,0,1,86634.3,0
15610753,999915610753,581,France,Male,28,3,104367.5,1,1,1,29937.75,0
15811036,999915811036,565,France,Male,46,7,135369.71,1,0,1,140130.22,0
15610912,999915610912,657,Spain,Female,41,6,112119.48,1,1,0,17536.82,0
15619932,999915619932,847,France,Male,66,7,123760.68,1,0,1,53157.16,0
15746199,999915746199,558,France,Female,41,6,0,1,1,1,143585.29,1
15584967,999915584967,596,Spain,Male,57,6,0,2,1,1,72402,0
15734365,999915734365,579,France,Male,39,5,0,2,0,1,39891.84,0
15726960,999915726960,741,France,Female,36,3,0,2,1,1,89804.83,0
15665177,999915665177,613,France,Male,44,3,0,2,0,1,136491.72,0
15779915,999915779915,694,Spain,Male,31,5,0,1,1,0,35593.18,0
15729110,999915729110,729,Spain,Female,42,7,0,2,1,0,58268.2,1
15575399,999915575399,480,France,Female,42,1,152160.21,2,1,0,101778.9,0
15678374,999915678374,666,France,Female,59,5,0,2,1,1,185123.09,0
15792679,999915792679,575,France,Male,24,2,0,2,1,1,119927.81,0
15668767,999915668767,850,France,Male,36,3,0,2,1,0,195033.07,0
15761886,999915761886,740,France,Male,36,4,172381.8,1,1,1,86480.29,0
15583076,999915583076,588,Germany,Male,41,6,106116.56,2,1,0,198766.61,0
15815615,999915815615,681,France,Male,36,5,141952.07,1,1,1,185144.08,0
15591942,999915591942,611,Spain,Female,33,7,0,2,1,1,3729.89,0
15724924,999915724924,589,France,Female,37,6,138497.84,1,0,1,18988.58,0
15762123,999915762123,717,Spain,Female,34,1,0,2,1,0,119313.74,0
15567893,999915567893,556,Germany,Male,33,3,124213.36,2,1,0,62627.55,0
15648989,999915648989,850,France,Male,37,4,126872.6,1,1,0,197266.58,0
15662021,999915662021,685,Spain,Female,42,2,0,2,0,0,199992.48,0
15691627,999915691627,713,France,Female,37,8,0,1,1,1,16403.41,0
15731751,999915731751,437,France,Female,26,1,120923.52,1,0,1,78854.57,0
15635277,999915635277,605,Spain,Male,47,7,142643.54,1,1,0,189310.27,0
15655252,999915655252,758,Germany,Male,41,10,79857.64,1,1,1,78088.17,0
15803941,999915803941,600,France,Male,46,10,95502.21,1,0,0,19842.18,0
15714380,999915714380,827,France,Male,38,5,0,2,0,0,103305.01,0
15666559,999915666559,608,Germany,Male,23,8,197715.93,2,1,1,116124.28,0
15799998,999915799998,608,France,Female,30,8,85859.76,1,0,0,142730.27,0
15703763,999915703763,554,France,Male,44,7,85304.27,1,1,1,58076.52,0
15795640,999915795640,683,Germany,Female,35,1,132371.3,2,0,0,186123.57,0
15780056,999915780056,660,Spain,Male,33,4,0,1,1,0,29664.45,0
15777873,999915777873,628,France,Female,31,5,0,1,0,0,147963.07,1
15584749,999915584749,668,Germany,Male,39,4,79896,1,1,0,38466.39,0
15765258,999915765258,776,France,Female,29,5,0,2,1,1,143301.49,0
15623346,999915623346,820,France,Male,36,4,0,2,1,0,31422.69,0
15614054,999915614054,665,France,Male,36,1,0,2,0,1,121505.61,0
15766185,999915766185,850,Germany,Male,31,4,146587.3,1,1,1,89874.82,0
15667632,999915667632,703,France,Female,42,7,0,2,0,1,72500.68,0
15599024,999915599024,506,Spain,Male,32,8,0,2,0,1,182692.8,0
15798709,999915798709,588,Spain,Male,32,3,109109.33,1,0,1,4993.94,0
15741921,999915741921,622,Spain,Female,26,8,0,2,1,1,124964.82,0
15793671,999915793671,606,France,Male,34,5,0,1,1,0,161971.42,0
15797900,999915797900,517,France,Male,56,9,142147.32,1,0,0,39488.04,1
15667932,999915667932,758,Spain,Female,43,10,0,2,1,1,55313.44,0
15795933,999915795933,677,France,Female,49,3,0,2,1,1,187811.71,0
15660403,999915660403,827,Spain,Female,35,0,0,2,0,1,184514.01,0
15736299,999915736299,729,France,Female,36,8,109106.8,1,0,0,121311.12,0
15759034,999915759034,654,France,Male,36,2,112262.84,1,1,0,12873.39,0
15724663,999915724663,654,Spain,Female,36,5,0,2,0,0,157238.05,0
15594556,999915594556,619,Spain,Male,52,8,0,2,1,1,123242.11,0
15737169,999915737169,642,Spain,Male,26,8,144238.7,1,1,1,184399.76,0
15632472,999915632472,472,Spain,Female,32,1,159397.75,1,0,1,57323.18,0
15722813,999915722813,470,Spain,Male,30,4,125385.01,1,1,0,68293.93,0
15588450,999915588450,633,France,Female,60,8,69365.25,1,1,1,10288.24,0
15736717,999915736717,602,France,Male,31,7,155271.83,1,1,1,179446.31,0
15680683,999915680683,640,Spain,Male,29,5,197200.04,2,1,0,141453.62,0
15710316,999915710316,454,Spain,Female,48,5,144837.79,1,1,1,93151.77,0
15746333,999915746333,562,France,Female,57,3,0,3,1,0,6554.97,1
15606861,999915606861,636,France,Male,34,8,0,2,1,0,38570.13,0
15641285,999915641285,621,Spain,Male,50,3,163085.79,1,0,1,131048.36,0
15662908,999915662908,795,Germany,Male,38,7,125903.22,2,1,1,127068.92,0
15814267,999915814267,550,France,Male,22,6,154377.3,1,1,1,51721.52,0
15614923,999915614923,630,Spain,Male,41,7,107511.52,1,0,1,46156.87,0
15579223,999915579223,573,Germany,Male,30,8,127406.5,1,1,0,192950.6,0
15651389,999915651389,561,Spain,Male,24,8,143656.55,1,0,1,180932.46,0
15677087,999915677087,662,France,Female,39,5,138106.75,1,0,0,19596.73,0
15665784,999915665784,637,France,Male,27,9,128940.24,1,1,0,46786.92,0
15576706,999915576706,651,Germany,Male,37,9,114453.58,1,0,1,175820.91,0
15615473,999915615473,646,France,Female,33,2,0,2,0,0,198208,0
15587299,999915587299,567,France,Female,48,3,0,1,1,0,55362.45,0
15655389,999915655389,638,France,Male,41,1,131762.94,1,1,1,47675.29,0
15784491,999915784491,725,France,Female,31,6,0,1,0,0,61326.43,0
15809999,999915809999,709,France,Female,41,3,150300.65,2,1,0,71672.86,0
15681115,999915681115,787,Spain,Male,39,10,108935.39,1,1,1,101168.3,0
15629390,999915629390,653,France,Male,37,7,135847.47,1,1,0,144880.81,0
15792668,999915792668,661,Germany,Male,37,7,109908.06,2,1,0,115037.67,1
15583863,999915583863,681,Germany,Male,49,8,142946.18,1,0,0,187280.51,1
15681878,999915681878,436,Germany,Male,45,3,104339.11,2,1,1,183540.22,1
15782875,999915782875,663,France,Male,33,5,157274.36,2,1,1,28531.81,0
15732235,999915732235,662,France,Male,64,0,98848.19,1,0,1,42730.12,0
15735909,999915735909,607,Germany,Female,39,8,105103.33,1,1,0,104721.5,1
15653448,999915653448,754,France,Male,34,7,0,2,1,1,65219.85,0
15587647,999915587647,850,Germany,Female,66,0,127120.62,1,0,1,118929.64,1
15701037,999915701037,578,France,Male,39,2,0,2,1,0,70563.9,0
15727499,999915727499,666,Germany,Female,36,3,129118.5,2,0,0,139435.12,0
15724838,999915724838,599,France,Female,43,4,0,1,1,0,170347.1,0
15666711,999915666711,586,France,Female,46,0,0,3,0,1,131553.82,1
15588933,999915588933,825,France,Female,36,3,146053.66,1,1,1,138344.7,0
15763111,999915763111,808,Spain,Female,67,10,124577.15,1,0,1,169894.4,0
15805676,999915805676,515,Spain,Male,29,4,151012.55,2,1,0,9770.97,0
15586674,999915586674,663,Spain,Female,58,5,216109.88,1,0,1,74176.71,1
15744553,999915744553,444,France,Male,34,2,144318.97,1,1,0,112668.06,0
15776629,999915776629,650,France,Female,39,4,0,2,0,0,186275.7,0
15647207,999915647207,609,France,Male,26,7,0,2,1,0,98463.99,0
15715638,999915715638,824,Germany,Male,77,3,27517.15,2,0,1,2746.41,0
15750602,999915750602,662,France,Male,29,5,147092.65,1,1,0,10928.3,0
15766810,999915766810,699,Germany,Female,51,2,92246.14,2,0,1,91346.03,0
15756625,999915756625,752,France,Female,41,8,0,2,1,0,139844.04,1
15639552,999915639552,603,Germany,Female,40,8,148897.02,1,0,0,105052.9,0
15633213,999915633213,628,Spain,Male,50,8,0,1,0,0,144366.83,1
15610416,999915610416,745,France,Female,36,9,0,1,1,0,19605.18,1
15715208,999915715208,804,Germany,Female,33,10,138335.96,1,1,1,80483.76,0
15619608,999915619608,454,Germany,Female,50,10,92895.56,1,1,0,154344,1
15628697,999915628697,631,Spain,Male,46,9,160736.63,1,0,1,93503.02,0
15643826,999915643826,503,France,Male,32,4,0,2,1,1,153036.97,0
15718588,999915718588,548,France,Female,37,9,0,2,0,0,98029.58,0
15709741,999915709741,668,France,Male,28,4,107141.27,1,1,0,193018.71,0
15723318,999915723318,619,France,Female,55,0,0,3,0,0,60810.64,1
15717328,999915717328,842,France,Female,37,4,132446.08,2,1,0,87071.18,1
15771299,999915771299,707,France,Female,57,1,92053,1,1,1,164064.44,1
15706223,999915706223,715,Spain,Male,38,2,96798.79,2,1,1,4554.67,0
15612358,999915612358,573,Germany,Male,35,9,134498.54,2,1,1,119924.8,0
15769191,999915769191,509,France,Male,55,8,132387.91,2,1,1,170360.11,0
15618816,999915618816,670,Germany,Female,40,2,147171.2,1,0,1,69850.04,0
15730810,999915730810,613,Spain,Male,44,9,100524.69,1,1,1,47298.95,0
15783463,999915783463,678,France,Female,26,1,0,2,1,0,45443.68,0
15616213,999915616213,555,Germany,Female,51,9,138214.5,1,1,0,198715.27,1
15611287,999915611287,777,France,Female,30,4,0,2,0,1,115611.97,0
15786454,999915786454,552,Spain,Male,55,3,0,1,1,1,40333.94,0
15768682,999915768682,640,Spain,Male,39,3,0,1,1,1,105997.25,0
15766172,999915766172,541,France,Male,34,3,128743.55,1,1,0,134851.12,0
15637646,999915637646,756,France,Male,31,10,122647.32,1,0,0,61666.87,0
15653404,999915653404,684,Spain,Female,24,9,79263.9,1,0,1,196574.48,0
15690546,999915690546,618,France,Female,42,2,0,4,0,0,111097.39,1
15735636,999915735636,604,France,Female,53,2,121389.78,1,1,1,48201.64,1
15605424,999915605424,624,Spain,Male,38,7,123906.55,1,1,0,135096.78,0
15568449,999915568449,661,Spain,Male,38,7,143006.7,1,1,1,15650.89,0
15688085,999915688085,627,Spain,Female,28,3,157597.61,1,0,1,34097.22,0
15683483,999915683483,812,Spain,Male,38,3,127117.8,2,1,1,174822.74,0
15659567,999915659567,473,France,Female,39,9,117103.26,2,1,1,85937.52,1
15766667,999915766667,717,Spain,Male,36,2,102989.83,2,0,1,49185.57,0
15624975,999915624975,693,Spain,Male,28,1,145118.83,1,0,1,77742.38,0
15660878,999915660878,705,France,Male,92,1,126076.24,2,1,1,34436.83,0
15586557,999915586557,661,France,Male,41,5,0,1,0,1,88279.6,0
15746183,999915746183,573,France,Female,27,4,0,2,1,1,157549.6,0
15631457,999915631457,639,France,Male,37,5,98186.7,1,0,1,173386.95,0
15754053,999915754053,718,France,Female,67,7,0,3,1,1,82782.08,0
15645839,999915645839,570,France,Male,37,6,0,1,1,1,187758.5,0
15689955,999915689955,461,France,Female,40,7,0,2,1,0,176547.8,0
15593510,999915593510,638,Germany,Female,33,5,129335.65,1,1,1,56585.2,1
15654964,999915654964,608,Spain,Male,48,7,75801.74,1,1,0,125762.95,0
15594039,999915594039,599,Spain,Male,42,6,0,2,1,0,113868.4,0
15625929,999915625929,762,France,Female,44,7,159316.64,1,0,0,24780.13,0
15815295,999915815295,662,France,Female,38,2,96479.81,1,1,0,120259.41,0
15621818,999915621818,747,Germany,Male,29,7,117726.33,1,1,1,175398.34,0
15652700,999915652700,539,France,Male,39,6,0,2,1,1,86767.48,0
15636860,999915636860,625,France,Male,43,4,122351.29,1,1,0,71216.6,0
15569432,999915569432,656,France,Female,48,9,0,2,1,1,85240.61,1
15751455,999915751455,469,France,Female,48,5,0,1,1,0,160529.71,1
15800583,999915800583,621,Spain,Female,43,8,0,1,0,0,102806.6,0
15770214,999915770214,754,France,Female,27,7,0,2,1,0,144134.64,0
15613463,999915613463,679,Germany,Female,50,6,132598.38,2,1,1,184017.98,0
15587066,999915587066,535,France,Male,38,2,119272.29,1,0,0,195896.59,1
15693752,999915693752,487,France,Male,37,2,0,2,1,1,126722.57,0
15714874,999915714874,850,France,Female,42,3,0,2,1,1,176883.42,0
15657809,999915657809,585,France,Male,55,10,106415.57,3,1,1,122960.98,1
15651955,999915651955,603,France,Male,31,4,0,2,0,1,9607.1,0
15570912,999915570912,728,Germany,Female,32,9,127772.1,2,1,1,152643.48,0
15640266,999915640266,621,Spain,Male,41,5,104631.67,1,1,1,95551.22,0
15652069,999915652069,833,France,Male,30,1,0,2,1,0,141860.62,0
15596074,999915596074,502,France,Male,37,10,0,1,1,1,76642.68,0
15800268,999915800268,825,Germany,Male,37,6,118050.79,1,0,1,52301.15,0
15809847,999915809847,668,France,Male,46,0,0,2,0,0,29388.02,0
15599074,999915599074,487,Spain,Female,40,6,136093.74,1,0,1,193408.43,0
15599591,999915599591,600,Germany,Female,39,7,88477.36,2,1,0,58632.37,0
15776096,999915776096,606,Spain,Male,34,3,161572.24,1,0,1,191076.22,0
15611669,999915611669,623,Germany,Male,50,7,126608.37,1,0,1,645.61,1
15694098,999915694098,575,France,Female,54,9,68332.96,1,1,1,144390.75,0
15713347,999915713347,577,Spain,Male,48,6,179852.26,1,1,0,193580.32,0
15713094,999915713094,651,France,Female,25,8,0,2,1,1,126761.2,0
15811978,999915811978,693,Germany,Male,46,2,104763.41,1,1,1,62368.33,0
15799925,999915799925,800,France,Male,60,6,88541.57,2,1,1,131718.12,0
15692575,999915692575,760,France,Male,38,6,162888.73,1,1,0,91098.76,1
15743149,999915743149,711,France,Female,35,8,0,1,1,1,67508.01,0
15776947,999915776947,637,Spain,Male,43,8,0,1,1,0,12156.93,1
15700656,999915700656,662,France,Male,32,9,0,2,0,0,65089.38,0
15594515,999915594515,568,France,Female,44,7,0,2,0,0,62370.67,1
15787884,999915787884,692,France,Female,30,7,0,2,1,1,18826.34,0
15577988,999915577988,614,France,Female,35,1,0,2,1,1,3342.62,0
15795586,999915795586,478,France,Male,35,1,92474.05,1,1,0,178626.07,0
15677739,999915677739,562,France,Male,36,6,0,2,1,0,32845.32,0
15720134,999915720134,709,Germany,Male,30,9,115479.48,2,1,1,134732.99,0
15688868,999915688868,684,France,Female,26,5,87098.91,1,0,0,106095.82,0
15642996,999915642996,546,Germany,Female,42,9,86351.85,2,1,0,57380.13,0
15771222,999915771222,779,France,Female,42,5,0,2,0,0,25951.91,0
15605059,999915605059,576,Germany,Male,63,3,148843.56,1,1,0,69414.13,1
15568088,999915568088,481,Germany,Male,44,3,163714.52,1,1,0,96123.72,0
15665943,999915665943,445,France,Male,25,6,0,2,1,0,119425.94,0
15795571,999915795571,606,Spain,Male,36,0,94153.56,1,0,1,120138.27,0
15662243,999915662243,559,France,Male,50,5,162702.35,1,0,0,150548.5,1
15593128,999915593128,608,France,Female,56,10,129255.2,2,1,0,142492.04,1
15589739,999915589739,698,France,Male,41,3,90605.29,1,1,1,14357,0
15787602,999915787602,568,Spain,Male,39,5,0,2,1,1,129569.92,0
15685019,999915685019,528,France,Male,29,3,102787.42,1,1,0,55972.56,0
15704209,999915704209,802,France,Female,39,7,120145.96,2,0,1,59497.01,1
15605264,999915605264,669,Germany,Male,47,0,63723.78,2,1,1,181928.25,0
15708265,999915708265,581,Spain,Female,24,10,159203.71,1,1,1,102517.83,1
15740264,999915740264,640,France,Male,38,9,0,2,1,0,88827.67,0
15615477,999915615477,529,Spain,Female,44,1,0,2,0,0,14161.3,0
15727361,999915727361,547,France,Female,51,1,0,2,1,1,56908.41,0
15760216,999915760216,718,France,Female,49,10,0,1,1,0,184474.72,1
15806134,999915806134,707,Germany,Male,34,9,162691.16,2,1,0,94912.78,0
15601351,999915601351,735,France,Male,43,9,127806.91,1,1,1,73069.59,0
15669262,999915669262,765,France,Male,43,9,157960.49,2,0,0,136602.8,0
15696989,999915696989,469,Germany,Female,52,8,139493.25,3,0,0,150093.32,1
15688498,999915688498,594,Germany,Female,21,2,87096.82,2,1,0,168186.11,0
15686964,999915686964,675,France,Female,34,10,84944.58,1,0,0,146230.63,0
15625035,999915625035,703,France,Male,50,8,160139.59,2,1,1,79314.1,0
15618391,999915618391,810,France,Male,33,6,0,2,1,1,77965.67,0
15591344,999915591344,715,Spain,Male,42,6,0,2,1,1,128745.69,0
15605455,999915605455,664,France,Male,40,9,0,2,1,0,194767.3,0
15680804,999915680804,850,France,Male,29,6,0,2,1,1,10672.54,0
15768282,999915768282,724,Germany,Male,36,6,94615.11,2,1,1,10627.21,0
15685826,999915685826,563,France,Male,30,7,90727.79,1,1,0,122268.75,0
15793491,999915793491,714,Germany,Male,26,3,119545.48,2,1,0,65482.94,0
15797787,999915797787,614,France,Male,36,1,118311.76,1,1,0,146134.68,0
15611171,999915611171,740,France,Male,33,1,129574.98,1,1,1,123300.38,0
15601627,999915601627,587,France,Male,33,8,148163.57,1,0,0,122925.4,0
15734085,999915734085,465,Germany,Male,24,5,117154.9,1,1,1,127744.02,0
15809309,999915809309,689,Spain,Female,40,5,154251.67,1,0,1,118319.5,0
15809462,999915809462,656,France,Male,30,3,0,2,0,1,17104,0
15634628,999915634628,579,France,Female,33,1,65667.79,2,0,0,164608.98,0
15775678,999915775678,716,France,Female,44,1,0,1,1,1,152108.47,0
15579526,999915579526,551,France,Male,42,1,50194.59,1,1,1,23399.58,0
15779103,999915779103,527,Germany,Female,39,9,96748.89,2,1,0,94711.43,0
15738715,999915738715,600,France,Female,37,4,0,3,1,0,7312.25,1
15593943,999915593943,685,France,Female,43,1,132667.17,1,1,1,41876.98,0
15754574,999915754574,738,Spain,Male,36,5,0,2,1,1,96881.32,0
15737814,999915737814,622,France,Male,41,2,127087.06,1,1,0,102402.91,1
15670889,999915670889,528,France,Male,34,1,125566.9,1,1,1,176763.27,0
15629299,999915629299,546,Germany,Female,52,1,106074.89,1,1,1,23548.45,1
15771569,999915771569,576,Germany,Male,46,4,137367.94,1,1,1,33450.11,0
15811927,999915811927,733,France,Female,38,3,157658.36,1,0,0,19658.43,0
15785654,999915785654,727,Germany,Male,45,6,114422.85,2,1,1,104678.78,1
15665524,999915665524,605,Spain,Male,41,5,103154.66,1,0,0,143203.78,0
15736287,999915736287,586,France,Male,33,9,0,1,1,0,6975.02,0
15765732,999915765732,564,Spain,Female,24,6,149592.14,1,1,1,153771.8,0
15797381,999915797381,593,Germany,Female,48,3,133903.12,2,1,1,85902.39,1
15598536,999915598536,736,Germany,Female,26,0,84587.9,1,0,1,188037.76,0
15664506,999915664506,675,Spain,Male,32,8,197436.82,1,1,1,52710.7,0
15575619,999915575619,656,Spain,Female,32,1,104254.27,1,1,1,17034.37,0
15587394,999915587394,462,France,Male,39,4,140133.08,2,0,0,131304.45,0
15654457,999915654457,685,Spain,Female,30,2,0,3,1,1,172576.43,1
15762793,999915762793,850,Germany,Female,36,0,136980.23,2,1,1,99019.65,0
15658067,999915658067,636,Germany,Female,48,3,120568.41,1,1,0,190160.04,1
15642816,999915642816,850,France,Female,27,7,43658.33,2,1,1,3025.49,0
15693088,999915693088,628,France,Female,37,9,0,2,1,1,34689.77,0
15793883,999915793883,798,France,Male,28,3,0,2,1,0,2305.27,0
15665283,999915665283,610,France,Female,57,7,72092.95,4,0,1,113228.82,1
15680421,999915680421,591,France,Female,42,10,0,2,0,0,171099.22,0
15695148,999915695148,614,Spain,Female,37,9,0,2,1,1,62023.1,0
15636592,999915636592,651,France,Male,35,0,181821.96,2,0,1,36923.67,1
15772618,999915772618,665,France,Male,25,7,90920.75,1,0,1,112256.57,0
15724453,999915724453,570,France,Male,23,2,0,1,0,0,198830.98,0
15565878,999915565878,631,Spain,Male,29,3,0,2,1,1,197963.46,0
15609160,999915609160,586,France,Male,32,1,0,2,0,0,31635.99,0
15678460,999915678460,691,France,Male,30,9,0,1,1,0,49594.02,0
15662571,999915662571,639,France,Male,35,8,0,2,1,0,170483.9,0
15606849,999915606849,698,France,Female,27,1,94920.71,1,1,1,40339.9,0
15670738,999915670738,733,Germany,Male,45,2,113939.36,2,1,0,3218.71,0
15662641,999915662641,850,France,Male,19,8,0,1,1,1,68569.89,0
15727539,999915727539,618,France,Female,31,4,0,2,1,0,29176.04,0
15651020,999915651020,473,France,Female,25,6,110666.42,2,0,0,46758.42,0
15673877,999915673877,490,France,Male,39,1,0,3,1,0,171060.01,1
15760865,999915760865,754,Germany,Female,48,7,141819.02,1,1,0,93550.53,1
15705009,999915705009,649,France,Female,56,8,156974.26,1,1,0,89405.26,1
15657540,999915657540,578,France,Male,50,5,151215.34,2,1,0,169804.4,0
15707441,999915707441,690,Spain,Male,26,8,116318.23,1,1,1,83253.05,0
15694765,999915694765,610,Germany,Male,49,6,113882.33,1,1,0,195813.81,1
15649086,999915649086,596,France,Male,42,7,0,2,1,1,121568.37,0
15650488,999915650488,492,France,Female,48,6,127253.98,1,1,1,92144.09,1
15760924,999915760924,575,Spain,Male,41,2,100062.39,1,0,0,126307.25,0
15700263,999915700263,569,France,Male,66,2,0,1,1,0,130784.2,1
15806922,999915806922,674,Spain,Female,41,4,126605.14,1,1,1,166694.93,0
15637522,999915637522,507,France,Female,31,0,106942.08,1,0,1,44001.11,0
15636548,999915636548,457,Spain,Male,44,7,0,2,0,0,185992.36,0
15566891,999915566891,584,Germany,Female,41,3,88594.93,1,1,0,178997.89,0
15627185,999915627185,744,Germany,Male,29,6,123737.04,2,1,0,141558.04,0
15754012,999915754012,687,France,Female,35,1,110752.15,2,1,1,47921.22,0
15627514,999915627514,688,Spain,Female,46,3,0,2,0,1,104902.68,0
15661433,999915661433,519,France,Male,34,5,0,1,1,0,68479.6,0
15610653,999915610653,733,Spain,Female,38,5,0,2,1,1,1271.51,0
15667002,999915667002,666,Spain,Male,43,5,0,2,1,0,29346.1,0
15709199,999915709199,511,Spain,Female,40,1,0,1,1,1,184118.73,0
15710087,999915710087,705,Germany,Female,54,3,125889.3,3,1,0,96013.5,1
15679884,999915679884,544,France,Male,48,10,78314.63,3,1,1,103713.93,1
15784180,999915784180,564,France,Female,36,7,206329.65,1,1,1,46632.87,1
15808849,999915808849,702,France,Male,40,7,145536.9,1,0,1,135334.24,0
15751549,999915751549,658,Germany,Male,31,2,77082.65,2,0,0,13482.28,0
15588235,999915588235,654,France,Female,24,8,145081.73,1,1,1,130075.07,0
15640418,999915640418,649,Germany,Female,41,4,115897.73,1,1,0,143544.48,0
15721116,999915721116,597,Spain,Male,24,0,108058.07,2,1,1,187826.11,0
15599084,999915599084,782,France,Male,33,7,191523.09,1,1,1,167058.75,0
15773394,999915773394,644,France,Male,38,3,0,2,1,1,79928.41,0
15625713,999915625713,679,Spain,Female,39,7,91187.9,1,0,1,6075.36,0
15766417,999915766417,678,France,Female,60,2,0,2,1,1,43821.56,0
15622578,999915622578,806,France,Male,34,5,113958.55,1,0,1,32125.98,0
15799924,999915799924,668,Spain,Male,43,1,147167.25,1,0,0,141679.73,0
15618363,999915618363,659,Germany,Male,29,9,82916.48,1,1,1,84133.48,0
15637138,999915637138,660,France,Male,34,1,0,2,1,0,9692.58,0
15781665,999915781665,601,France,Female,37,5,0,1,0,0,20708.6,0
15804853,999915804853,781,France,Female,48,0,57098.96,1,1,0,85644.06,1
15651627,999915651627,628,Germany,Male,39,1,115341.19,1,1,1,107674.3,1
15680685,999915680685,751,France,Male,30,3,165257.2,1,0,0,134822.05,0
15808930,999915808930,531,France,Female,37,1,0,1,1,0,4606.97,0
15570970,999915570970,647,France,Female,42,9,0,2,1,1,51362.82,0
15679961,999915679961,708,Spain,Male,46,7,68799.72,1,1,1,39704.14,0
15705458,999915705458,550,Spain,Male,39,2,116120.19,2,1,1,195638.13,0
15750396,999915750396,670,France,Male,33,1,0,2,1,1,86413.11,0
15679928,999915679928,592,France,Female,31,2,84102.11,2,0,1,116385.24,0
15711181,999915711181,589,France,Female,50,4,0,2,0,1,182076.97,0
15698324,999915698324,725,France,Female,33,4,0,1,1,1,67879.8,0
15807433,999915807433,570,France,Female,43,9,0,2,0,1,11417.26,0
15636590,999915636590,575,France,Male,46,1,0,2,1,1,65998.26,0
15628950,999915628950,501,Germany,Male,25,6,104013.79,1,1,0,114774.35,0
15617206,999915617206,431,Germany,Male,42,8,120822.86,2,1,0,126153.24,0
15603741,999915603741,719,Spain,Male,40,4,128389.12,1,1,1,176091.31,0
15742607,999915742607,850,Germany,Male,36,7,102800.72,1,1,1,87352.43,0
15747821,999915747821,554,Germany,Female,31,6,135470.9,1,1,0,107074.81,0
15612043,999915612043,418,France,Male,36,7,90145.04,1,1,1,69157.93,0
15809558,999915809558,715,Spain,Male,31,7,0,1,1,1,149970.59,0
15803750,999915803750,750,Spain,Female,33,3,161801.47,1,0,1,153288.97,1
15704681,999915704681,766,Germany,Male,37,2,99660.13,2,0,1,147700.78,0
15667392,999915667392,652,Spain,Female,38,6,123081.84,2,1,1,188657.97,0
15738889,999915738889,658,France,Male,42,8,102870.93,1,0,1,103764.55,1
15598838,999915598838,659,France,Female,37,1,151105.68,1,1,1,140934.57,0
15579109,999915579109,574,Germany,Male,35,5,163856.76,1,1,1,15118.2,0
15799042,999915799042,611,France,Male,38,7,0,1,1,1,63202,0
15697042,999915697042,738,Spain,Male,35,8,127290.61,1,1,0,16081.62,0
15696605,999915696605,571,France,Male,49,4,180614.04,1,0,0,523,0
15802274,999915802274,686,France,Female,44,7,55053.62,1,1,0,181757.19,0
15596808,999915596808,679,Spain,Male,33,4,96110.22,1,1,0,1173.23,0
15705403,999915705403,617,Spain,Female,46,3,106521.49,1,0,1,86587.37,0
15732903,999915732903,673,France,Male,39,7,82255.51,2,1,0,109545.56,0
15581968,999915581968,745,France,Female,33,1,0,2,1,1,174431.01,0
15683892,999915683892,677,Germany,Female,26,3,102395.79,1,1,0,119368.99,0
15595447,999915595447,613,Spain,Male,39,8,118201.41,1,1,0,23315.59,0
15569249,999915569249,576,France,Female,55,6,44582.07,3,0,1,67539.85,1
15656188,999915656188,584,Spain,Female,30,5,0,2,1,1,185201.58,0
15689661,999915689661,663,France,Male,22,6,0,2,0,1,131827.15,0
15644934,999915644934,466,France,Male,26,9,105522.06,1,1,0,10842.46,0
15721793,999915721793,510,Germany,Female,50,7,123936.54,1,1,1,23768.01,0
15687413,999915687413,619,Spain,Female,38,6,0,2,1,1,117616.29,0
15761286,999915761286,696,Germany,Female,66,7,119499.42,2,1,1,174027.3,0
15658240,999915658240,554,France,Female,44,9,135814.7,2,0,0,115091.38,0
15706232,999915706232,595,France,Male,52,9,0,1,1,1,106340.66,1
15583394,999915583394,659,Germany,Male,39,8,106259.63,2,1,1,198103.32,0
15715643,999915715643,662,France,Male,44,8,0,2,1,1,175314.87,0
15644856,999915644856,556,Spain,Male,38,2,115463.16,1,1,0,150679.65,0
15785488,999915785488,701,Spain,Female,39,9,0,2,1,1,110043.88,0
15711571,999915711571,587,Spain,Male,42,5,120233.83,1,1,0,194890.33,0
15778604,999915778604,571,France,Female,47,7,0,2,0,0,112366.98,0
15751180,999915751180,539,France,Female,40,7,81132.21,1,1,0,167289.82,0
15748360,999915748360,644,Germany,Female,34,10,122196.99,2,1,1,182099.71,0
15770039,999915770039,572,Germany,Male,39,4,112290.22,1,1,0,49373.97,1
15685096,999915685096,753,France,Female,50,4,0,2,1,1,861.4,0
15669501,999915669501,706,France,Male,35,5,0,2,1,1,81718.37,0
15622631,999915622631,588,France,Male,44,8,154409.74,1,1,0,49324.03,1
15586699,999915586699,825,France,Male,32,9,0,2,0,0,9751.03,0
15702377,999915702377,627,Spain,Male,48,1,132759.8,1,1,0,78899.22,0
15577170,999915577170,532,France,Male,60,5,76705.87,2,0,1,13889.73,0
15769451,999915769451,764,France,Female,44,1,0,2,1,1,11467.38,0
15811877,999915811877,700,France,Female,36,4,0,2,1,0,130789.15,0
15648725,999915648725,660,France,Male,41,3,0,2,1,1,108665.89,0
15752801,999915752801,518,Germany,Male,29,9,125961.74,2,1,0,160303.08,1
15808175,999915808175,557,France,Female,39,7,49572.73,1,1,0,115287.99,1
15681342,999915681342,639,France,Female,35,1,103015.12,2,1,1,139094.12,0
15589210,999915589210,557,France,Female,24,4,0,1,0,0,20515.72,0
15696826,999915696826,633,France,Female,32,1,104001.38,1,0,1,36642.65,0
15614962,999915614962,623,Spain,Female,50,2,87116.71,1,1,1,104382.11,0
15689061,999915689061,611,France,Male,68,5,82547.11,2,1,1,146448.01,0
15640074,999915640074,666,Spain,Female,47,5,0,1,0,0,166650.9,1
15776156,999915776156,521,France,Male,27,4,121325.84,1,1,1,164223.7,1
15739548,999915739548,775,France,Male,28,9,111167.7,1,1,0,149331.01,0
15662854,999915662854,681,Germany,Male,48,5,139714.4,2,0,0,73066.72,0
15687688,999915687688,564,Germany,Female,32,10,139875.2,2,1,0,15378.23,0
15715750,999915715750,646,Germany,Female,44,2,113063.83,1,0,0,53072.49,1
15571121,999915571121,670,France,Female,50,8,138340.06,1,0,1,3159.15,0
15726466,999915726466,751,France,Male,43,1,114974.24,1,1,0,125920.54,0
15660390,999915660390,544,France,Female,33,6,0,2,1,1,124113.04,0
15663942,999915663942,639,France,Female,38,5,0,2,0,0,93716.38,0
15638610,999915638610,635,Germany,Female,65,5,117325.54,1,1,0,155799.86,1
15644446,999915644446,672,France,Female,28,6,0,1,0,1,8814.69,0
15585892,999915585892,639,France,Female,35,8,0,1,0,0,164453.98,0
15609356,999915609356,697,France,Female,25,1,0,2,0,0,87803.32,0
15803378,999915803378,850,Spain,Male,44,8,0,2,1,1,183617.32,0
15599440,999915599440,748,France,Female,34,8,0,2,1,0,53584.03,0
15692408,999915692408,463,Spain,Female,35,2,0,2,1,1,1950.93,0
15683168,999915683168,572,France,Female,30,6,0,1,0,1,175025.27,0
15790254,999915790254,741,Spain,Male,50,1,78737.61,1,1,1,13018.96,0
15767729,999915767729,646,Spain,Male,25,5,182876.88,2,1,1,42537.59,1
15768600,999915768600,805,Germany,Male,50,9,130023.38,1,1,0,62989.82,1
15699839,999915699839,637,France,Male,36,2,152606.82,1,1,1,71692.8,0
15786237,999915786237,651,France,Male,28,7,0,2,1,0,823.96,0
15694530,999915694530,672,France,Male,28,4,167268.98,1,1,1,169469.3,0
15796813,999915796813,493,France,Male,54,3,167831.88,2,1,0,150159.95,1
15605791,999915605791,524,Germany,Male,29,9,144287.6,2,1,0,32063.3,0
15714087,999915714087,624,Germany,Female,45,5,151855.33,1,1,0,68794.15,0
15711446,999915711446,569,Spain,Female,51,3,0,3,1,0,75084.96,1
15588123,999915588123,677,France,Female,27,2,0,2,0,1,114685.92,0
15748552,999915748552,464,Germany,Male,37,4,155994.15,1,0,0,143665.44,0
15618410,999915618410,718,Germany,Male,26,7,147527.03,1,0,0,51099.56,0
15672432,999915672432,594,France,Female,53,4,0,1,1,0,5408.74,1
15610042,999915610042,574,France,Male,33,8,100267.03,1,1,0,103006.27,0
15580914,999915580914,478,Spain,Male,48,0,83287.05,2,0,1,44147.95,1
15583680,999915583680,615,Spain,Male,41,4,0,1,0,1,149278.96,0
15813718,999915813718,651,Spain,Male,45,4,0,2,0,0,193009.21,0
15767264,999915767264,465,Germany,Male,53,1,117438.17,1,0,0,74898.8,1
15686461,999915686461,558,France,Female,56,7,121235.05,2,1,1,116253.1,0
15678882,999915678882,540,Germany,Male,37,3,129965.18,1,0,0,19374.08,0
15789611,999915789611,568,Germany,Male,46,8,150836.92,1,0,0,64516.8,1
15668679,999915668679,630,France,Male,31,0,0,2,1,1,34475.14,0
15631685,999915631685,523,Germany,Male,60,1,163894.35,1,0,1,57061.71,0
15655658,999915655658,678,France,Female,48,2,0,2,1,1,32301.88,0
15753591,999915753591,438,France,Male,38,2,0,2,1,0,136859.55,0
15617348,999915617348,544,France,Male,44,1,0,2,0,0,69244.24,0
15704581,999915704581,595,Germany,Male,34,2,87967.42,2,0,1,156309.52,0
15738487,999915738487,678,France,Male,26,3,0,2,1,0,4989.33,0
15648069,999915648069,850,France,Female,36,6,0,2,1,1,190194.95,0
15737627,999915737627,589,Germany,Female,20,2,121093.29,2,1,0,3529.72,0
15731586,999915731586,785,Spain,Female,31,2,121691.54,2,0,0,81778.72,0
15757467,999915757467,563,Spain,Male,57,6,0,2,1,1,39297.48,0
15597709,999915597709,602,France,Female,39,6,154121.32,2,1,0,176614.86,1
15720529,999915720529,591,France,Male,29,6,0,2,1,1,108684.65,0
15596797,999915596797,643,Spain,Male,43,1,0,2,1,1,145764.4,0
15681755,999915681755,605,France,Female,32,5,0,2,1,1,42135.28,0
15815271,999915815271,755,Germany,Male,43,6,165048.5,3,1,0,16929.41,1
15682860,999915682860,769,Spain,Male,38,6,0,2,0,0,104393.78,0
15621546,999915621546,620,France,Female,33,9,127638.35,1,1,1,192717.57,0
15705918,999915705918,725,France,Male,31,8,0,2,1,1,59650.42,0
15684512,999915684512,818,Germany,Female,72,8,135290.42,2,1,1,63729.72,0
15671769,999915671769,624,France,Female,71,4,170252.05,3,1,1,73679.59,1
15642934,999915642934,669,Germany,Female,35,4,108269.2,2,1,0,174969.92,0
15594305,999915594305,712,France,Female,32,1,0,2,1,0,1703.58,0
15789201,999915789201,603,Germany,Female,35,9,145623.36,1,1,0,163181.62,0
15706762,999915706762,597,France,Female,41,4,145809.53,2,1,1,52319.26,0
15766183,999915766183,580,Germany,Male,76,2,130334.84,2,1,1,51672.08,0
15777994,999915777994,718,France,Female,39,3,0,2,1,1,145355.11,0
15568162,999915568162,527,Spain,Male,53,8,0,1,1,1,51711.57,0
15680643,999915680643,729,Spain,Female,42,1,0,2,1,1,149535.97,0
15761854,999915761854,746,France,Female,24,4,0,1,0,1,94105,0
15730793,999915730793,699,Germany,Female,54,3,111009.32,1,1,1,155905.79,1
15692137,999915692137,759,France,Female,46,2,0,1,1,1,138380.11,0
15608595,999915608595,748,France,Female,39,3,157371.54,1,0,1,97734.3,0
15709459,999915709459,698,Spain,Female,63,5,0,1,1,1,173576.71,0
15775750,999915775750,686,France,Male,37,9,134560.62,1,1,0,27596.39,0
15585855,999915585855,679,France,Male,40,1,0,1,1,1,16897.19,0
15752139,999915752139,682,Germany,Male,36,5,72373.62,2,1,0,36895.99,0
15768295,999915768295,778,France,Female,34,7,109564.1,1,0,1,113046.81,0
15766906,999915766906,742,France,Female,25,4,132116.13,2,1,0,129933.5,0
15725776,999915725776,649,Germany,Male,24,7,101195.23,1,0,0,133091.32,0
15682576,999915682576,763,France,Male,67,1,149436.73,2,0,1,106282.74,0
15704081,999915704081,595,Germany,Male,30,9,130682.11,2,1,1,57862.88,0
15719940,999915719940,628,Germany,Female,51,10,115280.49,2,0,0,12628.61,1
15672894,999915672894,625,France,Female,36,8,129944.39,2,0,0,198914.8,0
15667451,999915667451,733,France,Male,36,5,0,2,1,1,109127.54,0
15636767,999915636767,665,Spain,Female,32,10,0,1,1,1,22487.45,0
15571415,999915571415,805,Germany,Male,56,6,151802.29,1,1,0,46791.09,1
15575605,999915575605,725,France,Male,38,6,0,2,1,1,158697.28,0
15649160,999915649160,554,France,Female,38,3,138731.95,1,1,1,194138.36,0
15615832,999915615832,675,Spain,Female,35,8,155621.08,1,0,1,35177.31,0
15600975,999915600975,556,France,Female,54,4,150005.38,1,1,0,157015.5,1
15690772,999915690772,635,Spain,Female,48,2,0,2,1,1,136551.25,0
15565714,999915565714,601,France,Male,47,1,64430.06,2,0,1,96517.97,0
15763108,999915763108,600,Germany,Male,53,7,106261.63,1,1,0,93629.66,1
15723884,999915723884,758,Spain,Male,40,3,0,2,0,0,96097.65,0
15644453,999915644453,606,Germany,Female,41,4,132670.53,1,1,0,156476.36,1
15655464,999915655464,640,France,Female,67,3,0,1,0,1,42964.63,0
15783883,999915783883,753,Germany,Female,38,1,117314.92,1,1,0,122021.33,1
15787693,999915787693,559,Spain,Male,38,3,145874.35,1,1,0,56311.39,1
15664793,999915664793,754,Spain,Female,50,7,146777.44,2,0,1,150685.52,0
15642391,999915642391,621,Germany,Male,51,4,109978.83,1,0,0,177740.58,1
15756538,999915756538,654,France,Female,37,5,0,1,0,1,71492.28,0
15668830,999915668830,650,Spain,Male,24,8,108881.73,1,1,0,104492.83,0
15796569,999915796569,831,Spain,Female,44,10,0,1,0,1,47729.33,0
15677112,999915677112,519,France,Male,39,2,112957.26,2,1,0,97593.16,0
15815040,999915815040,552,Germany,Female,42,8,103362.14,1,0,1,186869.58,1
15590434,999915590434,577,Spain,Male,41,4,89015.61,1,0,1,135227.23,0
15597536,999915597536,576,Spain,Male,45,5,133618.01,1,0,0,135244.87,0
15723989,999915723989,646,France,Male,40,5,93680.43,2,1,1,179473.26,0
15767358,999915767358,711,Germany,Female,45,1,97486.15,2,1,0,50610.62,0
15594812,999915594812,806,Spain,Female,37,2,137794.18,2,0,1,75232.02,0
15688210,999915688210,670,France,Female,39,8,101928.51,1,0,0,89205.54,0
15681509,999915681509,679,Spain,Female,28,9,0,2,0,1,61761.77,0
15572390,999915572390,850,Spain,Female,39,6,0,2,1,0,103921.43,0
15801441,999915801441,670,Germany,Female,35,2,79585.96,1,0,1,198802.9,0
15783859,999915783859,733,France,Female,24,3,161884.99,1,1,1,9617.24,0
15575243,999915575243,764,France,Female,39,1,129068.54,2,1,1,187905.12,0
15773421,999915773421,673,France,Female,42,4,0,2,1,0,121440.8,0
15788776,999915788776,588,Germany,Male,49,6,132623.76,3,1,0,36292.94,1
15765257,999915765257,564,Spain,Male,31,5,121461.87,1,1,1,20432.09,1
15661412,999915661412,715,France,Male,32,8,175307.32,1,1,0,187051.23,0
15636478,999915636478,621,France,Male,31,7,136658.61,1,1,1,148689.13,0
15603683,999915603683,796,Spain,Female,23,3,146584.19,2,0,0,125445.8,0
15651868,999915651868,672,France,Male,34,6,0,1,0,0,22736.06,0
15815443,999915815443,527,Spain,Female,46,10,131414.76,1,1,0,54947.51,0
15682686,999915682686,722,France,Female,38,3,0,2,0,1,167984.72,0
15697460,999915697460,596,Germany,Male,34,4,99441.21,2,0,1,4802.27,0
15748432,999915748432,746,France,Female,32,4,0,2,1,1,72909.75,0
15698271,999915698271,523,France,Female,26,4,0,2,1,0,185488.81,0
15808662,999915808662,624,France,Male,44,3,0,2,1,0,88407.51,0
15690372,999915690372,553,Spain,Male,38,1,181110.13,2,1,0,184544.59,0
15781875,999915781875,850,Spain,Male,33,3,100476.46,2,1,1,136539.13,0
15801473,999915801473,599,Germany,Male,33,2,51949.95,2,1,0,85045.92,0
15704509,999915704509,492,France,Male,35,8,121063.49,1,0,0,85421.48,0
15694666,999915694666,707,Spain,Male,48,8,88441.64,1,1,1,119903.2,1
15731166,999915731166,743,France,Female,30,1,127023.39,1,1,1,138780.89,0
15728523,999915728523,522,France,Male,41,5,144147.68,1,1,1,14789.9,0
15788442,999915788442,681,Spain,Female,57,2,173306.13,1,0,1,131964.66,0
15689781,999915689781,826,France,Female,49,0,0,1,0,0,178709.98,1
15764226,999915764226,630,Germany,Female,28,8,106425.75,1,1,1,20344.84,0
15809837,999915809837,430,Germany,Female,66,6,135392.31,2,1,1,172852.06,1
15805212,999915805212,806,France,Female,67,1,0,2,0,1,103945.58,0
15716082,999915716082,703,Spain,Male,39,6,152685.4,1,0,0,183656.12,0
15643056,999915643056,755,Germany,Female,38,1,82083.52,1,0,1,10333.78,0
15654859,999915654859,612,Spain,Female,63,2,131629.17,2,1,0,122109.58,1
15761158,999915761158,719,France,Female,54,7,0,2,1,1,125041.52,0
15577515,999915577515,554,Germany,Female,55,0,108477.27,1,0,1,140003,1
15723827,999915723827,683,France,Male,30,4,114779.35,1,0,0,183171.47,0
15646594,999915646594,749,France,Male,41,5,57568.94,1,1,1,61128.29,0
15712877,999915712877,724,Spain,Male,36,1,0,2,1,0,52462.25,0
15598802,999915598802,770,Spain,Male,30,8,0,2,0,1,50839.85,0
15699340,999915699340,680,France,Male,37,4,0,2,1,0,61240.87,0
15691150,999915691150,699,France,Female,32,4,110559.46,1,1,1,127429.56,0
15608688,999915608688,442,France,Male,34,4,0,2,1,0,68343.08,0
15737998,999915737998,529,France,Male,46,8,0,1,0,0,126511.94,1
15735837,999915735837,574,Spain,Male,36,3,0,2,1,1,8559.66,0
15659100,999915659100,605,France,Male,33,9,128152.82,1,0,0,147822.81,0
15609070,999915609070,515,Germany,Male,45,7,120961.5,3,1,1,39288.11,1
15650313,999915650313,632,Germany,Male,65,6,129472.33,1,1,1,85179.48,0
15627699,999915627699,558,France,Male,32,10,105000.23,1,1,0,190019.61,0
15591010,999915591010,434,Germany,Male,55,8,109339.17,2,1,0,96405.88,1
15798895,999915798895,525,France,Female,59,6,55328.4,1,1,0,83342.73,1
15745375,999915745375,640,Germany,Male,23,3,72012.76,1,1,0,161333.13,0
15775235,999915775235,690,France,Female,36,6,110480.48,1,0,0,81292.33,0
15780088,999915780088,607,Spain,Male,34,9,132439.99,1,1,0,177747.72,0
15649379,999915649379,850,France,Female,46,3,0,2,1,1,187980.21,0
15713983,999915713983,780,Germany,Male,34,5,94108.54,2,1,0,177235.21,0
15709252,999915709252,616,Germany,Female,28,10,105173.99,1,0,1,29835.37,1
15699238,999915699238,618,Spain,Female,40,8,0,2,1,0,80204.38,0
15732884,999915732884,676,France,Male,29,7,131959.86,1,0,0,189268.81,0
15587297,999915587297,507,France,Male,33,7,0,2,1,1,85411.01,0
15684722,999915684722,490,France,Male,34,5,122952.9,2,0,0,154360.97,0
15621244,999915621244,678,France,Male,36,0,107379.68,1,1,1,84460.18,0
15744273,999915744273,637,Germany,Male,30,6,122641.56,2,1,0,65618.01,0
15682540,999915682540,602,France,Female,33,8,0,2,1,1,112928.74,0
15636521,999915636521,744,Spain,Female,30,1,124037.28,1,1,1,142210.94,0
15785339,999915785339,640,France,Female,50,9,117565.03,2,0,0,82559.77,0
15638983,999915638983,684,France,Female,38,5,133189.4,1,0,0,127388.06,0
15654625,999915654625,495,Germany,Male,39,8,120252.02,2,1,1,10160.23,0
15697310,999915697310,559,Germany,Female,28,3,152264.81,1,0,0,64242.31,0
15678210,999915678210,684,France,Male,38,5,105069.98,2,1,1,198355.28,0
15575438,999915575438,613,France,Male,42,7,115076.06,1,1,1,79323.61,0
15632789,999915632789,794,France,Male,30,8,0,2,1,1,24113.91,0
15621423,999915621423,736,France,Female,42,7,117280.23,3,0,0,41921.06,1
15573520,999915573520,692,Germany,Male,49,6,110540.43,2,0,1,107472.99,0
15740458,999915740458,703,Spain,Male,36,7,135095.47,1,1,0,143859.66,0
15762799,999915762799,720,Germany,Male,23,0,187861.18,2,1,1,104120.17,0
15686885,999915686885,777,Germany,Male,44,3,124655.59,2,0,1,79792.3,0
15565996,999915565996,653,France,Male,44,8,0,2,1,1,154639.72,0
15662152,999915662152,552,France,Female,38,9,134105.01,1,0,0,57850.1,0
15711742,999915711742,708,France,Female,34,4,0,1,1,1,62868.33,0
15701885,999915701885,647,France,Female,40,9,0,2,0,1,92357.21,0
15774262,999915774262,597,Germany,Male,52,8,83693.34,2,1,1,161083.53,0
15567839,999915567839,501,France,Male,42,9,114631.23,1,0,1,91429.74,0
15644400,999915644400,709,France,Male,44,9,128601.98,1,1,0,117031.2,0
15797246,999915797246,621,Germany,Female,34,2,91258.52,2,1,0,44857.4,0
15778290,999915778290,799,France,Male,70,8,70416.75,1,1,1,36483.52,0
15708714,999915708714,675,France,Female,33,6,0,2,1,0,34045.61,0
15586183,999915586183,561,France,Female,35,5,0,2,1,0,59981.62,0
15761733,999915761733,707,France,Female,42,10,0,2,1,1,152944.39,0
15773934,999915773934,670,France,Male,33,6,88294.6,1,1,0,66979.06,0
15705343,999915705343,649,Spain,Female,32,7,0,1,1,0,28797.32,0
15593959,999915593959,524,France,Male,28,1,93577.3,1,1,1,51670.82,0
15664615,999915664615,689,Germany,Female,30,5,136650.89,1,1,1,41865.72,1
15671014,999915671014,573,Spain,Female,72,8,98765.84,1,1,1,96015.53,0
15657778,999915657778,657,France,Male,33,1,84309.57,2,0,0,103914.4,0
15585192,999915585192,686,Spain,Male,39,10,136258.06,1,0,0,89199.51,0
15592914,999915592914,683,France,Female,29,9,0,2,1,1,48849.89,0
15770995,999915770995,753,Germany,Female,47,1,131160.85,1,1,0,197444.69,0
15570990,999915570990,520,Spain,Female,30,4,145222.99,2,0,0,145160.96,0
15596165,999915596165,547,Germany,Male,25,4,98141.57,2,1,1,52309.8,0
15788131,999915788131,653,France,Male,47,6,0,1,1,0,50695.93,1
15800773,999915800773,648,Spain,Female,28,9,102282.61,1,1,1,157891.11,0
15690153,999915690153,639,France,Female,37,4,116121.84,2,0,1,181850.74,0
15638989,999915638989,711,France,Female,25,5,190066.54,1,0,0,51345.39,1
15623210,999915623210,484,Germany,Female,55,8,149349.58,3,0,0,137519.92,1
15652658,999915652658,721,France,Male,36,1,155176.83,2,1,1,49653.37,0
15684440,999915684440,548,Germany,Male,32,2,98986.28,1,1,1,55867.38,0
15730287,999915730287,679,France,Male,41,8,147726.98,3,1,0,172749.4,1
15720353,999915720353,553,France,Male,41,1,0,2,1,0,90607.31,0
15767231,999915767231,757,France,Male,36,7,144852.06,1,0,0,130861.95,0
15761554,999915761554,581,France,Male,54,4,89299.81,1,0,0,5558.47,1
15706637,999915706637,718,Spain,Male,40,9,0,2,0,0,121537.91,0
15690492,999915690492,625,France,Male,41,6,97663.16,2,1,0,57128.78,0
15694237,999915694237,744,Spain,Male,39,4,95161.75,1,1,0,19409.77,0
15729771,999915729771,799,Germany,Male,31,9,154586.92,1,0,1,88604.89,1
15609823,999915609823,751,Spain,Female,34,8,127095.14,2,0,0,479.54,0
15793366,999915793366,781,Germany,Male,35,7,92526.15,2,1,1,173837.54,0
15614813,999915614813,777,Germany,Female,46,0,107362.8,1,1,0,487.3,0
15566495,999915566495,704,Spain,Female,24,2,0,1,1,0,35600.25,1
15707602,999915707602,539,France,Female,47,2,127286.04,2,1,1,166929.43,1
15635244,999915635244,716,France,Female,29,6,0,2,1,1,98998.61,0
15805627,999915805627,670,France,Male,37,2,0,2,1,1,54229.74,0
15607986,999915607986,555,France,Male,40,10,139930.18,1,1,1,105720.09,0
15799785,999915799785,679,Germany,Female,30,4,77949.69,1,1,1,121151.46,0
15699963,999915699963,571,France,Male,38,1,121405.04,1,1,1,154844.22,0
15624595,999915624595,512,Spain,Female,35,5,124580.69,1,1,1,18785.48,0
15629750,999915629750,697,France,Male,35,5,133087.76,1,1,0,64771.61,0
15651460,999915651460,424,Spain,Male,34,7,0,1,1,1,16250.61,0
15753550,999915753550,684,France,Female,43,7,0,2,1,0,131093.99,0
15594133,999915594133,697,Spain,Male,62,7,0,1,1,0,129188.18,1
15772329,999915772329,580,Germany,Male,45,8,103741.14,1,1,0,47428.73,1
15591552,999915591552,600,France,Female,32,7,98877.95,1,1,0,132973.21,0
15750921,999915750921,521,France,Male,37,5,105843.26,2,1,1,84908.2,0
15701687,999915701687,664,Spain,Male,44,7,77526.66,3,0,0,57338.56,1
15728906,999915728906,634,France,Male,77,5,0,2,1,1,161579.85,0
15670029,999915670029,445,France,Female,33,7,0,2,1,0,122625.68,0
15763579,999915763579,702,Germany,Female,36,2,105264.88,2,1,1,52909.87,0
15728010,999915728010,485,France,Male,37,5,0,2,0,1,170226.47,0
15663194,999915663194,582,Germany,Female,40,3,110150.43,1,1,1,191757.65,1
15736510,999915736510,605,Spain,Female,57,2,0,3,1,0,66652.75,1
15745804,999915745804,628,France,Male,25,7,0,2,1,1,195977.75,0
15631451,999915631451,604,Spain,Female,28,6,0,2,1,1,69056.26,0
15746995,999915746995,724,Germany,Male,31,9,138166.3,1,1,0,12920.43,0
15730673,999915730673,567,Germany,Male,40,7,122265.24,1,1,0,138552.74,0
15734649,999915734649,779,Spain,Female,55,0,133295.98,1,1,0,22832.71,1
15701081,999915701081,785,France,Male,36,2,0,1,0,1,61811.1,0
15632503,999915632503,563,France,Female,32,0,148326.09,1,1,0,191604.27,1
15585928,999915585928,821,Germany,Female,31,2,68927.57,1,1,1,25445,0
15648681,999915648681,747,France,Female,47,5,139914.6,4,0,1,129964.56,1
15747757,999915747757,600,Germany,Female,58,8,118723.11,1,0,0,6209.51,1
15718921,999915718921,625,Spain,Male,32,7,106957.28,1,1,1,134794.02,0
15571081,999915571081,773,France,Female,41,7,190238.93,1,1,1,57549.65,0
15734578,999915734578,726,France,Female,53,1,113537.73,1,0,1,28367.21,0
15579583,999915579583,641,Spain,Female,40,4,101090.27,1,1,1,51703.09,0
15622729,999915622729,649,France,Female,46,2,0,2,1,1,66602.7,0
15662189,999915662189,434,Spain,Male,33,3,0,1,1,1,2739.71,0
15692718,999915692718,738,France,Female,38,7,0,2,0,0,69227.42,0
15762716,999915762716,762,Spain,Female,60,10,168920.75,1,1,0,31445.03,1
15724851,999915724851,507,Germany,Male,31,9,111589.67,1,1,0,150037.19,0
15587266,999915587266,606,Germany,Female,27,6,172310.33,1,0,1,111448.92,0
15675926,999915675926,655,Germany,Male,34,7,118028.35,1,1,0,51226.32,1
15706268,999915706268,697,Germany,Male,51,1,147910.3,1,1,1,53581.14,0
15581871,999915581871,504,Germany,Male,42,7,131287.36,2,1,1,149697.78,0
15666166,999915666166,653,France,Female,74,0,121276.32,1,1,1,160348.31,0
15671582,999915671582,660,Spain,Male,38,6,109869.32,1,1,1,154641.91,0
15680901,999915680901,652,France,Female,34,6,97435.85,2,1,1,104331.76,0
15642336,999915642336,669,France,Female,42,9,0,2,0,0,135630.32,0
15653147,999915653147,594,France,Male,35,2,133853.27,1,1,1,65361.66,0
15571284,999915571284,756,Germany,Male,32,0,109528.16,2,1,1,56176.31,0
15591360,999915591360,642,France,Female,33,4,84607.34,2,0,1,60059.47,0
15810485,999915810485,486,Germany,Male,37,1,101438,1,0,0,51364.56,0
15611973,999915611973,804,France,Male,55,7,0,2,1,1,118752.6,0
15735572,999915735572,629,France,Male,59,9,113657.83,1,1,1,116848.79,1
15567860,999915567860,581,Spain,Female,44,7,189318.16,2,1,0,45026.23,1
15795690,999915795690,667,France,Male,31,3,99513.91,1,1,1,189657.26,0
15706464,999915706464,667,Spain,Male,35,4,97585.32,2,0,0,57213.46,0
15725028,999915725028,679,France,Male,29,3,0,2,1,1,63687.06,0
15751167,999915751167,680,France,Female,43,4,0,2,1,1,58761.33,0
15633944,999915633944,644,Spain,Male,32,3,136659.74,1,1,1,14187.78,0
15672637,999915672637,571,France,Female,30,4,85755.86,1,1,0,145115.95,0
15680895,999915680895,627,Spain,Female,35,7,0,1,1,0,187718.26,0
15793825,999915793825,536,France,Male,39,4,0,2,1,0,27150.35,0
15611318,999915611318,599,Spain,Male,33,4,51690.89,1,1,0,111622.76,1
15768474,999915768474,744,Spain,Male,34,3,0,2,1,0,27244.35,0
15716276,999915716276,709,France,Female,34,2,111669.68,1,1,0,57029.66,0
15623668,999915623668,653,Germany,Male,31,2,154741.45,2,0,0,25183.01,0
15696361,999915696361,648,Germany,Male,31,7,125681.51,1,0,1,129980.93,0
15607988,999915607988,663,Germany,Female,37,8,155303.71,1,1,0,118716.63,0
15637891,999915637891,613,Germany,Female,43,4,140681.68,1,0,1,20134.07,0
15789865,999915789865,620,France,Male,28,9,71902.52,1,0,1,190208.23,0
15627190,999915627190,661,France,Male,51,6,146606.6,1,1,1,68021.9,0
15788224,999915788224,669,Germany,Male,45,1,123949.75,1,0,0,110881.56,0
15702149,999915702149,767,Germany,Female,33,1,144753.21,1,1,1,132480.75,0
15708236,999915708236,491,France,Female,72,6,91285.22,1,1,1,7032.95,0
15568469,999915568469,653,France,Male,43,0,0,2,1,0,27862.58,0
15764444,999915764444,679,Germany,Male,58,8,125850.53,2,1,1,87008.17,0
15794204,999915794204,687,France,Male,28,7,108116.66,1,1,1,27411.19,0
15807546,999915807546,837,France,Female,38,2,0,2,1,1,46395.21,0
15782159,999915782159,850,France,Male,28,8,67639.56,2,1,1,194245.29,0
15618703,999915618703,663,Spain,Female,53,6,150200.23,1,0,1,151317.27,1
15793317,999915793317,547,Spain,Female,22,7,141287.15,1,1,0,118142.79,0
15740487,999915740487,627,France,Female,41,6,0,3,1,1,138700.75,1
15722479,999915722479,707,France,Male,37,1,0,2,0,1,6035.51,0
15688264,999915688264,629,France,Female,43,0,0,2,1,1,41263.69,0
15583067,999915583067,687,France,Female,36,4,97157.96,1,0,1,63185.05,0
15686670,999915686670,588,France,Female,36,2,0,2,1,0,92536,1
15593345,999915593345,502,Germany,Female,33,6,125241.17,2,1,1,158736.07,0
15811690,999915811690,793,Germany,Male,54,2,128966.13,1,0,0,18633.4,1
15734008,999915734008,727,Germany,Male,59,5,152581.06,1,1,0,71830.1,1
15771856,999915771856,632,Spain,Female,32,1,0,2,1,0,19525.65,0
15762045,999915762045,474,Germany,Female,37,5,142688.57,2,1,1,110953.33,0
15778142,999915778142,850,Germany,Female,31,1,130089.56,2,1,1,4466.21,0
15689268,999915689268,584,France,Male,36,9,0,1,1,1,105818.51,0
15721507,999915721507,713,France,Female,32,1,117094.02,1,0,0,149558.83,1
15750476,999915750476,742,Spain,Male,24,8,0,2,1,0,4070.28,0
15810723,999915810723,607,France,Female,39,10,0,3,1,0,132741.13,1
15787229,999915787229,761,Spain,Female,34,2,0,2,1,0,61251.25,0
15570508,999915570508,600,France,Male,49,7,90218.9,1,1,0,91347.76,0
15617065,999915617065,650,Spain,Male,42,4,194532.66,1,1,0,171045.31,1
15689786,999915689786,850,Germany,Male,56,1,169743.83,1,0,0,155850.4,1
15648876,999915648876,501,France,Female,34,5,0,1,1,0,27380.99,0
15802106,999915802106,418,France,Male,34,8,155973.88,1,1,0,154208.96,0
15773869,999915773869,797,Spain,Male,59,4,129321.44,1,1,1,93624.55,0
15711635,999915711635,788,Germany,Female,42,6,138650.49,2,1,0,64746.07,0
15795527,999915795527,699,Spain,Male,43,2,136487.86,2,1,0,82815.93,0
15759133,999915759133,616,France,Male,18,6,0,2,1,1,27308.58,0
15679394,999915679394,651,France,Female,41,4,38617.2,1,1,1,104876.8,0
15801072,999915801072,654,France,Female,28,7,0,2,1,0,151316.37,0
15646082,999915646082,676,France,Female,34,8,82909.14,1,1,0,91817.38,1
15796111,999915796111,708,Germany,Female,54,8,145151.4,1,0,1,125311.17,1
15670646,999915670646,499,Spain,Female,42,0,147187.84,1,1,1,14868.94,1
15578722,999915578722,689,France,Male,39,4,0,2,1,0,196112.45,0
15815095,999915815095,850,Spain,Male,54,7,108185.81,2,0,0,24093.4,1
15730360,999915730360,502,France,Male,30,4,0,2,1,1,66263.87,0
15763194,999915763194,643,France,Male,34,7,0,2,0,1,100304.13,0
15720725,999915720725,762,France,Male,28,2,0,2,1,0,167909.52,0
15567834,999915567834,719,France,Male,49,5,105918.1,1,1,1,16246.59,0
15720644,999915720644,789,France,Male,27,6,0,2,1,0,103603.65,0
15811742,999915811742,553,Spain,Male,42,7,0,2,1,0,7680.23,0
15813363,999915813363,448,Spain,Male,25,2,0,2,0,0,95215.73,0
15717629,999915717629,632,Germany,Male,42,6,59972.26,2,0,1,148172.94,0
15713160,999915713160,669,Spain,Male,25,7,157228.61,2,1,0,124382.9,0
15568878,999915568878,654,Spain,Male,34,5,0,2,1,0,159311.46,0
15809800,999915809800,726,France,Female,38,4,0,2,0,0,6787.48,0
15736420,999915736420,596,France,Male,21,4,210433.08,2,0,1,197297.77,1
15757933,999915757933,733,Germany,Female,30,1,102452.71,1,1,0,21556.95,0
15623072,999915623072,529,Spain,Female,35,5,0,2,1,0,56518,0
15683993,999915683993,493,France,Female,37,8,142987.46,2,1,0,158840.99,0
15570947,999915570947,615,Spain,Female,29,7,143330.56,2,1,1,126396.01,0
15797767,999915797767,600,France,Female,49,6,0,1,0,1,148087.88,1
15731989,999915731989,666,France,Male,36,4,120165.4,2,1,0,33701.5,0
15591035,999915591035,644,Spain,Male,54,6,0,1,0,1,84622.37,0
15586479,999915586479,692,France,Female,36,4,0,1,1,0,185580.89,1
15605872,999915605872,707,France,Male,73,6,66573.17,1,1,1,62768.8,0
15666012,999915666012,603,France,Male,40,4,102833.46,2,1,1,38829.11,0
15641733,999915641733,671,France,Female,34,5,164757.56,1,1,0,110748.88,0
15593178,999915593178,568,Spain,Female,36,10,153610.61,1,1,1,54083.8,1
15649183,999915649183,598,Spain,Female,35,8,0,3,0,1,88658.73,0
15736399,999915736399,606,Spain,Male,42,10,0,2,1,0,177938.52,0
15751137,999915751137,850,Germany,Female,36,3,169025.83,1,1,0,174235.06,0
15757188,999915757188,644,Spain,Female,26,4,153455.72,2,1,1,82696.84,0
15726167,999915726167,655,France,Male,37,4,0,2,1,1,142415.97,0
15624850,999915624850,850,France,Male,30,10,153972.89,2,1,0,62811.03,0
15717700,999915717700,683,Spain,Male,34,9,114609.55,2,0,1,25339.29,0
15716347,999915716347,663,Germany,Male,37,7,143625.83,2,0,1,176487.05,0
15696287,999915696287,682,Germany,Female,38,1,116520.28,1,1,1,49833.5,1
15638871,999915638871,639,France,Male,77,6,80926.02,2,1,1,55829.25,0
15765093,999915765093,704,France,Male,23,6,166594.78,1,1,1,155823.2,0
15592999,999915592999,691,France,Female,40,0,115465.98,1,1,1,60622.61,0
15641715,999915641715,599,France,Male,34,8,0,2,1,1,174196.68,0
15607746,999915607746,573,France,Female,36,1,0,1,1,1,56905.38,0
15625311,999915625311,589,Germany,Female,41,7,92618.62,1,1,1,101178.85,0
15573077,999915573077,620,Germany,Female,25,8,141825.88,1,1,1,73857.94,1
15735106,999915735106,647,Spain,Male,28,6,149594.02,2,1,0,102325.19,0
15672912,999915672912,737,Spain,Female,39,7,130051.66,2,0,0,55356.39,1
15589881,999915589881,634,France,Female,41,7,0,2,1,1,131284.93,0
15660144,999915660144,660,France,Male,38,4,0,2,0,0,88080.43,0
15664083,999915664083,666,Germany,Female,37,2,158468.76,1,0,1,93266.01,0
15690898,999915690898,696,France,Male,44,8,161889.79,1,0,0,75562.47,0
15808023,999915808023,836,France,Female,29,9,133681.78,1,1,1,153747.73,0
15676909,999915676909,667,Spain,Female,34,5,0,2,1,0,163830.64,0
15764922,999915764922,596,Spain,Male,20,3,187294.46,1,1,0,103456.47,0
15766734,999915766734,430,France,Male,31,5,0,1,1,0,95655.16,0
15795079,999915795079,596,Spain,Male,67,6,0,2,1,1,138350.74,0
15757434,999915757434,599,France,Male,28,7,119706.22,1,0,0,31190.42,0
15673747,999915673747,519,France,Female,22,8,0,1,0,1,167553.06,0
15808386,999915808386,721,Germany,Female,45,7,138523.2,1,0,0,59604.45,1
15603565,999915603565,603,Spain,Female,56,5,90778.76,2,1,0,162223.67,1
15744044,999915744044,572,Germany,Male,47,4,99353.42,1,1,0,196549.85,1
15577771,999915577771,453,Germany,Female,40,1,111524.49,1,1,1,120373.84,1
15769548,999915769548,668,France,Female,37,7,128645.67,1,1,0,92149.64,0
15802071,999915802071,762,Germany,Male,35,1,117458.51,1,0,1,178361.48,1
15677395,999915677395,633,France,Female,39,9,129189.15,2,0,0,170998.83,0
15632010,999915632010,647,Spain,Male,33,7,121260.19,2,1,0,77216.48,0
15779492,999915779492,796,Spain,Male,56,6,94231.13,1,0,0,121164.6,1
15694677,999915694677,733,France,Male,39,1,0,2,1,1,141841.31,0
15704315,999915704315,556,France,Male,34,8,163757.06,1,1,1,104000.06,0
15742009,999915742009,489,Spain,Male,58,4,0,2,1,1,191419.32,0
15766663,999915766663,639,France,Male,22,4,0,2,1,0,28188.96,0
15742297,999915742297,715,France,Male,35,2,141005.47,1,1,1,60407.93,0
15688059,999915688059,807,Germany,Female,42,9,105356.09,2,1,1,130489.37,0
15752344,999915752344,714,Spain,Male,34,5,0,2,1,0,193040.32,0
15698749,999915698749,626,Germany,Female,23,6,85897.95,1,1,0,109742.8,0
15631693,999915631693,697,France,Male,36,7,0,2,1,1,74760.32,0
15604536,999915604536,850,Germany,Female,31,4,164672.66,1,0,1,61936.1,0
15802869,999915802869,737,Germany,Female,45,2,99169.67,2,1,1,78650.95,0
15635598,999915635598,812,France,Male,29,6,0,2,0,0,168023.6,0
15592326,999915592326,583,France,Male,36,8,0,2,0,1,5571.59,0
15736533,999915736533,730,Germany,Female,37,5,124053.03,1,1,0,118591.67,0
15647191,999915647191,677,France,Male,36,4,0,2,1,0,7824.31,0
15622507,999915622507,748,Germany,Female,40,3,103499.09,2,0,0,38153.19,0
15765487,999915765487,753,Germany,Female,38,9,151766.71,1,1,1,180829.99,0
15646521,999915646521,634,Spain,Female,36,1,0,1,1,1,143960.72,0
15746258,999915746258,622,France,Male,29,7,101486.96,1,1,1,8788.35,0
15692430,999915692430,699,Germany,Male,36,2,123601.56,2,1,0,103557.85,0
15625501,999915625501,570,Germany,Male,38,1,127201.58,1,1,0,147168.28,1
15640521,999915640521,552,Germany,Male,33,3,144962.74,1,1,0,58844.84,1
15790630,999915790630,619,France,Female,48,4,0,1,0,0,18094.96,1
15664720,999915664720,714,Spain,Male,33,8,122017.19,1,0,0,162515.17,0
15750055,999915750055,503,Spain,Male,32,9,100262.88,2,1,1,157921.25,0
15644878,999915644878,685,Spain,Female,43,6,117302.62,1,0,0,68701.73,0
15754578,999915754578,606,France,Female,35,0,135984.15,2,1,0,186778.89,0
15705379,999915705379,678,France,Male,38,3,0,2,1,0,66561.6,0
15761047,999915761047,724,Germany,Male,31,2,160997.54,2,0,1,64831.36,0
15671293,999915671293,779,Germany,Female,37,2,128389.63,1,1,1,6589.16,1
15687527,999915687527,638,Spain,Male,35,1,0,2,1,0,165370.66,0
15647898,999915647898,610,Spain,Female,50,5,130554.51,3,1,0,184758.17,1
15671534,999915671534,646,Germany,Female,57,6,90212,1,1,0,13911.27,1
15591248,999915591248,628,France,Female,29,9,71996.29,1,1,1,34857.46,0
15676156,999915676156,528,France,Female,32,4,85615.66,2,1,0,156192.43,0
15812918,999915812918,432,France,Female,27,6,62339.81,2,0,0,53874.67,0
15604130,999915604130,622,Spain,Female,47,6,142319.03,1,0,0,100183.05,0
15700549,999915700549,721,France,Male,54,5,0,2,1,1,4493.12,0
15715519,999915715519,614,Spain,Male,36,5,0,2,1,0,130610.78,0
15707042,999915707042,634,France,Female,24,2,87413.19,1,1,0,63340.65,0
15605276,999915605276,742,France,Female,29,4,0,2,1,1,180066.59,0
15630592,999915630592,516,France,Female,45,4,0,1,1,0,95273.73,1
15636626,999915636626,718,France,Male,35,3,97560.16,1,1,1,53511.74,0
15740411,999915740411,636,Germany,Male,30,8,141787.31,2,1,1,109685.61,0
15593834,999915593834,691,Spain,Male,36,7,129934.64,1,0,0,75664.56,1
15804235,999915804235,698,France,Female,37,2,166178.02,2,1,1,71972.95,0
15679801,999915679801,712,Spain,Female,39,5,163097.55,2,1,1,23702.42,0
15673907,999915673907,659,France,Male,20,8,0,2,0,0,112572.02,0
15636562,999915636562,573,Spain,Male,44,8,0,2,0,0,62424.46,0
15702571,999915702571,778,Germany,Female,35,1,151958.19,3,1,1,131238.37,1
15627365,999915627365,732,France,Male,46,0,0,2,1,1,184350.78,0
15748499,999915748499,550,Germany,Male,33,4,118400.91,1,0,1,13999.64,1
15598614,999915598614,790,Spain,Male,20,8,0,2,1,0,168152.76,0
15668889,999915668889,665,Germany,Female,43,2,116322.27,4,1,0,35640.12,1
15800049,999915800049,728,Spain,Female,43,5,0,1,1,1,120088.17,0
15583724,999915583724,645,Spain,Female,29,4,0,2,1,1,74346.11,0
15622083,999915622083,647,Germany,Male,30,6,143138.91,2,1,0,2955.46,0
15645571,999915645571,596,Spain,Male,32,4,0,2,0,1,146504.35,0
15598266,999915598266,610,France,Male,40,9,0,1,1,1,149602.54,0
15667934,999915667934,512,France,Male,36,0,129804.17,1,1,0,53020.9,0
15569682,999915569682,768,Germany,Male,37,9,108308.11,1,1,0,41788.25,1
15772941,999915772941,666,Germany,Male,30,3,110153.27,1,0,1,74849.46,0
15586174,999915586174,700,Germany,Female,30,4,116377.48,1,1,1,134417.31,0
15803682,999915803682,651,Germany,Female,37,10,117791.06,2,1,1,75837.58,0
15627328,999915627328,542,Spain,Female,26,2,0,2,1,1,54869.54,0
15717065,999915717065,686,France,Female,35,8,105419.73,1,1,0,35356.46,0
15602456,999915602456,850,Germany,Female,47,4,99219.47,2,1,1,122141.13,0
15721569,999915721569,658,Germany,Female,55,8,119327.93,1,0,1,119439.66,0
15573798,999915573798,448,France,Female,36,6,83947.12,2,1,0,81999.53,0
15638272,999915638272,609,Spain,Male,32,4,99883.16,1,1,1,120594.85,0
15799859,999915799859,704,France,Male,50,4,165438.26,1,1,0,120770.75,1
15599152,999915599152,698,France,Male,31,1,156111.24,1,0,0,134790.74,0
15737909,999915737909,759,France,Male,44,2,111095.58,2,1,0,100137.7,0
15646190,999915646190,677,France,Female,56,0,119963.45,1,0,0,158325.87,1
15711249,999915711249,544,Spain,Male,22,4,0,2,1,0,70007.67,0
15671987,999915671987,567,Spain,Male,35,8,153137.74,1,1,0,88659.07,0
15812766,999915812766,490,Spain,Male,40,6,156111.08,1,0,0,190889.13,0
15778589,999915778589,626,France,Male,34,7,113014.7,2,1,1,56646.28,0
15750104,999915750104,718,Germany,Male,43,5,132615.73,2,1,0,32999.1,0
15784526,999915784526,616,France,Male,44,5,102016.38,1,0,1,178235.37,1
15646563,999915646563,772,France,Female,35,9,0,1,0,1,25448.31,0
15744423,999915744423,561,France,Male,32,5,0,2,1,0,84871.99,0
15593694,999915593694,814,France,Male,49,8,0,2,0,0,157822.54,0
15785367,999915785367,651,France,Female,56,4,0,1,0,0,84383.22,1
15687765,999915687765,538,Germany,Female,42,4,80380.24,1,1,0,119216.46,0
15789014,999915789014,600,France,Female,26,6,108909.12,1,1,0,82547.01,0
15703177,999915703177,654,France,Female,35,2,90865.8,1,1,1,86764.46,0
15660263,999915660263,622,France,Male,40,4,99799.76,2,1,0,197372.13,0
15776545,999915776545,682,France,Male,28,10,200724.96,1,0,1,82872.64,1
15683276,999915683276,610,Spain,Female,37,10,140363.95,2,1,1,129563.86,0
15599272,999915599272,795,France,Female,36,1,151844.64,1,1,1,135388.89,0
15589541,999915589541,557,France,Female,27,2,0,2,0,1,4497.55,0
15608804,999915608804,824,Germany,Male,49,8,133231.48,1,1,1,67885.37,0
15645820,999915645820,698,France,Male,27,7,0,2,1,0,111471.55,0
15659031,999915659031,630,France,Female,36,8,126598.99,2,1,1,134407.93,0
15790113,999915790113,609,Germany,Female,71,6,113317.1,1,1,0,108258.22,1
15652289,999915652289,694,France,Male,47,4,0,2,1,0,197528.62,0
15605341,999915605341,681,France,Female,58,8,93173.88,1,1,1,139761.25,0
15697844,999915697844,721,Spain,Female,32,10,0,1,1,0,136119.96,1
15652048,999915652048,563,Germany,Male,44,7,105007.31,2,1,1,197812.16,0
15587038,999915587038,654,Spain,Female,32,2,0,1,1,1,51972.92,1
15660528,999915660528,659,Spain,Male,27,4,0,2,1,0,99341.87,0
15700300,999915700300,674,Germany,Female,44,4,131593.85,1,0,1,171345.02,1
15642001,999915642001,576,Germany,Male,44,9,119530.52,1,1,0,119056.68,1
15580366,999915580366,566,Germany,Male,54,4,118614.6,2,1,1,172601.62,0
15657228,999915657228,545,Germany,Male,37,9,95829.13,2,0,1,104936.88,0
15729377,999915729377,798,France,Male,36,1,0,2,1,1,159044.1,0
15686913,999915686913,757,France,Male,38,0,0,1,1,0,83263.06,0
15631267,999915631267,641,France,Male,50,6,153590.73,2,1,1,130910.78,0
15632275,999915632275,718,France,Male,29,2,0,1,1,0,126336.72,0
15715907,999915715907,699,France,Male,64,9,113109.52,1,1,0,27980.8,1
15764841,999915764841,623,France,Female,35,0,130557.24,1,1,1,47880.71,0
15748649,999915748649,644,France,Male,40,8,93183.19,1,1,0,73882.49,0
15771409,999915771409,586,France,Male,58,7,151933.63,1,1,0,162960.05,1
15779207,999915779207,500,Germany,Male,30,2,125495.64,2,1,1,68807.47,0
15814116,999915814116,583,France,Female,42,7,0,2,1,0,144039.05,0
15665087,999915665087,595,Germany,Female,26,8,118547.72,1,1,1,151192.18,0
15611189,999915611189,670,Spain,Male,43,1,97792.21,1,0,0,120225.62,0
15729718,999915729718,610,France,Male,41,6,0,3,0,0,56118.81,1
15733602,999915733602,814,Spain,Female,72,2,0,2,0,1,130853.03,0
15620103,999915620103,660,France,Female,40,8,167181.01,1,1,1,185156.94,0
15770406,999915770406,580,Germany,Male,35,9,121355.19,1,0,1,35671.45,0
15800554,999915800554,850,France,Female,81,1,0,2,1,1,59568.24,0
15611409,999915611409,676,Spain,Male,35,0,0,2,0,0,139911.58,0
15646535,999915646535,578,France,Male,46,5,113226.47,1,1,0,56770.76,0
15575430,999915575430,579,France,Female,33,1,118392.75,1,1,1,157564.75,0
15711299,999915711299,711,Germany,Female,52,8,145262.54,1,0,1,131473.31,0
15642063,999915642063,692,France,Male,40,6,163505.16,1,0,0,90424.09,0
15706602,999915706602,760,Spain,Female,33,1,118114.28,2,0,1,156660.21,0
15592773,999915592773,630,Germany,Female,51,0,108449.23,3,0,0,88372.69,1
15786539,999915786539,808,France,Male,32,1,0,2,1,1,46200.71,0
15737542,999915737542,611,Germany,Female,36,10,103294.56,1,1,0,160548.12,0
15590234,999915590234,697,France,Female,42,1,0,1,1,0,1262.83,1
15773776,999915773776,655,France,Female,38,6,0,1,1,1,188639.28,0
15728082,999915728082,601,Spain,Male,28,6,0,2,1,0,14665.28,0
15609987,999915609987,755,France,Male,42,2,119919.12,1,1,0,156868.21,0
15735330,999915735330,553,France,Male,37,1,0,1,1,0,30461.55,0
15649430,999915649430,723,France,Male,28,4,0,2,1,1,123885.88,0
15768777,999915768777,507,Spain,Female,34,4,0,2,1,1,60688.38,0
15777893,999915777893,777,France,Male,43,1,0,2,1,0,21785.91,0
15791326,999915791326,566,France,Male,34,3,0,1,0,0,188135.69,0
15615176,999915615176,732,France,Male,26,7,0,2,1,0,154364.66,0
15735221,999915735221,697,France,Female,42,10,0,2,1,0,61312.15,0
15617991,999915617991,555,France,Male,29,4,128744.04,1,1,1,47454.93,0
15658504,999915658504,584,Germany,Female,62,9,137727.34,2,0,1,121102.9,0
15785705,999915785705,705,Germany,Female,44,10,106731.58,1,1,0,137419.87,1
15801817,999915801817,688,France,Female,38,7,123544.21,1,1,1,157664.02,0
15752578,999915752578,626,France,Female,37,2,133968.96,2,1,0,148689.65,0
15781574,999915781574,636,Spain,Male,76,9,126534.6,1,1,1,39789.62,0
15792107,999915792107,719,Spain,Female,35,8,0,1,1,1,165162.4,0
15569917,999915569917,706,Spain,Male,30,6,87609.68,2,0,0,137674.55,1
15721504,999915721504,731,Spain,Male,41,3,0,2,1,0,101371.72,0
15757306,999915757306,738,Spain,Male,49,3,0,3,1,1,65066.48,1
15647295,999915647295,426,France,Male,34,9,0,2,1,0,107876.91,0
15642098,999915642098,622,Spain,Female,36,0,108960,2,1,0,111180.3,1
15696120,999915696120,701,Spain,Female,30,2,0,2,1,0,115650.63,0
15675176,999915675176,512,France,Male,51,6,144953.31,1,1,1,165035.17,0
15700046,999915700046,635,France,Male,41,4,103544.88,2,1,0,193746.55,0
15782089,999915782089,685,France,Male,33,6,0,1,1,0,58458.26,0
15706394,999915706394,609,France,Male,53,7,0,2,0,1,52332.85,0
15759387,999915759387,598,Germany,Male,38,1,101487.18,1,1,1,75959.1,1
15623369,999915623369,708,France,Male,52,10,105355.81,1,1,0,123.07,1
15732943,999915732943,574,Spain,Male,36,4,77967.5,1,1,0,167066.95,1
15750545,999915750545,629,France,Male,44,5,0,4,0,0,117572.59,1
15809909,999915809909,422,Spain,Female,54,4,0,2,1,1,7166.71,0
15642448,999915642448,656,Spain,Male,28,8,120047.77,1,1,1,137173.39,0
15791944,999915791944,697,France,Male,32,7,175464.85,3,1,0,116442.42,1
15768342,999915768342,718,France,Male,52,8,79475.3,3,1,1,32421.32,1
15567919,999915567919,586,Germany,Male,37,8,167735.69,2,0,1,104665.79,0
15674750,999915674750,481,Spain,Female,37,8,0,2,1,0,44215.86,0
15778345,999915778345,749,France,Female,33,1,74385.98,1,1,0,20164.47,0
15687634,999915687634,561,Germany,Male,49,5,94754,1,1,1,26691.31,0
15666096,999915666096,676,Spain,Male,27,4,0,1,0,1,107955.67,0
15581700,999915581700,615,Germany,Male,43,3,86920.86,1,1,1,150048.37,0
15656417,999915656417,582,France,Female,39,1,132077.48,2,1,0,192255.15,0
15649101,999915649101,601,France,Male,40,10,127847.86,1,0,0,173245.68,0
15781975,999915781975,708,France,Male,34,3,0,1,0,1,121457.88,1
15700511,999915700511,708,Germany,Male,42,9,176702.36,2,1,1,104804.74,0
15770255,999915770255,797,Germany,Female,33,10,83555.58,1,0,0,69767.14,0
15643574,999915643574,682,France,Male,26,8,0,2,1,0,178373.43,0
15595010,999915595010,694,Spain,Female,39,9,0,2,0,0,99924.04,0
15580579,999915580579,490,France,Female,40,1,0,1,1,1,49594.19,1
15748532,999915748532,828,Spain,Male,42,10,0,1,1,1,186071.14,0
15773789,999915773789,594,Spain,Female,38,7,96858.35,1,1,0,77511.45,0
15600027,999915600027,579,Spain,Male,33,1,0,2,1,1,54816.57,0
15620832,999915620832,723,France,Female,35,0,0,2,0,1,61290.99,0
15568819,999915568819,619,Germany,Female,42,8,132796.04,3,1,1,191821.35,1
15748691,999915748691,794,Spain,Female,30,1,154970.54,1,0,1,156768.45,0
15583552,999915583552,674,Germany,Male,44,3,88902.21,1,1,0,73731.32,0
15588019,999915588019,418,France,Male,28,7,98738.92,1,1,0,122190.22,0
15713250,999915713250,502,France,Male,33,8,0,2,1,1,123509.01,0
15569595,999915569595,678,France,Female,50,6,0,1,1,0,8199.5,0
15794868,999915794868,599,Germany,Male,40,10,137456.28,2,1,1,14113.11,0
15576680,999915576680,736,France,Male,29,4,0,2,0,0,51705.01,0
15613699,999915613699,430,France,Female,60,7,73937.02,1,1,0,161937.62,1
15609758,999915609758,537,France,Female,45,7,158621.04,1,1,0,120892.96,1
15762392,999915762392,683,Spain,Male,30,1,113257.2,1,1,1,65035.02,0
15693382,999915693382,828,France,Male,31,9,0,1,0,1,164257.37,0
15791769,999915791769,691,France,Female,29,9,116536.43,1,1,0,51987.99,0
15712483,999915712483,608,Spain,Female,28,4,0,2,1,0,10899.63,1
15636454,999915636454,691,France,Female,60,6,101070.69,1,1,0,177355.8,1
15710138,999915710138,718,Spain,Male,39,6,0,2,0,1,63889.1,0
15571571,999915571571,680,Germany,Female,31,3,127331.46,3,1,1,176433.6,0
15638751,999915638751,838,Spain,Female,41,5,0,2,1,0,81313.51,0
15598574,999915598574,695,Spain,Female,31,5,0,2,0,1,13998.88,0
15796787,999915796787,681,France,Male,46,0,105969.42,1,1,0,5771.56,0
15615670,999915615670,762,France,Male,36,5,119547.46,1,1,1,42693.65,0
15705506,999915705506,751,Spain,Male,38,7,0,2,0,0,90839.61,0
15599535,999915599535,678,Spain,Male,28,5,138668.18,1,1,1,54144.01,0
15768449,999915768449,634,France,Female,37,7,51582.5,2,1,1,184312.88,0
15725002,999915725002,749,France,Male,37,7,0,2,1,0,20306.79,0
15611682,999915611682,590,Spain,Male,37,6,169902.92,1,1,1,128256.18,0
15749964,999915749964,610,France,Female,27,4,87262.4,2,1,0,182720.07,0
15678779,999915678779,502,France,Male,33,7,0,2,0,1,4082.52,0
15752601,999915752601,578,France,Female,40,7,0,2,0,0,102233.73,0
15758477,999915758477,547,France,Female,32,2,0,2,1,0,132002.83,0
15629133,999915629133,579,France,Female,27,9,0,2,1,0,126838.7,0
15604963,999915604963,661,France,Male,39,5,0,2,0,0,181461.46,0
15796413,999915796413,794,France,Male,46,6,0,2,1,0,195325.74,0
15812470,999915812470,719,France,Male,61,5,0,2,0,1,29132.43,0
15587443,999915587443,728,France,Female,69,1,0,2,1,1,131804.86,0
15689692,999915689692,598,Germany,Male,19,3,150348.37,1,1,1,173784.04,0
15779586,999915779586,822,Germany,Female,46,3,115074.02,2,1,0,26249.86,0
15667588,999915667588,670,Spain,Female,40,3,0,1,1,1,182650.15,0
15624423,999915624423,850,France,Male,28,8,99986.98,1,1,0,196582.55,0
15591107,999915591107,723,Germany,Female,68,3,110357,1,0,0,141977.54,1
15748986,999915748986,705,Germany,Male,42,8,166685.92,2,1,1,55313.51,0
15793896,999915793896,677,Spain,Male,40,7,95312.8,1,1,1,62944.75,0
15620570,999915620570,736,France,Male,43,4,202443.47,1,1,0,72375.03,0
15727811,999915727811,661,Germany,Female,47,0,109493.62,1,0,0,188324.01,1
15707681,999915707681,501,Germany,Male,38,9,88977.39,2,0,1,133403.07,0
15702030,999915702030,516,France,Female,29,2,104982.57,1,1,0,157378.5,0
15673238,999915673238,517,Germany,Female,59,8,154110.99,2,1,0,101240.08,1
15604196,999915604196,766,France,Male,32,6,185714.28,1,1,1,102502.5,0
15769356,999915769356,520,Germany,Female,23,3,116022.53,2,1,1,37577.66,0
15665590,999915665590,541,France,Male,46,6,0,2,1,1,83456.67,0
15572361,999915572361,790,Germany,Female,34,2,164011.48,1,1,0,199420.41,0
15667460,999915667460,797,France,Male,31,9,0,2,1,1,24748.89,0
15654760,999915654760,811,France,Male,40,1,101514.89,1,1,1,121765,0
15632669,999915632669,722,Spain,Female,32,4,0,2,1,1,113666.48,0
15613673,999915613673,675,France,Male,28,9,0,1,1,0,134110.93,0
15698522,999915698522,660,Germany,Male,39,9,134599.33,2,1,0,183095.87,0
15741633,999915741633,566,Spain,Male,32,10,147511.26,1,1,1,159891.03,0
15674583,999915674583,768,France,Male,25,0,78396.08,1,1,1,8316.19,0
15665374,999915665374,610,Spain,Female,31,5,0,2,0,0,63736.36,0
15588854,999915588854,715,France,Female,31,3,110581.29,1,1,1,94715.24,0
15810716,999915810716,750,Germany,Male,42,8,151836.36,2,1,0,68695.38,0
15776921,999915776921,431,Germany,Male,45,5,83624.55,2,0,0,36899.62,0
15569394,999915569394,704,France,Male,24,2,148197.15,2,1,0,182775.08,0
15788215,999915788215,535,Spain,Female,30,5,122924.75,1,0,0,62390.59,1
15641007,999915641007,614,France,Female,38,4,72594,1,1,1,76042.48,0
15594651,999915594651,748,France,Male,38,4,115221.36,1,0,1,70956.75,0
15575146,999915575146,492,Germany,Male,51,8,117808.74,2,1,1,67311.12,0
15608916,999915608916,573,France,Male,40,7,147754.68,1,1,1,110454.46,0
15666297,999915666297,706,Spain,Female,53,3,0,3,0,0,88479.02,1
15598586,999915598586,680,France,Male,31,10,113292.17,1,1,1,122639.73,0
15665014,999915665014,458,Spain,Male,36,5,0,2,1,0,79723.78,0
15701738,999915701738,612,Germany,Male,44,2,115163.38,1,1,1,97677.52,1
15650591,999915650591,809,Germany,Male,50,10,118098.62,1,1,1,100720.02,1
15652667,999915652667,590,France,Male,39,9,0,2,1,1,104730.52,0
15679622,999915679622,602,France,Male,35,8,0,1,1,1,22499.29,0
15730150,999915730150,540,Spain,Male,37,0,120825.7,1,1,0,28257.89,0
15813192,999915813192,494,France,Male,25,6,0,2,0,1,109988.09,0
15606554,999915606554,797,France,Male,29,1,0,1,0,1,149991.32,0
15611794,999915611794,526,Germany,Male,61,6,133845.28,2,1,1,45180.8,0
15672357,999915672357,631,Spain,Male,38,7,0,2,1,0,181605.85,0
15711759,999915711759,576,France,Female,29,5,108541.04,1,1,1,126469.09,0
15615296,999915615296,405,France,Male,39,10,0,1,1,0,160810.85,1
15699294,999915699294,555,France,Male,30,1,0,2,0,0,88146.86,0
15788634,999915788634,750,Spain,Female,37,2,113817.06,1,0,0,88333.74,0
15660871,999915660871,665,France,Male,28,8,137300.23,1,1,0,90174.83,0
15618258,999915618258,640,Spain,Male,37,5,158024.38,1,1,0,81298.09,0
15722535,999915722535,457,France,Female,33,7,127837.54,1,0,1,60013.17,0
15711977,999915711977,695,France,Male,36,4,161533,1,1,0,100940.91,0
15690169,999915690169,645,France,Male,31,7,161171.7,2,1,0,12599.94,1
15790689,999915790689,647,Spain,Male,32,9,80958.36,1,1,1,128590.73,0
15665181,999915665181,808,Spain,Male,25,7,0,2,0,1,23180.37,0
15633608,999915633608,641,France,Male,33,2,146193.6,2,1,1,55796.83,1
15805261,999915805261,700,Spain,Male,29,8,0,2,0,1,152097.02,0
15740356,999915740356,660,Germany,Male,26,4,115021.76,1,0,1,162443.05,0
15808223,999915808223,615,Spain,Male,41,1,126773.43,1,1,1,55551.26,0
15769980,999915769980,705,Germany,Female,40,3,92889.91,1,1,1,109496.69,0
15675450,999915675450,718,France,Male,48,9,0,2,1,1,72105.63,0
15776494,999915776494,754,France,Male,61,5,146622.35,1,1,1,41815.22,1
15592412,999915592412,713,Germany,Male,45,4,131038.14,1,1,0,74005.04,1
15777452,999915777452,587,France,Female,46,6,88820.29,1,0,0,70224.34,0
15692258,999915692258,569,Spain,Male,31,1,115406.97,1,0,0,145528.22,0
15791045,999915791045,568,France,Female,38,3,132951.92,1,0,1,124486.28,0
15807889,999915807889,634,Germany,Male,74,5,108891.7,1,1,0,10078.02,0
15602043,999915602043,770,Germany,Female,46,5,141788.63,2,0,0,164967.21,0
15807335,999915807335,676,Spain,Female,64,4,116954.32,1,1,1,91149.48,0
15629985,999915629985,723,Germany,Female,47,10,90450,2,0,0,103379.31,1
15679453,999915679453,614,Germany,Female,39,8,125997.22,1,1,1,128049.34,1
15637315,999915637315,601,Spain,Female,41,3,0,2,1,0,54342.83,0
15691513,999915691513,592,France,Male,60,9,0,4,1,1,13614.01,1
15622289,999915622289,605,Spain,Female,36,9,0,2,0,1,35521.63,0
15715184,999915715184,752,Spain,Female,31,4,144637.86,2,1,0,40496.72,0
15702801,999915702801,677,France,Female,29,3,86616.35,1,0,0,91903.9,1
15719931,999915719931,850,France,Male,31,8,0,2,1,0,178667.7,0
15806081,999915806081,608,Germany,Female,48,2,127924.25,2,1,0,32202.61,0
15796336,999915796336,786,Spain,Female,34,9,0,2,1,0,117034.32,0
15647306,999915647306,777,France,Female,29,9,131240.61,1,1,1,163746.09,1
15742369,999915742369,667,Spain,Male,31,5,0,2,1,1,20346.69,0
15655859,999915655859,848,Spain,Male,35,5,120046.74,2,1,0,84710.65,0
15675650,999915675650,486,France,Female,39,8,97819.36,1,0,1,120531.31,0
15574119,999915574119,598,Spain,Female,64,1,62979.93,1,1,1,152273.57,0
15754168,999915754168,506,France,Female,40,3,0,1,1,1,144345.58,0
15763029,999915763029,612,Germany,Male,46,9,161450.03,1,1,1,96961,1
15765048,999915765048,545,France,Male,30,3,0,2,1,0,170307.43,0
15786215,999915786215,793,France,Male,56,8,119496.25,2,1,0,29880.99,0
15707559,999915707559,682,France,Female,30,9,0,2,1,1,195104.91,0
15582129,999915582129,517,France,Male,62,1,43772.66,3,1,0,187756.24,1
15687540,999915687540,684,France,Male,32,9,100249.41,2,0,1,67599.69,0
15787196,999915787196,692,Spain,Male,46,2,0,2,1,1,105983.09,0
15670898,999915670898,740,France,Female,60,5,108028.08,2,0,0,25980.42,1
15775433,999915775433,666,Germany,Male,71,1,53013.29,2,1,1,112222.64,0
15700693,999915700693,693,France,Male,68,2,0,2,1,1,59864.96,0
15677955,999915677955,757,Germany,Male,33,1,122088.67,1,1,0,42581.09,0
15570086,999915570086,684,Germany,Male,18,9,90544,1,0,1,4777.23,0
15794875,999915794875,691,Spain,Male,35,6,0,2,0,1,178038.17,0
15673591,999915673591,842,France,Male,44,3,141252.18,4,0,1,128521.16,1
15631756,999915631756,482,France,Female,35,5,147813.05,2,0,0,109029.72,0
15757617,999915757617,735,France,Male,55,6,134140.68,1,1,0,2267.88,0
15612729,999915612729,681,France,Female,63,7,0,2,1,1,55054.48,0
15637857,999915637857,616,France,Female,31,8,0,1,0,1,76456.17,0
15681007,999915681007,850,France,Female,35,2,128548.49,4,1,0,75478.95,1
15593622,999915593622,635,France,Male,43,10,122198.21,2,0,1,179144.54,0
15629273,999915629273,638,Germany,Male,42,8,145177.84,1,1,0,193471.74,1
15765846,999915765846,820,Spain,Female,31,2,94222.53,1,1,0,103570.8,0
15596013,999915596013,694,Germany,Female,58,1,143212.22,1,0,0,102628.56,1
15722473,999915722473,713,France,Male,41,3,0,2,1,0,55772.04,0
15774936,999915774936,543,Germany,Male,41,6,143350.41,1,1,1,192070.16,1
15685640,999915685640,649,France,Female,41,3,130931.83,1,1,1,144808.37,0
15566563,999915566563,777,France,Female,30,4,137851.31,1,1,0,5008.23,1
15768746,999915768746,561,France,Male,33,6,0,2,0,0,173680.39,0
15689952,999915689952,724,Spain,Male,41,5,0,1,0,1,115753.94,0
15725906,999915725906,665,Spain,Female,51,8,0,1,1,1,38928.48,1
15634501,999915634501,441,France,Male,60,1,140614.15,1,0,1,174381.23,0
15571940,999915571940,579,Spain,Male,22,3,118680.57,1,1,1,49829.8,0
15741643,999915741643,777,Germany,Male,35,7,122917.69,1,1,1,76169.68,0
15806822,999915806822,739,France,Female,36,0,0,2,0,0,133465.57,0
15701166,999915701166,660,France,Male,40,5,131754.11,2,1,1,38761.61,0
15718531,999915718531,554,France,Female,35,8,0,2,1,1,176779.46,0
15628308,999915628308,850,France,Female,24,6,0,2,1,1,13159.9,0
15585287,999915585287,842,Germany,Female,35,9,119948.09,1,1,0,48217.97,1
15781619,999915781619,785,France,Female,38,1,0,1,1,0,134964.85,1
15805162,999915805162,550,France,Male,25,0,0,2,1,1,184221.11,0
15588535,999915588535,750,Spain,Female,39,6,0,2,0,0,19264.33,0
15775307,999915775307,490,Spain,Female,38,3,97266.1,1,1,1,92797.23,0
15777616,999915777616,605,Germany,Male,28,10,113690.83,1,1,0,33114.24,0
15692291,999915692291,563,Spain,Female,42,6,99056.22,2,1,0,154347.95,1
15680843,999915680843,675,France,Male,34,8,0,2,1,1,184842.21,0
15606232,999915606232,621,Spain,Female,36,7,116338.68,1,1,1,155743.48,0
15641585,999915641585,850,France,Male,40,6,97339.99,1,0,1,88815.25,0
15684358,999915684358,711,France,Male,41,3,0,2,1,1,193747.57,0
15806389,999915806389,549,Germany,Female,55,1,137592.31,2,0,1,116548.02,1
15641860,999915641860,764,Germany,Male,34,6,108760.27,2,1,0,166324.79,1
15814237,999915814237,627,Germany,Male,30,3,128770.88,2,1,1,40199.01,0
15808780,999915808780,850,France,Female,34,2,0,2,0,0,51919.04,0
15767064,999915767064,614,Spain,Female,36,1,44054.84,1,1,1,73329.08,0
15751177,999915751177,685,Germany,Female,44,2,119657.53,1,1,0,145387.05,1
15613427,999915613427,683,Germany,Female,49,7,108797.63,2,0,0,140763.18,0
15647259,999915647259,643,Spain,Male,35,2,0,2,0,0,67979.35,0
15748660,999915748660,561,Germany,Female,49,1,102025.32,1,1,0,133051.64,1
15726695,999915726695,601,Spain,Female,20,9,122446.61,2,1,0,86791.9,0
15757473,999915757473,766,France,Female,27,7,158786.67,2,0,1,47579.25,0
15809509,999915809509,699,France,Male,29,3,125689.29,1,1,1,151623.71,0
15715512,999915715512,850,Germany,Male,29,1,154640.41,1,1,1,164039.51,0
15614168,999915614168,792,Germany,Female,50,4,146710.76,1,1,0,16528.4,1
15679818,999915679818,636,Germany,Male,67,7,136709.35,1,0,1,66753.1,1
15609928,999915609928,850,Germany,Male,43,5,129305.09,2,0,1,19244.58,0
15731246,999915731246,628,Spain,Male,40,10,0,2,1,0,103832.58,0
15685243,999915685243,736,France,Female,63,10,0,2,0,1,502.7,0
15638730,999915638730,711,France,Female,21,0,82844.33,2,0,1,1408.68,0
15697034,999915697034,583,Spain,Female,22,2,0,2,0,1,5985.36,0
15699225,999915699225,757,France,Male,46,0,0,2,1,0,37460.05,0
15677387,999915677387,749,Germany,Female,33,10,76692.22,1,0,1,30396.43,0
15759184,999915759184,705,France,Male,34,7,117715.84,1,1,0,2498.67,0
15595991,999915595991,585,France,Male,54,8,87105.32,1,1,1,55346.14,0
15681332,999915681332,437,France,Female,43,6,0,1,1,0,148330.97,1
15756299,999915756299,741,France,Female,64,2,69311.16,1,1,1,59237.72,0
15750547,999915750547,738,France,Male,26,9,0,2,1,1,48644.94,0
15566380,999915566380,586,Spain,Female,33,10,66948.67,2,1,1,140759.03,0
15675963,999915675963,627,France,Female,57,9,0,2,1,1,107712.42,0
15674671,999915674671,551,Spain,Male,76,2,128410.71,2,1,1,181718.73,0
15621466,999915621466,606,Germany,Male,38,3,99897.53,1,0,0,37054.65,0
15607176,999915607176,674,France,Male,22,3,0,1,1,1,173940.59,0
15570299,999915570299,584,Germany,Female,31,6,152622.34,1,1,0,99298.8,0
15613197,999915613197,590,France,Male,40,8,0,2,1,0,62933.03,0
15798885,999915798885,585,France,Male,56,4,138227.19,2,1,1,55287.84,0
15714883,999915714883,508,France,Female,25,2,111395.53,1,0,1,48197.06,0
15604497,999915604497,458,Germany,Male,44,7,84386.57,1,1,0,178642.73,0
15773949,999915773949,692,France,Female,36,3,0,2,1,1,8282.22,0
15774164,999915774164,502,Germany,Male,33,5,174673.65,2,1,0,33300.56,0
15774127,999915774127,518,France,Male,46,3,0,2,1,0,76515.79,0
15619016,999915619016,660,Germany,Male,46,5,109019.65,2,1,1,33680.56,0
15795759,999915795759,698,Germany,Female,52,1,107906.75,1,1,0,168886.39,1
15798844,999915798844,678,France,Male,54,7,128914.97,1,0,0,191746.23,1
15717962,999915717962,773,Spain,Male,63,9,111179.83,1,1,1,93091.02,0
15691504,999915691504,619,Germany,Female,52,8,124099.13,1,0,0,23904.52,0
15693893,999915693893,684,Germany,Male,59,9,122471.09,1,0,1,15807.07,0
15672499,999915672499,635,France,Male,34,3,134692.4,2,1,1,83773.02,0
15750410,999915750410,680,France,Female,25,4,123816.5,1,1,1,90162.35,0
15568904,999915568904,608,Germany,Male,34,3,106288.54,1,1,1,36639.25,0
15649033,999915649033,603,Germany,Female,55,7,127723.25,2,1,0,139469.11,1
15780989,999915780989,579,Spain,Male,43,2,145843.82,1,1,1,198402.37,1
15771059,999915771059,756,Germany,Female,34,2,148200.72,1,0,0,194584.48,0
15687852,999915687852,611,France,Male,30,2,104145.65,1,0,0,159629.64,0
15695280,999915695280,532,Germany,Male,24,8,142755.25,1,0,0,34231.48,0
15592751,999915592751,684,Germany,Female,63,3,81245.79,1,1,0,69643.31,1
15598338,999915598338,647,Germany,Female,33,3,168560.46,2,0,0,90270.16,0
15735784,999915735784,583,France,Male,38,8,0,1,1,0,47848.56,0
15629128,999915629128,774,Germany,Male,42,2,132193.94,2,1,1,162865.52,0
15642870,999915642870,677,France,Male,58,9,0,1,0,1,168650.4,0
15637977,999915637977,542,Germany,Male,25,8,139330.1,1,0,0,54372.37,0
15600792,999915600792,613,Spain,Male,29,0,0,2,0,1,133897.32,0
15576131,999915576131,666,France,Male,40,5,0,2,1,0,147878.05,0
15686588,999915686588,777,France,Female,28,2,134571.5,1,0,1,118313.38,0
15761018,999915761018,581,Germany,Male,50,2,143829.2,2,1,0,181224.24,1
15616029,999915616029,705,France,Male,32,7,0,2,1,0,7921.57,0
15761149,999915761149,673,France,Female,44,8,133444.97,1,0,1,5708.19,0
15802758,999915802758,594,Germany,Female,23,4,104753.84,2,1,0,56756.52,1
15647838,999915647838,648,Germany,Female,51,2,116574.84,1,1,0,4121.04,1
15735968,999915735968,605,France,Male,41,10,0,2,0,1,97213.09,0
15581286,999915581286,734,France,Female,40,9,176914.8,1,1,1,12799.23,0
15625445,999915625445,572,France,Female,36,8,68348.18,2,0,1,50400.32,0
15600173,999915600173,595,France,Female,33,9,0,2,1,1,41447.86,0
15635143,999915635143,749,France,Male,42,2,56726.83,2,0,1,185543.35,0
15664849,999915664849,573,Spain,Male,46,3,65269.23,1,0,1,189988.65,1
15762455,999915762455,624,Spain,Male,33,6,66220.17,1,0,1,170819.01,0
15797165,999915797165,703,France,Male,56,9,0,1,0,0,85547.33,1
15788189,999915788189,665,France,Female,41,8,96147.55,1,1,0,137037.97,0
15780492,999915780492,648,France,Male,42,4,0,2,1,0,19283.14,0
15678497,999915678497,850,Spain,Male,48,2,0,1,1,0,169425.3,1
15588560,999915588560,569,Germany,Female,32,8,145330.43,1,1,1,132038.65,0
15606003,999915606003,566,France,Female,21,3,0,2,1,1,3626.47,0
15611756,999915611756,537,Germany,Female,47,4,124192.28,2,1,1,50881.51,0
15789563,999915789563,706,Germany,Female,46,7,111288.18,1,1,1,149170.25,1
15702416,999915702416,734,France,Male,43,7,107805.67,1,0,0,182505.68,0
15766288,999915766288,586,Germany,Female,36,5,103700.69,1,1,0,194072.56,1
15667633,999915667633,612,France,Female,38,1,0,2,1,1,9209.21,0
15622774,999915622774,648,France,Male,34,0,0,1,1,1,167931.81,0
15755416,999915755416,557,France,Female,27,3,87739.08,1,1,1,123096.56,0
15769915,999915769915,643,Spain,Female,20,0,133313.34,1,1,1,3965.69,0
15643908,999915643908,433,France,Female,49,10,0,1,1,1,87711.61,0
15627395,999915627395,643,Germany,Male,41,7,154902.66,1,1,1,49667.28,0
15679663,999915679663,488,France,Female,36,0,0,2,1,0,136675.22,0
15651581,999915651581,758,Germany,Male,68,6,112595.85,1,1,0,35865.44,1
15596379,999915596379,743,Germany,Male,39,3,119695.75,1,0,1,26136.13,0
15746674,999915746674,730,France,Female,47,7,0,1,1,0,33373.26,1
15801256,999915801256,746,Spain,Male,49,7,0,2,0,1,10096.25,0
15663808,999915663808,666,Germany,Female,59,8,152614.51,2,1,1,188782.3,0
15598521,999915598521,580,Germany,Female,33,7,131647.01,2,0,0,79775.19,0
15621457,999915621457,850,France,Male,27,6,96654.72,2,0,0,152740.16,0
15764726,999915764726,563,France,Male,22,3,137583.04,1,0,1,5791.85,0
15646374,999915646374,766,Germany,Female,28,3,62717.84,2,1,1,13182.43,0
15716501,999915716501,659,France,Male,32,9,95377.13,1,0,1,187551.24,0
15589948,999915589948,607,Spain,Male,28,1,135936.1,2,1,1,110560.14,0
15811343,999915811343,644,Germany,Male,35,5,161591.11,3,1,1,63795.62,0
15659677,999915659677,746,France,Male,47,8,142382.03,1,1,1,62086.62,0
15594436,999915594436,588,Spain,Male,33,2,0,2,1,1,12483.56,0
15748995,999915748995,691,Spain,Male,30,9,0,2,0,1,10963.04,0
15677062,999915677062,666,France,Female,38,6,127043.09,1,1,1,8247,0
15697201,999915697201,640,Spain,Female,46,3,0,1,1,1,156260.08,0
15666453,999915666453,611,Germany,Female,29,4,78885.88,2,1,1,26927.69,0
15693771,999915693771,651,Spain,Female,45,8,95922.9,1,1,0,84782.42,1
15569867,999915569867,529,France,Female,29,8,0,2,1,0,19842.11,0
15711602,999915711602,676,France,Female,36,3,91711.59,1,1,1,95393.43,0
15717736,999915717736,639,Germany,Female,46,10,110031.09,2,1,1,133995.59,0
15750441,999915750441,782,France,Male,36,5,81210.72,2,0,1,108003.38,0
15732791,999915732791,641,Germany,Male,32,5,122947.92,1,1,1,99154.86,0
15775104,999915775104,697,France,Female,38,1,182065.85,1,1,0,49503.5,0
15757607,999915757607,623,France,Male,45,0,0,1,1,0,196533.72,1
15793070,999915793070,494,Spain,Female,41,2,69974.66,2,1,0,188426.13,1
15760456,999915760456,731,France,Female,38,10,123711.73,2,1,0,171340.68,1
15665385,999915665385,657,France,Male,44,6,76495.04,1,1,0,79071.89,0
15612418,999915612418,744,France,Female,38,9,0,2,0,0,20940.76,0
15727138,999915727138,774,Spain,Male,46,9,0,2,1,1,34774.26,0
15732061,999915732061,850,Germany,Female,45,1,121874.89,1,0,0,6865.41,1
15776051,999915776051,551,France,Female,45,6,0,2,1,1,51143.43,0
15616530,999915616530,638,France,Male,36,6,188455.19,1,0,0,47031.4,1
15632344,999915632344,792,France,Female,42,0,99045.93,2,1,0,47160.01,0
15744979,999915744979,666,France,Female,36,8,0,1,0,1,158666.99,0
15745433,999915745433,716,Germany,Female,30,2,205770.78,2,0,0,65464.66,0
15683657,999915683657,594,France,Female,31,0,79340.95,1,1,0,78255.86,0
15718572,999915718572,600,Germany,Male,57,9,138456.03,2,1,1,103548.25,0
15665783,999915665783,565,France,Male,49,7,0,2,1,1,89609.26,0
15652782,999915652782,678,Germany,Male,48,2,101099.9,2,0,1,193476.04,0
15707025,999915707025,648,Spain,Female,31,5,0,2,1,1,5199.02,0
15647807,999915647807,642,France,Male,40,8,109219.83,1,1,0,52827.51,0
15718281,999915718281,706,Germany,Male,67,1,123276.69,2,1,1,86507.88,1
15660571,999915660571,668,Spain,Male,43,10,113034.31,1,1,1,100423.88,0
15727857,999915727857,635,Spain,Male,41,1,0,2,1,0,175611.5,0
15639252,999915639252,603,Spain,Male,30,6,129548.5,2,1,1,19282.85,0
15628144,999915628144,635,France,Female,72,4,74812.84,1,0,1,27448.33,0
15683560,999915683560,642,France,Female,40,7,0,2,1,0,183963.34,0
15653275,999915653275,785,Spain,Female,54,1,0,2,1,0,45113.92,1
15622182,999915622182,628,Germany,Female,28,3,153538.13,2,1,0,110776.01,0
15613962,999915613962,499,France,Female,38,9,0,2,0,1,183042.2,0
15618437,999915618437,567,Spain,Male,34,10,0,2,0,1,161571.79,0
15783338,999915783338,449,Spain,Male,32,0,155619.36,1,1,1,166692.03,0
15764491,999915764491,701,Spain,Male,35,10,159693.9,2,1,1,71173.64,0
15712960,999915712960,613,Spain,Male,37,3,171653.17,1,0,1,5353.12,0
15688157,999915688157,683,Germany,Female,39,2,47685.47,2,1,1,86019.48,0
15579287,999915579287,581,France,Male,35,4,0,2,0,1,86383.82,0
15570931,999915570931,620,France,Male,61,5,0,1,0,0,31641.52,1
15615177,999915615177,561,Spain,Male,28,6,123692,1,1,1,70548.96,0
15809906,999915809906,558,Germany,Male,26,1,148853.29,2,1,1,24411.02,0
15652169,999915652169,642,France,Male,35,2,133161.95,1,0,1,122254.86,0
15649450,999915649450,805,Germany,Male,24,6,143221.35,2,1,0,186035.72,0
15777179,999915777179,687,France,Male,35,9,0,2,0,1,73133.82,0
15803538,999915803538,695,Spain,Male,56,1,0,3,1,0,187734.49,1
15610936,999915610936,562,France,Male,33,6,0,2,1,0,111590.35,0
15590094,999915590094,613,Germany,Male,38,9,126265.88,2,0,0,15859.95,0
15572706,999915572706,589,France,Male,37,5,0,1,1,0,61324.87,0
15634564,999915634564,593,Spain,Male,31,8,112713.34,1,1,1,176868.89,0
15684296,999915684296,714,France,Male,34,5,141173.03,1,0,1,98896.06,0
15702293,999915702293,588,Spain,Female,35,7,0,2,1,1,108739.15,0
15642099,999915642099,679,Spain,Male,39,6,0,2,1,0,12266.06,0
15773273,999915773273,730,Spain,Male,38,5,118866.36,1,1,1,163317.5,0
15613337,999915613337,833,France,Male,47,2,0,2,1,1,182247.77,0
15800482,999915800482,586,Spain,Female,33,7,0,2,1,1,168261.4,0
15732644,999915732644,567,Spain,Female,54,5,92316.31,2,1,0,158590.66,1
15713426,999915713426,637,Germany,Male,30,1,122185.53,1,1,0,102566.46,1
15640789,999915640789,711,France,Male,38,4,123345.85,1,1,0,141827.83,0
15598892,999915598892,828,France,Male,30,4,73070.18,2,0,0,161671.15,0
15606436,999915606436,500,Spain,Male,38,7,0,2,0,0,192013.23,0
15751227,999915751227,807,France,Male,47,1,95120.59,1,0,0,127875.1,0
15812365,999915812365,850,France,Male,40,8,102800.65,1,1,0,60811.56,0
15616088,999915616088,782,France,Female,70,7,97072.42,1,0,1,131177.22,0
15803886,999915803886,629,Spain,Male,31,6,132876.55,1,1,1,130862.11,0
15587311,999915587311,582,Spain,Male,33,6,0,2,0,1,72970.93,0
15617401,999915617401,468,France,Male,22,2,0,2,1,0,28123.99,0
15775886,999915775886,670,France,Male,36,3,0,1,1,0,140754.19,1
15807305,999915807305,805,France,Male,39,2,0,1,0,0,166650.32,0
15761717,999915761717,720,France,Male,26,10,51962.91,2,1,0,45507.24,0
15628008,999915628008,781,Spain,Female,29,6,98759.89,1,0,0,112202.64,0
15583755,999915583755,592,Germany,Male,33,2,156570.86,1,1,1,37140.2,0
15661409,999915661409,542,France,Female,42,1,0,1,1,1,178256.58,1
15774250,999915774250,532,France,Male,42,1,159024.71,1,1,0,100982.93,1
15681476,999915681476,520,France,Female,39,1,73493.17,1,0,1,109626.13,1
15654870,999915654870,759,France,Female,45,8,0,2,1,1,99251.24,0
15790448,999915790448,473,France,Female,35,6,69617.36,1,1,0,143345.69,0
15785326,999915785326,639,Spain,Female,35,5,136526.26,2,1,0,59653.03,0
15592854,999915592854,705,France,Male,25,3,113736.27,1,0,1,196864.61,0
15617486,999915617486,530,France,Male,52,1,106723.28,1,0,0,109960.4,1
15806796,999915806796,516,Germany,Female,33,10,138847.9,1,1,1,127256.7,0
15644699,999915644699,850,France,Female,40,0,0,2,1,0,1099.95,0
15622305,999915622305,746,Germany,Female,33,2,107868.14,2,1,1,146192.4,0
15608209,999915608209,622,Germany,Male,33,3,96926.12,2,1,0,48553.77,0
15626898,999915626898,743,France,Male,30,7,77599.23,1,0,0,144407.1,0
15644297,999915644297,732,Germany,Male,38,5,178787.54,1,1,1,195760.53,0
15731569,999915731569,850,France,Male,81,5,0,2,1,1,44827.47,0
15582149,999915582149,850,Germany,Female,34,3,129668.43,2,1,1,88743.99,0
15802483,999915802483,686,France,Male,34,6,146178.13,2,1,1,88837.11,0
15686999,999915686999,556,France,Female,40,8,0,2,1,0,62112.7,0
15772479,999915772479,673,France,Male,37,4,0,2,0,0,163563.07,0
15778884,999915778884,809,France,Female,38,2,154763.21,2,1,1,174800.31,0
15623630,999915623630,634,Germany,Female,56,3,116251.24,1,0,1,42429.88,1
15774316,999915774316,630,France,Male,37,6,0,2,1,1,82647.65,0
15695097,999915695097,564,Germany,Female,30,0,100954.88,2,0,0,134175.15,0
15645404,999915645404,625,France,Female,51,4,124620.01,2,1,0,92243.94,1
15750574,999915750574,677,Spain,Female,34,4,0,2,1,1,6175.53,0
15636812,999915636812,583,France,Male,40,9,112701.04,1,0,0,29213.63,0
15712068,999915712068,592,Spain,Male,45,8,84692.5,1,0,1,67214.02,0
15652030,999915652030,637,Germany,Male,49,2,108204.52,1,1,0,169037.84,1
15577398,999915577398,850,France,Male,30,6,86449.39,1,1,1,188809.23,0
15756848,999915756848,633,Spain,Male,42,10,0,1,0,1,79408.17,0
15806929,999915806929,751,Germany,Male,36,5,73194.99,1,1,1,89222.66,0
15656005,999915656005,592,Germany,Male,31,7,124593.23,1,1,0,86079.67,0
15722632,999915722632,716,Germany,Male,50,2,119655.77,1,1,1,12944.17,1
15794356,999915794356,641,Germany,Male,42,3,121765.37,2,1,1,166516.84,0
15659656,999915659656,849,France,Male,35,4,110837.73,1,0,0,126419.8,0
15588341,999915588341,647,Spain,Male,47,10,99835.17,1,0,1,89103.05,0
15709142,999915709142,608,Germany,Female,30,2,91057.37,2,1,0,132973.17,0
15627042,999915627042,555,France,Female,26,7,0,2,1,0,93122.41,0
15627517,999915627517,497,Spain,Male,27,7,149400.27,1,0,0,167522.19,0
15803032,999915803032,599,Germany,Male,38,9,89111.63,1,0,0,157239.6,0
15665129,999915665129,545,Germany,Male,33,1,132527.9,2,0,1,107429.71,0
15628272,999915628272,774,France,Female,36,9,114997.42,1,1,0,75304.09,0
15678206,999915678206,464,France,Male,46,6,161798.53,1,1,0,182944.47,0
15678427,999915678427,696,Germany,Female,27,2,96129.32,2,1,1,5983.7,0
15678067,999915678067,667,Spain,Male,45,3,0,2,0,0,163655.01,0
15793331,999915793331,812,France,Male,32,5,133050.97,2,1,0,89385.92,0
15699532,999915699532,516,France,Male,51,8,120124.35,2,0,1,168773.54,0
15605827,999915605827,645,France,Male,39,8,0,2,0,0,96864.36,0
15643635,999915643635,664,Spain,Male,32,5,133705.74,1,0,0,134455.84,0
15787710,999915787710,427,Spain,Female,39,9,0,2,1,0,28368.37,0
15614137,999915614137,685,France,Female,40,7,0,2,1,0,103898.59,0
15754494,999915754494,585,France,Female,33,4,152805.05,1,1,0,63239.65,0
15713440,999915713440,519,Germany,Female,21,1,151701.45,3,1,1,170138.68,1
15803479,999915803479,708,France,Female,67,1,0,2,0,1,3837.08,0
15709639,999915709639,717,France,Female,22,5,112465.06,1,1,1,92977.75,0
15601719,999915601719,465,Germany,Male,24,6,156007.09,1,1,0,191368.37,0
15772482,999915772482,829,Germany,Male,28,3,132405.52,3,1,0,104889.2,1
15591489,999915591489,826,France,Male,26,5,142662.68,1,0,0,60285.3,0
15629002,999915629002,747,Germany,Male,36,8,102603.3,2,1,1,180693.61,0
15798053,999915798053,707,Spain,Male,32,9,0,2,1,0,126475.79,0
15753895,999915753895,590,Spain,Male,37,1,0,2,0,0,133535.99,0
15595426,999915595426,603,Spain,Male,57,6,105000.85,2,1,1,87412.24,1
15645815,999915645815,615,France,Male,45,5,0,2,1,1,164886.64,0
15632848,999915632848,634,France,Female,36,1,69518.95,1,1,0,116238.39,0
15703068,999915703068,716,Germany,Male,41,8,126145.54,2,1,1,138051.19,0
15791513,999915791513,647,France,Male,41,4,138937.35,1,1,1,101617.64,1
15587210,999915587210,591,Germany,Female,44,10,113581.98,1,1,0,1985.41,0
15793803,999915793803,574,France,Male,34,1,112572.39,1,0,0,165626.6,0
15787756,999915787756,467,Germany,Male,51,10,114514.71,2,1,0,177784.68,1
15723437,999915723437,701,France,Female,35,2,0,2,1,1,65765.22,0
15702715,999915702715,747,France,Female,34,10,0,2,1,1,50759.8,0
15809872,999915809872,650,France,Male,32,2,84906.45,1,1,0,163216.48,0
15644295,999915644295,731,Spain,Female,39,2,126816.18,1,1,1,74850.93,0
15778694,999915778694,638,Germany,Female,26,1,105249.76,2,1,1,23491.09,0
15759555,999915759555,569,Spain,Male,41,2,0,2,1,0,134272.57,0
15631406,999915631406,459,Germany,Male,50,5,109387.9,1,1,0,155721.15,0
15616676,999915616676,632,Germany,Male,23,3,122478.51,1,1,0,147230.77,1
15771154,999915771154,683,France,Female,73,8,137732.23,2,1,1,133210.44,0
15669491,999915669491,850,France,Female,46,2,157866.77,1,1,1,18986.12,0
15697691,999915697691,512,France,Female,41,6,0,1,1,1,100507.81,0
15665180,999915665180,616,France,Female,31,3,136789.14,1,1,0,59346.4,1
15752588,999915752588,664,France,Male,36,1,0,2,1,1,95372.64,0
15743051,999915743051,694,France,Male,30,10,144684.03,1,1,1,31805.49,0
15571873,999915571873,655,France,Male,24,9,107065.31,1,1,1,51959.82,0
15679743,999915679743,607,France,Female,33,8,91301.72,1,0,1,130824.57,0
15769412,999915769412,684,Spain,Male,39,4,207034.96,2,0,0,157694.76,1
15775124,999915775124,763,Spain,Male,37,8,0,2,1,1,933.38,0
15732113,999915732113,671,Spain,Male,50,8,0,1,0,1,2560.11,0
15578141,999915578141,592,Spain,Male,38,3,0,1,1,1,12905.89,1
15595874,999915595874,666,Spain,Female,36,6,0,2,1,0,176692.87,0
15755642,999915755642,667,France,Male,34,5,0,2,1,1,102908.63,0
15576526,999915576526,850,Spain,Male,36,6,0,2,0,1,41291.05,0
15792489,999915792489,622,Spain,Male,42,9,0,2,1,0,119127.06,0
15733705,999915733705,577,France,Female,30,8,92472.1,2,0,1,126434.61,0
15807221,999915807221,555,Spain,Male,21,1,0,2,0,0,103901.35,0
15573045,999915573045,547,France,Male,62,10,127738.75,2,1,1,85153,0
15756824,999915756824,613,Germany,Female,50,5,101242.98,2,1,0,12493.61,0
15773520,999915773520,672,France,Female,43,4,92599.55,2,1,1,167336.78,0
15627439,999915627439,624,Spain,Female,36,10,0,2,0,1,186180.42,0
15701439,999915701439,698,Spain,Female,50,1,0,4,1,0,88566.9,1
15785352,999915785352,606,France,Male,37,6,82373.94,1,0,0,172526.9,1
15616525,999915616525,720,Spain,Male,31,4,141356.47,1,0,0,137985.69,0
15717489,999915717489,835,France,Male,23,9,0,1,1,0,19793.73,1
15795737,999915795737,771,Spain,Female,47,3,72664,2,1,1,107874.39,0
15693877,999915693877,811,France,Female,47,3,123365.34,2,0,0,171995.34,0
15576111,999915576111,734,Germany,Male,33,5,121898.58,1,1,0,61829.89,0
15595713,999915595713,548,Spain,Male,33,6,0,1,1,1,31728.35,0
15808868,999915808868,652,France,Female,31,3,103696.97,3,0,0,155221.05,1
15708193,999915708193,707,France,Male,33,2,0,2,0,0,130866.95,0
15697801,999915697801,605,Germany,Female,56,1,74129.18,2,1,1,62199.78,1
15770121,999915770121,623,France,Female,34,9,0,1,1,0,24255.21,0
15800524,999915800524,686,Germany,Male,29,3,185379.02,1,1,0,64679.07,0
15686236,999915686236,525,Germany,Female,47,1,118087.68,1,1,0,88120.78,1
15659807,999915659807,657,Spain,Male,41,8,109402.13,1,1,1,66463.62,0
15736078,999915736078,730,Germany,Female,33,7,130367.87,1,1,0,15142.1,1
15620836,999915620836,816,Germany,Female,34,2,108410.87,2,1,0,102908.91,0
15698184,999915698184,484,France,Female,50,2,90408.16,2,0,0,48170.57,0
15717643,999915717643,728,France,Female,34,6,90425.15,2,1,1,11597.69,0
15776596,999915776596,730,Spain,Female,39,6,140094.59,1,1,0,172450.04,1
15814757,999915814757,477,Spain,Male,31,9,0,2,0,1,184061.17,0
15812607,999915812607,663,Germany,Female,46,6,95439.4,1,1,1,21038.58,1
15663888,999915663888,549,Germany,Male,34,6,204017.4,2,1,0,109538.35,0
15748882,999915748882,714,Spain,Male,29,9,0,2,1,0,129192.55,0
15690829,999915690829,430,Germany,Male,49,3,137115.16,1,1,0,146516.86,1
15695819,999915695819,504,Germany,Male,43,5,134740.19,2,1,0,181430.91,0
15696834,999915696834,530,France,Female,29,5,0,2,0,0,121451.21,0
15797710,999915797710,619,Germany,Male,29,4,98955.87,1,0,1,131712.51,0
15700654,999915700654,617,Germany,Male,44,9,49157.09,2,1,0,53294.17,0
15583764,999915583764,791,Germany,Male,31,1,130240.33,1,0,0,96546.55,0
15688849,999915688849,609,France,Male,48,1,108019.27,3,1,1,184524.65,1
15661473,999915661473,780,Germany,Male,51,4,126725.25,1,1,0,195259.31,1
15601030,999915601030,777,Germany,Female,34,5,96693.66,1,1,1,172618.52,0
15789557,999915789557,817,Germany,Female,27,7,129810.6,1,1,1,59259.44,0
15745250,999915745250,850,France,Male,58,8,156652.13,1,0,0,25899.21,1
15590349,999915590349,732,France,Female,36,9,0,1,0,0,3749,1
15741693,999915741693,693,France,Male,40,4,130661.96,1,1,1,101918.96,0
15618446,999915618446,576,France,Female,50,8,0,2,1,1,57802.62,0
15766552,999915766552,643,France,Male,37,6,0,2,0,0,142454.77,0
15668775,999915668775,757,France,Male,47,3,130747.1,1,1,0,143829.54,0
15757895,999915757895,569,Germany,Male,30,6,106629.49,1,0,1,44114.88,0
15774551,999915774551,772,Spain,Male,36,3,112029.83,1,1,1,186948.35,0
15684011,999915684011,576,Germany,Male,29,7,130575.26,1,0,1,173629.78,0
15736146,999915736146,608,Germany,Male,28,4,96679.71,1,1,1,49133.45,0
15656286,999915656286,794,France,Male,33,0,0,2,0,0,178122.71,0
15774847,999915774847,593,France,Male,50,6,171740.69,1,0,0,20893.61,0
15619340,999915619340,597,Spain,Male,38,1,0,2,1,0,41303.29,0
15815656,999915815656,541,Germany,Female,39,9,100116.67,1,1,1,199808.1,1
15623357,999915623357,692,Germany,Male,24,2,120596.93,1,0,1,180490.53,0
15601324,999915601324,697,France,Female,48,1,0,2,1,1,87400.53,0
15715510,999915715510,768,France,Male,29,2,95984.69,2,1,1,73686.75,0
15663770,999915663770,802,France,Male,38,1,142557.11,1,1,1,172497.73,0
15779267,999915779267,584,France,Male,47,5,0,2,1,0,89286.29,0
15597957,999915597957,614,Spain,Male,66,2,0,2,0,1,180082.7,0
15584620,999915584620,850,Germany,Female,36,6,143644.16,1,1,0,22102.25,1
15750772,999915750772,671,France,Female,38,6,132129.72,1,0,1,76068.95,0
15706557,999915706557,626,France,Female,52,0,0,2,1,0,32159.46,1
15594391,999915594391,770,France,Female,68,2,183555.24,1,0,0,159557.28,1
15661656,999915661656,633,France,Male,38,2,91902.56,2,1,1,107673.35,0
15631217,999915631217,663,France,Male,40,6,156218.19,1,0,1,33607.72,0
15588955,999915588955,581,Germany,Female,43,5,93259.57,3,1,0,141035.65,1
15758252,999915758252,561,Germany,Female,45,2,168085.38,2,0,1,115719.08,0
15740223,999915740223,479,Germany,Male,51,1,107714.74,3,1,0,86128.21,1
15805413,999915805413,769,France,Female,31,6,117852.26,2,1,0,147668.64,0
15635116,999915635116,659,Spain,Male,60,2,0,1,1,0,177480.45,1
15764892,999915764892,590,Spain,Female,51,10,84474.62,2,1,1,190937.09,0
15795936,999915795936,560,France,Male,50,3,0,2,1,0,84531.79,0
15655232,999915655232,437,Germany,Male,35,6,126803.34,2,1,1,161133.4,0
15640133,999915640133,661,France,Female,34,0,0,2,1,0,185555.63,0
15751524,999915751524,677,Germany,Female,36,10,68806.84,1,1,0,33075.24,0
15670552,999915670552,560,France,Female,31,3,115141.18,1,1,0,39806.75,0
15623966,999915623966,578,France,Female,35,2,0,2,0,1,26389.92,0
15752193,999915752193,421,Spain,Male,34,6,90723.36,1,1,1,12162.76,0
15607269,999915607269,492,Germany,Female,49,2,151249.45,2,1,1,167237.94,0
15700752,999915700752,545,France,Female,32,6,0,2,1,1,52067.37,0
15777901,999915777901,640,Germany,Female,43,9,94752.49,1,1,0,184006.36,1
15639117,999915639117,624,Spain,Female,34,6,0,1,1,0,582.59,1
15720203,999915720203,577,Spain,Male,28,7,0,1,1,0,143274.41,0
15586236,999915586236,704,France,Male,31,5,132084.66,3,1,1,54474.48,1
15676645,999915676645,523,France,Male,45,5,0,2,1,1,121428.2,0
15715988,999915715988,793,France,Male,35,2,0,2,1,1,79704.12,0
15603749,999915603749,564,France,Female,53,2,45472.28,1,1,1,41055.71,1
15608956,999915608956,711,France,Male,33,1,0,1,0,0,41590.4,0
15733872,999915733872,791,Germany,Female,33,10,130229.71,2,0,0,54019.93,1
15666982,999915666982,629,Germany,Female,38,9,123948.85,1,1,0,76053.07,0
15602647,999915602647,729,Germany,Male,39,6,127415.85,1,1,1,184977.2,1
15623063,999915623063,651,Germany,Male,35,8,110067.71,1,1,0,127678.95,1
15682928,999915682928,695,Spain,Male,39,4,65521.2,1,1,1,1243.97,0
15729246,999915729246,847,Spain,Male,31,5,0,2,1,1,76326.67,0
15588928,999915588928,704,France,Male,47,5,0,2,1,1,145338.61,0
15803352,999915803352,613,Germany,Male,33,3,155736.42,2,1,1,57751.21,0
15607485,999915607485,692,Spain,Female,29,4,0,2,0,0,138880.24,0
15656249,999915656249,720,France,Female,34,3,118307.57,2,1,1,136120.29,0
15761783,999915761783,577,France,Male,41,6,0,1,1,1,167621.18,0
15716605,999915716605,710,Germany,Female,24,7,103099.17,2,1,0,173276.62,0
15757425,999915757425,716,France,Female,38,1,0,2,1,1,99661.46,0
15603096,999915603096,410,France,Male,33,6,125789.69,1,0,0,66333.56,1
15588580,999915588580,584,Germany,Female,36,4,109646.83,1,1,1,70240.79,0
15770539,999915770539,792,France,Male,30,1,127187.86,1,1,1,113553.42,0
15572022,999915572022,605,France,Female,36,6,0,1,0,1,690.84,0
15571843,999915571843,486,Spain,Male,24,1,0,1,1,0,98802.76,0
15752502,999915752502,615,France,Male,41,4,130385.82,1,0,1,130661.95,0
15609058,999915609058,676,France,Male,23,1,107787.47,1,0,1,116378.82,0
15775108,999915775108,571,France,Male,34,1,99325.04,2,0,1,186052.15,0
15708904,999915708904,850,France,Female,37,9,0,1,0,0,100101.06,0
15600086,999915600086,717,France,Male,48,7,123764.95,1,1,1,169952.82,0
15814675,999915814675,642,Germany,Female,39,8,128264.03,1,1,0,61792.76,1
15572777,999915572777,780,Spain,Male,47,7,86006.21,1,1,1,37973.13,0
15585106,999915585106,492,Germany,Female,38,8,57068.43,2,1,0,188974.81,0
15738936,999915738936,760,Germany,Male,29,5,103607.24,2,0,1,86334.64,0
15750970,999915750970,500,Spain,Male,40,1,99004.24,1,1,1,152845.99,0
15725772,999915725772,654,Spain,Female,36,2,0,2,1,1,146652.11,0
15692106,999915692106,606,Spain,Female,25,3,147386.72,3,1,0,45482.04,1
15791533,999915791533,367,Spain,Male,42,6,93608.28,1,1,0,168816.73,1
15715715,999915715715,799,Spain,Male,38,2,0,2,1,1,59297.34,0
15785576,999915785576,434,Germany,Male,71,9,119496.87,1,1,0,125848.88,0
15798834,999915798834,719,Spain,Female,32,7,0,1,0,0,76264.27,0
15744127,999915744127,641,France,Female,37,2,0,2,1,0,3939.87,0
15637427,999915637427,461,Spain,Female,25,6,0,2,1,1,15306.29,0
15576990,999915576990,790,Germany,Female,25,5,152885.77,1,1,0,58214.79,0
15615352,999915615352,588,France,Male,31,4,99607.37,2,0,1,35877.03,0
15647333,999915647333,621,France,Male,27,4,137003.68,1,1,0,21254.06,0
15572050,999915572050,768,Germany,Male,48,3,122831.58,1,1,1,24533.89,1
15581370,999915581370,681,Spain,Male,38,2,99811.44,2,1,0,23531.5,0
15813503,999915813503,606,Spain,Male,37,8,154712.58,2,1,0,89099.18,0
15769783,999915769783,542,Spain,Male,37,8,0,1,1,1,807.06,0
15793135,999915793135,713,Germany,Female,24,7,147687.24,1,1,1,121592.5,0
15599182,999915599182,597,Spain,Female,33,2,0,2,1,1,4700.66,0
15689517,999915689517,635,France,Male,27,3,127009.83,1,1,0,161909.95,0
15641366,999915641366,599,Germany,Male,61,1,124737.96,1,0,1,90389.61,1
15588859,999915588859,496,Spain,Female,44,0,179356.28,2,1,0,2919.21,1
15732293,999915732293,759,Spain,Male,31,8,0,2,1,1,99086.74,0
15568032,999915568032,757,Germany,Male,31,1,127320.36,3,1,0,163170.32,0
15623525,999915623525,564,Spain,Male,31,0,125175.58,1,1,1,72757.33,0
15606601,999915606601,561,France,Female,22,6,186788.96,2,1,0,73286.8,0
15800811,999915800811,702,France,Male,40,3,148556.74,1,0,1,146056.29,0
15610711,999915610711,678,Germany,Female,40,8,128644.46,1,0,0,167673.37,0
15809654,999915809654,707,France,Female,46,7,127476.73,2,1,1,146011.55,0
15576077,999915576077,610,France,Female,27,9,159561.93,1,0,1,103381.47,0
15643378,999915643378,744,France,Male,42,1,112419.92,1,1,1,83022.92,0
15566790,999915566790,598,France,Male,28,8,129991.76,2,0,1,46041.08,0
15774402,999915774402,562,Spain,Male,36,5,0,1,0,1,182843.24,0
15694641,999915694641,621,Spain,Female,59,2,0,2,1,1,171364.18,0
15605916,999915605916,659,France,Female,50,3,0,1,1,0,183399.12,1
15812356,999915812356,722,Germany,Female,40,6,89175.06,2,0,1,152883.95,0
15644179,999915644179,606,France,Female,39,3,0,2,1,0,50560.45,1
15771674,999915771674,603,Spain,Female,39,5,162390.52,2,1,0,54702.66,0
15623314,999915623314,506,Germany,Female,59,3,190353.08,1,1,0,78365.75,0
15613292,999915613292,715,France,Male,21,8,0,2,1,0,68666.63,0
15813871,999915813871,690,France,Male,47,2,0,2,1,0,151375.73,0
15759480,999915759480,644,France,Female,40,10,139180.97,1,1,1,19959.67,0
15587712,999915587712,589,France,Male,36,8,114435.47,1,1,0,26955.72,0
15671165,999915671165,592,France,Female,66,5,149950.19,1,1,1,76267.59,0
15620746,999915620746,632,France,Male,42,4,126115.6,1,1,0,100998.5,0
15706537,999915706537,577,Germany,Female,59,7,111396.97,1,0,1,191070.01,0
15589312,999915589312,588,France,Male,30,3,115007.08,1,0,0,176858.5,0
15741180,999915741180,617,France,Male,54,6,102141.9,1,1,1,45325.26,0
15733888,999915733888,668,Spain,Female,36,3,133686.52,1,1,0,190958.48,1
15798532,999915798532,810,France,Male,32,9,120879.73,2,0,1,78896.59,0
15577359,999915577359,767,Spain,Male,47,5,0,1,1,0,121964.46,1
15614936,999915614936,718,Spain,Female,49,10,82321.88,1,0,1,11144.4,0
15747647,999915747647,589,Spain,Female,27,4,0,2,1,0,144181.48,0
15588566,999915588566,778,Spain,Male,33,5,116474.28,2,1,1,32757.55,0
15570141,999915570141,724,France,Female,34,3,132352.69,1,1,0,80320.3,0
15800793,999915800793,477,Germany,Female,39,4,182491.57,1,1,0,185830.72,0
15572415,999915572415,580,France,Male,34,6,0,2,1,1,160095.31,0
15635125,999915635125,566,Spain,Male,63,2,120787.18,2,1,1,52198.84,0
15636551,999915636551,711,France,Female,29,3,130181.47,2,1,0,31811.44,0
15600912,999915600912,706,Germany,Male,32,5,88348.43,2,1,1,104181.78,0
15768476,999915768476,703,Spain,Male,31,6,0,2,1,1,67667.19,0
15650266,999915650266,679,Germany,Male,39,2,146186.28,2,1,1,193974.47,0
15621004,999915621004,603,France,Male,32,7,0,1,1,0,198055.94,1
15748352,999915748352,598,Spain,Male,34,0,104488.17,1,0,1,43249.67,0
15788920,999915788920,836,Germany,Female,32,4,109196.67,2,1,0,55218.02,0
15743236,999915743236,687,France,Female,61,7,80538.56,1,1,0,131305.37,1
15637717,999915637717,704,Germany,Male,41,4,109026.8,2,1,1,43117.1,0
15635500,999915635500,605,Germany,Male,75,2,61319.63,1,0,1,186655.11,0
15634792,999915634792,516,France,Female,40,9,0,2,0,1,33266.29,0
15607560,999915607560,572,France,Female,39,2,0,2,1,1,555.28,0
15727177,999915727177,557,France,Male,42,6,177822.03,1,1,0,150944.31,1
15774358,999915774358,443,Germany,Male,59,4,110939.3,1,1,0,72846.58,1
15791304,999915791304,604,Germany,Male,25,7,165413.43,1,1,1,35279.74,0
15603328,999915603328,483,France,Male,27,1,77805.66,1,1,1,2101.89,0
15804937,999915804937,702,France,Male,50,3,0,2,0,0,94949.84,0
15804142,999915804142,670,Spain,Female,57,3,175575.95,2,1,0,99061.75,1
15608845,999915608845,804,Spain,Female,38,3,124197.22,1,1,0,74692.06,0
15702434,999915702434,850,France,Female,30,3,0,2,1,0,116692.8,0
15632609,999915632609,554,France,Female,39,10,160132.75,1,1,0,32824.15,0
15603550,999915603550,588,Germany,Female,37,7,70258.88,2,1,0,139607.61,0
15755239,999915755239,758,Germany,Male,32,4,162657.64,2,1,1,115525.13,0
15670528,999915670528,787,Germany,Male,43,0,132217.45,1,1,0,20955.03,1
15732704,999915732704,582,Spain,Male,25,9,148042.97,2,1,0,52341.15,0
15589019,999915589019,633,Spain,Female,33,4,92855.02,1,1,1,159813.18,0
15677796,999915677796,766,Germany,Male,47,9,129289.98,1,1,0,169935.46,1
15760177,999915760177,564,Spain,Male,37,9,100252.18,1,1,1,146033.52,0
15636595,999915636595,602,Spain,Male,37,3,107592.89,2,0,1,153122.73,0
15737275,999915737275,649,France,Male,39,3,113096.41,1,1,1,60335.24,0
15672905,999915672905,679,Spain,Female,40,7,0,2,1,1,163757.29,0
15753955,999915753955,639,Spain,Male,34,7,149940.04,2,0,0,156648.81,0
15708504,999915708504,790,Germany,Male,50,8,121438.58,1,1,1,176471.78,1
15592451,999915592451,565,France,Male,32,9,0,2,1,0,5388.3,0
15790455,999915790455,478,France,Female,50,2,0,1,0,1,93332.64,1
15572174,999915572174,825,France,Male,29,3,148874.01,2,0,1,71192.82,0
15656330,999915656330,528,Spain,Female,32,0,68138.37,1,1,1,170309.19,0
15569626,999915569626,577,Spain,Male,35,5,110080.3,1,1,1,109794.31,0
15608726,999915608726,663,France,Male,24,7,0,2,1,1,166310.82,0
15637366,999915637366,505,Germany,Female,25,5,114268.85,2,1,1,126728.27,0
15778049,999915778049,633,Germany,Male,29,6,117412.35,1,0,0,30338.94,0
15727421,999915727421,586,France,Female,38,6,0,2,1,1,37935.83,0
15688865,999915688865,850,France,Female,35,9,0,2,0,0,25329.48,0
15751032,999915751032,629,Germany,Female,37,1,35549.81,2,0,0,49676.33,0
15734737,999915734737,744,France,Male,56,9,0,2,1,1,169498.61,0
15746515,999915746515,750,France,Male,36,7,136492.92,3,1,1,26500.29,1
15664311,999915664311,637,Germany,Male,28,3,123675.69,1,1,1,166458.41,0
15708139,999915708139,575,France,Female,40,1,139532.34,1,1,0,181294.39,0
15768574,999915768574,671,Spain,Male,58,1,178713.98,1,1,1,21768.21,0
15738018,999915738018,571,France,Male,40,5,0,2,0,0,72849.29,0
15699753,999915699753,590,France,Male,41,1,89086.31,1,1,0,24499.97,0
15703199,999915703199,619,Spain,Male,38,3,96143.47,1,0,0,98994.92,0
15627830,999915627830,640,Germany,Female,30,5,32197.64,1,0,1,141446.01,0
15570855,999915570855,670,France,Male,38,7,0,2,1,1,77864.41,0
15772503,999915772503,737,France,Female,33,4,0,2,1,0,115115.32,0
15584453,999915584453,555,Spain,Male,32,10,0,2,0,1,168605.96,0
15710111,999915710111,742,France,Male,33,6,0,2,0,0,38550.4,0
15618562,999915618562,618,Germany,Female,40,0,140306.38,1,1,0,160618.61,1
15706764,999915706764,560,France,Female,35,1,0,2,1,0,3701.63,0
15798737,999915798737,654,France,Male,38,8,0,2,1,0,88659.44,0
15712608,999915712608,787,Germany,Female,42,2,74483.97,2,0,1,44273.91,0
15636736,999915636736,611,France,Female,53,7,0,2,0,1,156495.39,1
15703544,999915703544,559,Spain,Male,34,0,0,1,1,0,182988.94,0
15815645,999915815645,481,France,Male,37,8,152303.66,2,1,1,175082.2,0
15705739,999915705739,753,Germany,Male,32,5,159904.79,1,1,0,148811.14,0
15709643,999915709643,675,France,Male,32,1,0,3,1,0,85901.09,0
15669805,999915669805,748,Germany,Female,31,1,99557.94,1,1,0,199255.32,0
15737489,999915737489,610,Spain,Female,46,5,116886.59,1,0,0,107973.44,0
15775131,999915775131,580,Spain,Male,32,9,142188.2,2,0,1,128028.6,0
15765283,999915765283,624,Germany,Female,40,3,149961.99,2,1,0,104610.86,0
15628715,999915628715,709,France,Female,36,8,0,2,1,1,69676.55,0
15813283,999915813283,605,France,Female,34,2,0,1,0,0,35982.42,0
15745716,999915745716,706,Spain,Male,53,7,0,2,0,1,117939.17,0
15598485,999915598485,567,Spain,Male,40,8,28649.64,1,1,1,95140.62,0
15696552,999915696552,747,France,Female,21,4,81025.6,2,1,0,167682.57,0
15754569,999915754569,664,France,Male,57,1,0,2,1,1,56562.57,0
15701741,999915701741,711,France,Female,39,3,152462.79,1,1,0,90305.97,0
15572631,999915572631,609,France,Male,25,10,0,1,0,1,109895.16,0
15636069,999915636069,632,Spain,Male,28,7,155519.59,1,1,0,1843.24,0
15682467,999915682467,725,France,Female,36,1,118851.05,1,1,1,102747.02,0
15790744,999915790744,850,France,Female,34,9,92899.27,2,1,0,97465.89,0
15625023,999915625023,682,France,Male,40,4,0,1,0,1,105352.55,0
15731267,999915731267,797,France,Male,37,4,75263.7,1,1,0,85801.77,0
15742879,999915742879,668,Spain,Male,38,1,147904.31,1,1,1,69370.05,0
15757015,999915757015,783,Germany,Female,41,5,106640.5,1,1,0,176945.96,0
15770711,999915770711,766,Germany,Female,28,4,90696.78,1,0,1,21597.2,0
15569430,999915569430,704,Spain,Female,36,2,175509.8,2,1,0,152039.67,0
15617304,999915617304,722,France,Male,40,6,0,2,1,1,111893.09,0
15704466,999915704466,692,France,Female,34,7,0,2,1,0,195074.62,0
15664681,999915664681,584,France,Female,35,2,114321.28,2,0,0,15959.01,0
15605534,999915605534,644,Germany,Female,51,4,95560.04,1,0,0,72628.84,1
15792473,999915792473,598,Germany,Female,50,5,88379.81,3,0,1,64157.24,1
15802625,999915802625,733,Germany,Male,48,7,85915.52,1,1,1,23860.5,0
15766017,999915766017,615,Germany,Male,58,3,72309.3,1,1,1,85687.09,1
15762172,999915762172,850,France,Female,39,2,0,2,1,0,179451.42,0
15728333,999915728333,521,France,Male,43,8,0,1,1,1,93180.09,0
15792868,999915792868,675,France,Male,69,1,0,2,1,0,157097.09,0
15605698,999915605698,746,France,Male,58,3,0,3,1,1,80344.96,1
15777060,999915777060,770,France,Female,33,4,0,1,1,0,26080.54,1
15626243,999915626243,618,France,Male,30,3,133844.22,1,1,1,31406.93,0
15719898,999915719898,556,France,Male,36,7,154872.08,2,1,1,32044.64,0
15599976,999915599976,749,France,Female,27,9,0,2,1,0,132734.87,0
15752809,999915752809,702,Spain,Male,43,6,116121.67,1,1,0,61602.42,0
15589698,999915589698,555,Germany,Male,42,6,107104.5,1,1,1,41304.44,1
15609977,999915609977,587,France,Male,47,6,71026.77,1,1,0,57962.41,0
15750121,999915750121,639,France,Male,38,3,0,1,1,0,42862.82,0
15734177,999915734177,643,France,Male,33,4,0,2,1,1,152992.04,0
15781347,999915781347,600,France,Female,41,1,0,2,1,1,91193.65,0
15592025,999915592025,651,France,Male,53,7,0,2,1,1,130132.41,0
15670163,999915670163,666,France,Female,27,4,0,2,0,0,88751.45,0
15765402,999915765402,520,France,Female,39,6,145644.05,1,0,0,104118.93,0
15624343,999915624343,650,Spain,Female,50,7,129667.77,1,0,0,42028.16,0
15602354,999915602354,564,Germany,Male,33,3,109341.87,1,1,0,75632.78,0
15579183,999915579183,586,France,Male,64,1,0,2,1,1,53710.23,0
15584899,999915584899,617,France,Female,35,5,0,2,0,1,13066.3,0
15723658,999915723658,712,Spain,Female,30,6,0,2,1,0,152417.97,0
15803965,999915803965,654,France,Male,55,3,87485.67,1,1,1,3299.01,0
15682489,999915682489,605,France,Male,27,9,0,2,1,0,198091.81,0
15813645,999915813645,491,France,Female,36,0,53369.13,1,1,1,103934.12,0
15766787,999915766787,707,France,Female,35,9,0,2,1,1,70403.65,0
15687171,999915687171,638,Spain,Male,34,5,146679.77,1,1,0,102179.86,0
15690744,999915690744,683,France,Male,43,2,112499.42,2,1,0,30375.18,0
15707974,999915707974,815,Spain,Female,38,2,48387,1,1,0,184796.84,0
15673084,999915673084,645,Spain,Male,38,1,68079.8,1,0,1,166264.89,0
15814772,999915814772,645,Germany,Male,49,4,160133.88,1,0,1,88391.97,0
15743709,999915743709,683,France,Male,30,4,66190.33,1,1,1,115186.97,0
15610343,999915610343,705,France,Female,37,10,0,2,1,1,13935.53,1
15737414,999915737414,647,France,Male,35,4,123761.68,1,1,0,83910.4,0
15788480,999915788480,786,Germany,Female,33,0,122325.58,1,0,0,34712.34,1
15568519,999915568519,534,France,Male,41,9,0,2,1,0,13871.34,0
15792453,999915792453,602,Spain,Female,42,1,138912.17,1,1,1,139494.75,0
15658100,999915658100,695,France,Female,42,0,0,2,0,1,140724.64,0
15695197,999915695197,553,Germany,Female,25,7,128524.19,2,1,0,20682.46,0
15749807,999915749807,516,Spain,Female,31,3,0,2,1,0,124202.26,0
15773876,999915773876,655,France,Female,34,3,0,2,1,0,159638.77,0
15591698,999915591698,849,Germany,Female,49,9,132934.89,1,1,0,171056.65,1
15712813,999915712813,520,Germany,Male,43,3,150805.17,3,0,1,25333.03,1
15763898,999915763898,568,Spain,Female,46,3,0,2,1,1,29372.62,0
15793324,999915793324,695,Spain,Male,32,9,0,3,0,1,38533.79,0
15757759,999915757759,807,Spain,Female,28,7,165969.26,3,1,0,156122.13,1
15796230,999915796230,642,Germany,Female,36,2,124495.98,3,1,1,57904.22,1
15611729,999915611729,703,Germany,Male,39,1,141559.5,1,1,1,31257.1,1
15709531,999915709531,556,France,Male,38,2,114756.14,1,1,0,193214.05,0
15650751,999915650751,585,France,Female,30,6,0,2,1,1,137757.69,0
15641413,999915641413,587,Germany,Female,49,7,155393.98,2,1,0,13308.2,1
15753840,999915753840,524,Spain,Female,32,6,0,1,1,1,132861.9,1
15669994,999915669994,556,Germany,Female,31,1,128663.81,2,1,0,125083.29,0
15695301,999915695301,504,Spain,Male,44,4,113522.64,1,1,1,12405.2,0
15792004,999915792004,731,Spain,Female,26,3,0,2,1,0,37697.29,0
15603035,999915603035,651,France,Male,34,3,0,2,1,1,105599.65,0
15717286,999915717286,675,Spain,Female,40,8,79035.95,1,1,0,142783.98,1
15577107,999915577107,657,Spain,Female,22,6,0,3,0,1,168412.07,1
15754747,999915754747,686,Germany,Male,33,9,141918.09,2,0,1,184036.47,0
15705676,999915705676,690,France,Female,35,9,107944.33,2,0,0,48478.47,0
15751912,999915751912,567,France,Male,36,7,0,2,0,1,3896.08,0
15677336,999915677336,557,Germany,Male,57,1,120043.13,1,1,0,132370.75,1
15684395,999915684395,446,Spain,Female,45,10,125191.69,1,1,1,128260.86,1
15659949,999915659949,850,France,Male,31,1,96399.31,2,1,0,106534.15,0
15812422,999915812422,637,France,Male,41,2,0,2,0,1,102515.42,0
15806941,999915806941,499,France,Male,60,7,76961.6,2,1,1,83643.87,0
15637690,999915637690,622,Germany,Female,34,7,98675.74,1,1,0,138906.85,1
15632882,999915632882,684,Germany,Male,37,1,126817.13,2,1,1,29995.83,1
15807107,999915807107,612,France,Male,32,3,121394.42,1,1,0,164081.42,0
15661034,999915661034,813,Germany,Female,29,5,106059.4,1,0,0,187976.88,1
15811958,999915811958,850,Germany,Male,44,2,112755.34,2,0,0,158171.36,0
15785167,999915785167,795,Spain,Male,29,4,0,2,0,0,155711.64,0
15646720,999915646720,628,Spain,Female,55,7,0,3,1,0,85890.75,1
15658614,999915658614,565,Germany,Female,38,7,145400.69,2,1,1,83844.79,0
15704657,999915704657,601,France,Male,39,3,72647.64,1,1,0,41777.9,1
15567147,999915567147,802,Spain,Male,40,4,0,2,1,1,81908.09,0
15701319,999915701319,614,Germany,Female,37,6,96340.81,2,1,1,139377.24,1
15745266,999915745266,434,Spain,Male,55,6,0,1,0,1,73562.05,1
15650437,999915650437,522,Germany,Male,32,8,124450.36,2,1,1,165786.1,0
15764314,999915764314,550,Germany,Male,36,2,113877.23,2,1,0,174921.91,0
15612594,999915612594,599,Spain,Male,25,3,0,2,1,1,120790.02,0
15593501,999915593501,493,France,Female,36,5,148667.81,2,1,0,56092.51,0
15804150,999915804150,755,France,Male,34,3,0,2,1,1,158816.03,0
15649297,999915649297,605,France,Female,62,4,111065.93,2,0,1,125660.99,0
15641110,999915641110,708,France,Male,41,0,0,1,1,0,128400.62,0
15660608,999915660608,699,France,Male,44,8,158697.61,1,1,0,107181.22,0
15806570,999915806570,763,France,Female,53,4,0,1,1,0,77203.72,1
15715345,999915715345,743,Spain,Male,25,6,0,2,1,0,129740.11,0
15755521,999915755521,660,France,Female,48,0,90044.32,2,0,1,187604.97,1
15579074,999915579074,619,Germany,Male,38,10,84651.79,1,1,1,184754.26,0
15641158,999915641158,739,Germany,Male,32,3,102128.27,1,1,0,63981.37,1
15752507,999915752507,769,Germany,Male,60,9,148846.39,1,1,0,192831.67,1
15597983,999915597983,692,France,Male,69,10,154953.94,1,1,1,70849.47,0
15586069,999915586069,560,France,Female,30,0,108883.29,1,1,0,27914.95,0
15655082,999915655082,607,France,Female,48,4,112070.86,3,1,0,173568.3,1
15720155,999915720155,630,Germany,Male,29,6,131354.39,1,0,1,9324.31,1
15582116,999915582116,767,Germany,Female,45,7,132746.2,2,1,0,26628.88,1
15749365,999915749365,543,France,Female,34,8,0,2,0,1,145601.8,0
15632069,999915632069,776,France,Male,39,8,125211.55,2,1,0,144496.07,0
15663134,999915663134,535,Spain,Male,58,1,0,2,1,1,11779.98,1
15766683,999915766683,549,Germany,Male,36,6,139422.37,1,0,0,83983.39,1
15707219,999915707219,844,France,Female,28,4,0,2,0,1,123318.37,0
15709232,999915709232,586,Germany,Female,47,5,157099.47,2,1,1,65481.86,0
15801351,999915801351,583,France,Male,40,3,0,2,1,0,47728,0
15578747,999915578747,701,Spain,Male,26,5,83600.24,1,0,1,59195.05,0
15675626,999915675626,726,France,Male,28,2,0,1,0,0,98060.51,0
15583736,999915583736,829,Germany,Male,36,4,81795.74,2,1,0,90106.94,0
15590011,999915590011,749,Spain,Male,38,9,129378.32,1,1,1,13549.34,0
15609913,999915609913,743,France,Female,46,9,0,1,1,0,113436.08,0
15719479,999915719479,619,Spain,Female,56,7,0,2,1,1,42442.21,0
15575147,999915575147,699,France,Male,22,9,99339,1,1,0,68297.61,1
15597309,999915597309,749,Spain,Male,36,7,0,2,0,0,80134.65,0
15648367,999915648367,600,Germany,Female,29,6,74430.1,2,1,1,96051.1,0
15758031,999915758031,760,Spain,Male,38,3,91241.85,1,0,1,80682.35,0
15751771,999915751771,528,Germany,Male,32,2,99092.45,1,0,1,111149.98,0
15689288,999915689288,630,France,Female,26,5,0,2,1,0,182612.38,0
15731026,999915731026,683,Germany,Female,39,2,100062.16,2,1,0,109201.43,0
15775809,999915775809,677,Germany,Female,26,6,98723.67,1,0,1,151146.67,0
15743076,999915743076,669,Spain,Male,29,9,0,1,1,1,93901.61,0
15658258,999915658258,693,France,Male,43,6,128760.32,1,1,0,36342.79,0
15756321,999915756321,612,Spain,Female,52,5,144772.69,1,0,0,98302.57,1
15706799,999915706799,719,Spain,Male,44,4,0,1,0,0,84972.9,1
15775703,999915775703,702,France,Male,26,2,71281.29,1,1,1,108747.12,1
15642636,999915642636,755,France,Male,29,9,117035.89,1,1,1,21862.19,0
15704651,999915704651,514,France,Male,26,1,0,2,0,0,121551.93,0
15806771,999915806771,753,France,Female,40,0,3768.69,2,1,0,177065.24,1
15566735,999915566735,548,Germany,Female,36,2,108913.84,2,1,1,140460.01,0
15681671,999915681671,850,Germany,Male,28,2,101100.22,2,1,1,35337.31,0
15775949,999915775949,612,France,Female,38,7,110615.47,1,1,1,193502.93,0
15586752,999915586752,628,Germany,Male,33,8,152143.89,1,1,1,32174.03,0
15582519,999915582519,479,France,Male,47,6,121797.09,1,0,1,5811.9,1
15658233,999915658233,724,France,Female,41,5,109798.25,1,0,1,149593.61,0
15755330,999915755330,512,Germany,Male,41,7,122403.24,1,0,1,37439.9,1
15605072,999915605072,638,France,Female,43,3,145860.98,1,1,1,142763.51,1
15617538,999915617538,834,Spain,Male,40,7,0,2,0,0,45038.74,0
15591428,999915591428,781,France,Male,29,9,0,2,0,0,172097.4,0
15692142,999915692142,707,Germany,Female,48,7,105086.74,1,1,1,180344.69,1
15692931,999915692931,670,France,Male,22,2,114991.45,1,1,1,37392.56,0
15781127,999915781127,663,Spain,Female,33,8,96769.04,1,1,1,36864.05,0
15677136,999915677136,624,France,Female,23,5,0,2,0,0,132418.59,0
15677828,999915677828,598,France,Female,34,4,0,2,0,0,60894.26,0
15567897,999915567897,619,Germany,Male,23,5,132725.1,1,1,1,143913.33,0
15793641,999915793641,792,France,Female,70,3,0,2,1,1,172240.27,0
15678333,999915678333,683,France,Female,26,7,0,2,1,0,86619.77,0
15630511,999915630511,691,France,Female,33,6,0,2,1,0,164074.89,0
15792627,999915792627,765,Spain,Female,33,5,84557.82,1,1,1,69039.43,0
15717191,999915717191,508,France,Male,49,1,93817.41,2,1,1,132468.76,1
15625716,999915625716,637,France,Female,33,9,113913.53,1,0,1,65316.5,0
15710053,999915710053,667,Germany,Female,44,5,140406.68,2,0,1,57164.19,0
15580043,999915580043,575,Spain,Female,22,8,105229.34,1,1,1,34397.08,0
15601410,999915601410,744,Spain,Female,46,1,0,3,1,1,177431.59,1
15684669,999915684669,567,France,Female,41,9,137891.35,1,1,0,142009.46,1
15619083,999915619083,502,France,Female,35,6,0,2,1,1,80618.47,0
15692207,999915692207,609,France,Female,53,6,0,2,1,1,124218.27,0
15730705,999915730705,715,France,Male,37,9,165252.52,1,1,0,85286.3,0
15749688,999915749688,541,France,Male,32,8,0,2,0,0,40889.14,0
15728542,999915728542,850,France,Female,71,4,0,2,1,1,107236.87,0
15760063,999915760063,595,Spain,Male,23,7,0,2,1,1,168085.97,0
15658982,999915658982,650,Germany,Female,28,5,122034.4,3,0,1,146663.43,1
15758769,999915758769,625,France,Female,44,7,0,1,1,0,4791.8,0
15778481,999915778481,817,France,Male,59,1,118962.58,1,1,1,120819.58,0
15661162,999915661162,526,Spain,Male,49,2,0,1,1,0,114539.67,1
15568164,999915568164,850,France,Female,34,4,71379.53,2,1,1,154000.99,0
15601569,999915601569,598,France,Female,40,2,171178.25,1,1,0,137980.58,1
15772383,999915772383,613,France,Male,36,9,131307.11,1,0,0,83343.73,0
15667456,999915667456,709,Spain,Male,62,3,0,2,1,1,82195.15,0
15672983,999915672983,678,Spain,Female,27,5,87099.85,2,1,0,149550.95,0
15799534,999915799534,720,France,Male,71,5,183135.39,2,1,1,197688.5,0
15582847,999915582847,662,France,Male,26,0,0,2,0,1,72929.96,0
15612478,999915612478,525,France,Male,51,10,0,3,1,0,171045.35,1
15709621,999915709621,662,France,Male,31,3,0,2,0,1,27731.05,0
15802009,999915802009,770,France,Female,33,6,0,2,1,1,126131.9,0
15698816,999915698816,721,Spain,Female,33,4,72535.45,1,1,1,103931.49,0
15574830,999915574830,633,Germany,Male,58,2,128137.42,2,1,0,147635.33,1
15603082,999915603082,701,France,Male,51,9,0,2,0,0,61961.57,0
15685947,999915685947,556,Germany,Male,42,0,115915.53,2,0,1,125435.47,1
15643048,999915643048,639,France,Male,66,0,0,2,0,1,42240.54,0
15807568,999915807568,632,France,Male,50,2,0,2,0,0,57942.88,0
15597591,999915597591,456,France,Male,29,5,107000.49,1,1,1,153419.62,0
15747558,999915747558,729,Spain,Female,38,10,0,2,1,0,189727.12,0
15756655,999915756655,632,France,Female,34,2,0,2,0,0,165385.55,0
15589949,999915589949,433,Spain,Male,34,9,152806.74,1,1,0,19687.99,0
15601012,999915601012,802,France,Female,60,3,92887.06,1,1,0,39473.63,1
15724269,999915724269,670,France,Male,25,7,0,2,1,1,144723.38,0
15567506,999915567506,738,Germany,Female,40,6,114940.67,2,1,1,194895.57,1
15791877,999915791877,706,Germany,Male,34,0,140641.26,2,1,1,77271.91,0
15794360,999915794360,592,Germany,Female,70,5,71816.74,2,1,0,105096.82,1
15686538,999915686538,522,France,Female,41,7,0,2,0,1,176780.39,0
15585985,999915585985,746,France,Male,48,5,165282.42,1,1,0,153786.46,1
15699257,999915699257,651,Spain,Male,42,2,143145.87,2,1,0,43612.06,0
15804104,999915804104,494,France,Male,28,9,114731.76,2,0,1,79479.74,0
15727619,999915727619,753,Germany,Female,46,9,113909.69,3,1,0,92320.37,1
15740237,999915740237,671,Germany,Male,36,2,116695.27,1,0,0,193201.86,0
15801436,999915801436,696,France,Male,42,4,0,1,0,0,126353.13,1
15705735,999915705735,577,Spain,Male,43,3,0,2,1,1,135008.92,0
15649359,999915649359,587,France,Male,36,1,0,2,0,1,17135.6,0
15624892,999915624892,712,Germany,Male,37,7,93978.96,2,1,0,60651.77,0
15784918,999915784918,498,Germany,Male,35,2,121968.11,2,0,1,188343.05,0
15584785,999915584785,660,France,Male,37,2,97324.91,1,1,0,23291.83,0
15797197,999915797197,678,Spain,Male,29,6,0,2,1,0,64443.75,0
15574858,999915574858,530,France,Male,37,8,0,2,1,1,287.99,0
15794101,999915794101,559,France,Female,48,2,0,2,0,1,137961.41,0
15743245,999915743245,624,France,Male,42,3,145155.37,1,1,0,72169.95,1
15791535,999915791535,592,France,Male,28,5,137222.77,1,0,0,39608.58,0
15605215,999915605215,767,France,Male,48,9,0,2,0,1,175458.21,0
15771749,999915771749,653,Germany,Female,38,5,114268.22,2,1,1,89524.83,0
15616833,999915616833,678,Spain,Male,27,2,0,2,1,1,13221.25,0
15750728,999915750728,586,Spain,Female,42,2,0,1,1,0,102889.34,0
15769353,999915769353,550,France,Female,40,8,150490.32,1,0,0,166468.21,1
15770091,999915770091,643,Germany,Male,28,9,160858.13,2,1,0,27149.27,0
15716420,999915716420,612,Spain,Male,39,5,170288.38,1,1,1,59601.15,0
15740602,999915740602,674,Germany,Female,27,4,111568.01,1,0,1,22026.18,0
15796071,999915796071,657,Spain,Male,29,7,83889.03,1,1,0,153059.62,0
15811389,999915811389,724,Germany,Female,35,0,171982.95,2,0,1,167313.07,0
15783875,999915783875,500,France,Female,34,4,0,2,1,0,12833.96,0
15671800,999915671800,688,France,Male,20,8,137624.4,2,1,1,197582.79,0
15677288,999915677288,599,France,Male,50,3,121159.65,1,0,0,4033.39,1
15633525,999915633525,631,France,Male,29,7,0,2,0,1,125877.22,0
15634606,999915634606,634,Spain,Male,52,1,0,2,1,1,176913.42,0
15579207,999915579207,545,France,Male,37,3,91184.01,1,1,0,105476.65,0
15619892,999915619892,644,Spain,Male,18,8,0,2,1,0,59172.42,0
15567778,999915567778,690,Germany,Female,54,1,144027.8,1,1,1,108731.02,1
15711750,999915711750,711,France,Female,34,6,0,2,1,1,175310.38,0
15751084,999915751084,712,France,Female,29,8,140170.61,1,1,1,38170.04,0
15768945,999915768945,627,France,Male,27,1,62092.9,1,1,1,105887.04,0
15586931,999915586931,694,Spain,Male,39,3,0,1,1,1,95625.03,0
15636353,999915636353,534,Spain,Male,35,4,0,2,0,0,9541.15,0
15623858,999915623858,603,France,Male,45,9,0,1,0,0,148516.79,0
15703354,999915703354,808,France,Female,33,2,103516.87,1,1,0,113907.8,0
15663987,999915663987,723,Spain,Male,30,1,0,3,1,0,164647.72,1
15780805,999915780805,585,France,Female,35,2,0,2,1,0,98621.04,1
15768566,999915768566,706,France,Male,34,8,0,2,1,1,37479.97,0
15643229,999915643229,671,France,Female,31,6,0,2,1,1,15846.42,0
15754940,999915754940,597,Spain,Male,43,2,85162.26,1,0,1,5104.08,1
15676576,999915676576,646,France,Female,43,8,143061.88,1,1,0,61937.6,0
15800068,999915800068,801,Spain,Female,46,6,0,2,1,1,170008.74,0
15648030,999915648030,731,Spain,Female,33,5,137388.01,2,1,0,165000.68,0
15668594,999915668594,620,Germany,Female,25,1,137712.01,1,1,1,76197.05,0
15728709,999915728709,484,Germany,Male,40,7,106901.42,2,0,0,118045.98,0
15724181,999915724181,647,Spain,Male,47,5,105603.21,2,1,1,157360.9,0
15647546,999915647546,688,Germany,Female,40,8,150679.71,2,0,1,196226.38,0
15702601,999915702601,680,Germany,Male,30,4,108300.27,2,0,1,44384.57,1
15567725,999915567725,689,France,Female,46,7,52016.08,2,1,1,72993.65,0
15674179,999915674179,513,Germany,Male,34,7,60515.13,1,0,0,124571.09,0
15686957,999915686957,553,Germany,Male,35,2,158584.28,2,1,0,43640.16,0
15607690,999915607690,689,Germany,Male,47,2,118812.5,2,0,0,31121.42,0
15806546,999915806546,517,Spain,Male,46,4,0,1,1,0,22372.78,0
15632850,999915632850,731,France,Male,37,8,0,2,1,1,170338.35,0
15709016,999915709016,687,Germany,Female,47,1,91219.29,1,0,0,158845.49,1
15638068,999915638068,507,Spain,Male,32,7,0,2,1,0,67926.18,0
15749345,999915749345,468,France,Female,22,1,76318.64,1,1,1,194783.12,0
15791321,999915791321,682,Spain,Female,58,4,0,1,1,0,176036.01,0
15699095,999915699095,603,France,Female,24,3,0,1,1,1,198826.03,1
15638329,999915638329,522,Germany,Male,25,1,111432.13,1,1,1,168683.57,0
15575445,999915575445,629,Spain,Male,41,10,150148.51,1,0,0,6936.27,0
15752622,999915752622,729,France,Female,32,7,38550.06,1,0,1,179230.23,0
15774507,999915774507,574,France,Female,39,5,119013.86,1,1,0,103421.91,0
15570857,999915570857,677,Germany,Female,39,0,111213.64,2,1,1,147578.26,0
15599386,999915599386,627,Germany,Male,28,5,71097.23,1,1,1,130504.49,0
15744913,999915744913,788,Spain,Male,36,10,109632.85,1,1,1,16149.13,0
15647292,999915647292,697,France,Male,63,7,148368.02,1,0,0,118862.08,1
15728838,999915728838,578,France,Male,45,1,148600.91,1,1,0,143397.14,1
15584704,999915584704,519,France,Male,48,10,71083.98,1,1,0,137959,0
15749068,999915749068,632,France,Female,40,9,139625.34,1,1,0,93702.96,1
15622985,999915622985,679,France,Female,39,4,0,1,0,0,172939.3,1
15587676,999915587676,699,France,Male,30,9,0,1,1,1,108162.13,0
15779496,999915779496,615,France,Male,64,0,81564.1,2,0,1,35896.09,0
15733460,999915733460,622,Spain,Male,36,9,0,2,1,1,104852.6,0
15711457,999915711457,755,France,Female,28,7,124540.28,1,0,1,188850.89,0
15795290,999915795290,767,France,Female,42,2,133616.39,1,1,0,28615.8,0
15611223,999915611223,752,Germany,Female,38,10,101648.5,2,1,0,172001.44,0
15794159,999915794159,633,France,Female,26,8,124281.84,1,1,1,60116.57,0
15780677,999915780677,717,France,Female,59,4,0,2,1,1,170528.63,0
15690175,999915690175,585,Spain,Male,45,0,0,2,0,0,189683.7,0
15722599,999915722599,751,France,Female,37,9,183613.66,2,0,0,49734.94,0
15569976,999915569976,754,Germany,Male,65,1,136186.44,1,1,1,121529.59,1
15707011,999915707011,495,France,Male,47,10,137682.68,1,1,0,71071.47,0
15702277,999915702277,650,France,Male,34,4,106005.54,1,0,1,142995.32,0
15801915,999915801915,529,France,Female,31,6,152310.55,1,1,0,13054.25,0
15580213,999915580213,585,France,Female,43,2,0,2,1,0,89402.54,0
15637947,999915637947,668,Spain,Male,32,1,134446.04,1,0,1,111241.37,0
15715888,999915715888,591,France,Female,38,2,142289.28,1,0,1,119638.85,0
15732967,999915732967,731,France,Male,19,6,0,2,1,1,151581.79,0
15737047,999915737047,754,France,Female,45,6,0,1,1,0,73881.68,1
15694039,999915694039,650,Germany,Female,46,9,149003.76,2,1,0,176902.83,0
15649457,999915649457,588,Germany,Male,41,2,131341.46,2,0,1,7034.94,0
15742809,999915742809,712,Spain,Female,29,7,77919.78,1,1,0,122547.58,0
15637829,999915637829,691,France,Female,34,7,0,2,0,1,161559.12,0
15633194,999915633194,771,France,Female,41,10,108309,4,1,1,137510.41,1
15611635,999915611635,678,Spain,Female,39,6,0,1,0,1,185366.56,0
15638774,999915638774,719,Spain,Female,40,9,0,2,1,0,182224.14,0
15722037,999915722037,610,Germany,Male,36,7,115462.02,1,0,1,42581.04,0
15672930,999915672930,722,Spain,Male,37,9,0,2,1,0,31921.95,0
15668774,999915668774,758,Germany,Female,23,5,122739.1,1,1,0,102460.84,1
15780966,999915780966,709,France,Female,32,2,0,2,0,0,109681.29,0
15659694,999915659694,634,Germany,Female,53,3,113781.5,2,1,1,106345.05,1
15624424,999915624424,678,Spain,Female,49,1,0,2,1,1,102472.9,0
15708713,999915708713,633,France,Male,35,3,0,2,1,1,36249.76,0
15755405,999915755405,710,France,Male,43,9,128284.45,1,1,0,32996.89,1
15647570,999915647570,640,Germany,Male,45,8,120591.19,1,0,0,195123.94,0
15684348,999915684348,656,France,Male,63,8,0,2,0,1,57014.43,0
15702541,999915702541,551,France,Female,59,2,166968.28,1,1,0,159483.76,1
15646942,999915646942,786,Spain,Female,39,7,0,2,0,0,100929.59,0
15748920,999915748920,561,France,Female,49,8,0,2,1,1,12513.07,0
15694581,999915694581,807,Spain,Male,42,5,0,2,1,1,74900.9,0
15643215,999915643215,602,Germany,Male,38,2,71667.97,2,0,0,137111.89,0
15649060,999915649060,727,Germany,Female,31,3,82729.47,2,1,0,60212.51,0
15774258,999915774258,678,France,Male,40,1,0,2,1,1,187343.4,0
15731553,999915731553,730,France,Male,23,8,0,2,1,0,183284.53,0
15617029,999915617029,596,Spain,Female,30,1,0,2,1,0,8125.39,0
15780716,999915780716,686,Germany,Male,39,3,129626.19,2,1,1,103220.56,0
15577018,999915577018,684,Germany,Female,26,2,114035.39,1,0,0,96885.19,0
15809515,999915809515,797,Germany,Male,32,1,151922.94,1,1,0,8877.06,0
15789924,999915789924,658,France,Female,39,4,0,1,1,1,147530.06,0
15725076,999915725076,653,Spain,Female,27,6,107751.68,2,1,1,33389.42,0
15672481,999915672481,641,France,Male,37,6,0,2,1,0,45309.24,0
15574115,999915574115,656,Spain,Female,41,6,101179.23,2,1,1,35230.61,0
15661830,999915661830,750,Spain,Female,36,6,0,2,1,1,59816.41,0
15665879,999915665879,768,France,Female,40,8,0,2,0,1,69080.46,0
15673820,999915673820,568,France,Male,33,7,0,2,1,0,143450.61,0
15747772,999915747772,706,Germany,Male,36,9,58571.18,2,1,0,40774.01,0
15666197,999915666197,430,Germany,Female,38,8,153058.64,1,1,0,99377.27,0
15773639,999915773639,745,Germany,Male,35,4,98270.34,1,1,0,133617.43,0
15581893,999915581893,747,France,Male,43,1,130788.71,1,0,1,101495,1
15672447,999915672447,657,Germany,Male,40,7,99165.84,1,0,1,119333.95,1
15777830,999915777830,639,France,Female,42,4,0,2,0,0,167682.37,0
15713890,999915713890,704,France,Male,44,3,0,2,0,1,152884.85,0
15577598,999915577598,651,Spain,Male,23,4,115636.05,2,1,0,70400.86,0
15786042,999915786042,706,Germany,Female,44,2,185932.18,2,1,0,65413.41,0
15753462,999915753462,632,Germany,Male,30,2,72549,2,0,1,182728.8,0
15759690,999915759690,751,France,Male,42,4,0,2,1,1,81442.6,0
15801414,999915801414,767,France,Female,35,2,0,2,0,0,144251.38,0
15656141,999915656141,741,France,Male,39,5,0,1,0,1,40207.06,0
15608701,999915608701,651,Germany,Male,29,3,121890.06,1,1,0,54530.51,1
15582892,999915582892,601,France,Male,46,2,99786.07,1,1,1,32683.88,1
15632967,999915632967,520,France,Male,34,3,0,2,1,1,104703.96,0
15587573,999915587573,626,Germany,Male,27,4,115084.53,2,0,1,26907.43,0
15654891,999915654891,811,France,Male,30,6,0,2,1,1,180591.32,0
15611365,999915611365,730,France,Female,32,9,127661.69,1,0,0,60905.51,0
15749103,999915749103,604,Germany,Female,47,4,118907.6,1,0,1,47777.15,1
15810203,999915810203,499,Germany,Female,44,6,77627.33,2,1,0,108222.68,0
15813660,999915813660,754,Spain,Male,40,2,160625.17,1,0,1,3554.63,0
15605673,999915605673,716,Spain,Female,29,8,0,2,0,0,78616.92,0
15669282,999915669282,636,France,Female,20,10,124266.86,1,0,0,100566.81,0
15792726,999915792726,470,France,Female,25,8,127974.06,2,1,1,183259.35,0
15593241,999915593241,444,France,Male,43,3,0,2,1,1,159131.21,0
15683053,999915683053,809,Spain,Female,48,2,0,1,1,0,160976.85,1
15632736,999915632736,850,Germany,Female,30,3,104911.35,2,1,1,42933.26,0
15731865,999915731865,637,France,Male,27,1,0,2,1,0,91291.2,0
15760450,999915760450,512,France,Male,43,1,0,2,1,1,52471.36,0
15787204,999915787204,774,Spain,Female,43,1,110646.54,1,0,0,108804.28,0
15650454,999915650454,641,France,Male,57,5,0,2,1,1,122449.18,0
15573730,999915573730,586,Germany,Male,42,6,126704.49,2,1,0,41682.3,0
15705050,999915705050,611,France,Male,30,9,0,2,1,1,148887.69,0
15791342,999915791342,660,Spain,Male,31,1,84560.04,1,1,1,137784.25,0
15684316,999915684316,532,France,Male,43,9,0,2,0,0,190573.91,1
15700540,999915700540,557,Germany,Female,38,2,129893.56,1,0,0,102076.03,0
15770631,999915770631,730,Spain,Male,25,5,167385.81,1,1,1,56307.51,0
15790594,999915790594,535,France,Female,27,6,0,2,0,1,49775.58,0
15604020,999915604020,773,Germany,Female,36,4,105858.71,1,0,1,4395.45,0
15637599,999915637599,510,Germany,Female,44,4,123070.89,1,1,0,28461.29,1
15736578,999915736578,539,France,Male,39,1,0,1,1,1,28184.7,0
15666332,999915666332,690,Spain,Female,48,2,0,2,1,1,3149.1,0
15727291,999915727291,821,France,Female,40,1,0,2,1,0,194273.12,0
15785920,999915785920,687,Germany,Male,35,1,125141.24,2,1,1,148537.07,0
15658987,999915658987,557,France,Female,46,4,96173.17,2,1,1,116378.31,0
15687719,999915687719,532,Spain,Female,37,5,0,2,0,1,6761.84,0
15799641,999915799641,540,Spain,Male,39,2,0,2,1,0,81995.92,0
15758702,999915758702,705,France,Female,55,8,0,2,1,1,14392.68,0
15689526,999915689526,542,Germany,Female,35,9,127543.11,2,1,0,468.94,1
15586848,999915586848,706,France,Male,38,1,0,2,1,0,122379.54,0
15707637,999915707637,765,France,Female,56,1,0,1,1,0,13228.93,1
15719426,999915719426,529,France,Male,67,8,103101.56,2,1,1,154002.02,1
15639265,999915639265,714,France,Male,54,7,126113.28,1,1,0,112777.38,0
15576124,999915576124,582,France,Male,41,1,40488.76,1,1,0,128528.83,0
15757829,999915757829,609,Germany,Female,40,10,137389.77,2,1,0,170122.22,0
15633227,999915633227,518,France,Female,28,9,85146.36,1,0,0,2803.89,0
15753092,999915753092,791,Germany,Male,35,5,129828.58,1,1,1,181918.26,1
15782939,999915782939,747,France,Male,42,4,80214.36,1,1,0,115241.96,1
15746338,999915746338,565,France,Female,40,2,0,2,1,1,129956.13,0
15590676,999915590676,735,France,Male,34,1,141796.43,1,1,0,45858.49,0
15599329,999915599329,697,France,Female,49,7,195238.29,4,0,1,131083.56,1
15783097,999915783097,813,Germany,Male,27,6,111348.15,1,1,0,46422.46,0
15597885,999915597885,772,France,Male,43,6,0,2,1,1,57675.88,0
15597467,999915597467,606,France,Female,71,8,0,2,1,1,169741.96,0
15724764,999915724764,667,Germany,Female,42,10,64404.26,2,0,0,26022.37,0
15778418,999915778418,637,Germany,Male,40,9,154309.67,1,1,1,125334.16,1
15684769,999915684769,542,France,Male,67,10,129431.36,1,0,1,21343.74,0
15756167,999915756167,762,Spain,Female,43,5,134204.67,1,1,1,139971.01,0
15632439,999915632439,698,France,Female,39,4,0,2,0,1,47455.82,0
15755138,999915755138,850,France,Female,32,8,0,2,1,1,55593.8,0
15659092,999915659092,621,France,Female,50,5,0,2,1,0,191756.54,1
15742116,999915742116,671,Germany,Female,48,9,116711.06,2,0,0,76373.38,0
15801994,999915801994,775,France,Male,31,9,0,2,1,0,169278.51,0
15647572,999915647572,504,Spain,Male,34,0,54980.81,1,1,1,136909.88,0
15644551,999915644551,751,Spain,Female,37,3,99773.85,2,1,0,54865.92,0
15709135,999915709135,691,Germany,Male,30,7,101231.77,2,0,0,156529.44,0
15684469,999915684469,841,Germany,Male,32,2,117070.21,1,1,0,113482.2,0
15627637,999915627637,709,Germany,Male,23,8,73314.04,2,1,0,63446.47,0
15667093,999915667093,673,France,Male,37,2,0,1,1,1,13624.02,0
15690589,999915690589,541,France,Male,37,9,212314.03,1,0,1,148814.54,0
15595350,999915595350,661,France,Female,31,3,136067.82,2,1,0,65567.91,0
15777586,999915777586,784,Spain,Female,42,2,109052.04,2,1,0,6409.55,0
15804064,999915804064,742,France,Female,35,2,79126.17,1,1,1,126997.53,0
15717770,999915717770,850,Spain,Female,55,7,0,1,0,0,171762.87,1
15754443,999915754443,443,France,Female,35,9,108308,1,1,0,129031.19,1
15776939,999915776939,778,Germany,Female,48,3,102290.56,2,1,0,182691.31,0
15713517,999915713517,529,France,Male,39,6,102025.08,2,1,0,12351.01,0
15683522,999915683522,678,Germany,Female,37,2,113383.07,1,1,1,135123.96,0
15673995,999915673995,516,Spain,Female,65,9,102541.1,1,1,0,181490.42,0
15771054,999915771054,469,Spain,Male,35,5,0,2,1,0,186490.37,0
15578788,999915578788,786,Spain,Male,40,6,0,2,0,0,41248.8,0
15737408,999915737408,703,France,Female,41,6,109941.51,1,1,0,116267.28,0
15750837,999915750837,579,Germany,Male,41,0,141749.68,1,0,1,9201.53,0
15576022,999915576022,565,France,Male,38,5,0,2,0,1,80630.32,0
15635502,999915635502,443,France,Male,44,2,0,1,1,0,159165.7,0
15627298,999915627298,589,France,Male,37,7,85146.48,2,1,0,86490.09,1
15811415,999915811415,691,France,Female,44,6,134066.1,2,1,1,197572.41,0
15645059,999915645059,711,France,Female,28,8,0,2,0,0,105159.89,0
15689671,999915689671,775,Spain,Male,27,4,0,1,1,1,40807.26,0
15718667,999915718667,621,France,Male,35,7,87619.29,1,1,0,143.34,0
15803202,999915803202,350,France,Male,51,10,0,1,1,1,125823.79,1
15593683,999915593683,668,Spain,Female,30,8,0,2,1,0,138465.7,0
15703394,999915703394,633,Spain,Male,27,3,0,2,1,0,44008.91,0
15570289,999915570289,697,Germany,Male,43,8,103409.16,1,1,0,66893.28,1
15567437,999915567437,734,Germany,Female,30,7,123040.38,1,1,1,76503.06,0
15711687,999915711687,434,France,Male,41,4,108128.52,1,0,1,56784.11,0
15656592,999915656592,646,Germany,Male,48,8,169023.33,2,1,1,175657.55,0
15634373,999915634373,764,France,Male,30,5,0,2,0,1,105155.66,0
15769125,999915769125,727,Spain,Female,41,10,0,2,0,1,47468.56,0
15711386,999915711386,724,France,Female,29,6,0,2,0,1,64729.51,0
15714241,999915714241,749,Spain,Male,42,9,222267.63,1,0,0,101108.85,1
15642530,999915642530,706,Germany,Female,47,10,144090.42,1,1,0,140938.95,1
15713599,999915713599,728,France,Male,30,10,114835.43,1,0,1,37662.49,0
15744770,999915744770,636,France,Male,44,2,0,2,0,0,86414.41,0
15780498,999915780498,634,France,Male,34,3,145030.92,1,1,1,41820.65,0
15624397,999915624397,627,France,Male,43,8,71240.3,1,0,1,127734.16,0
15615219,999915615219,518,France,Male,59,5,138772.15,1,0,1,123872,0
15570908,999915570908,687,Spain,Female,29,7,93617.07,1,0,1,113050.92,0
15762855,999915762855,622,Spain,Female,23,8,0,2,1,1,131389.39,0
15661827,999915661827,693,Spain,Female,45,4,0,2,1,1,26589.56,0
15746035,999915746035,450,Spain,Male,25,9,74237.2,2,0,1,195463.35,0
15691906,999915691906,664,Germany,Female,49,5,127421.78,2,1,0,108876.75,1
15793424,999915793424,663,Spain,Female,28,8,61274.7,2,1,0,136054.45,0
15577905,999915577905,660,France,Male,34,8,106486.66,2,0,1,182262.66,0
15667216,999915667216,579,France,Female,29,10,73194.52,2,1,1,129209.09,0
15673971,999915673971,655,Germany,Female,44,6,146498.76,1,1,0,64853.51,1
15701238,999915701238,683,France,Male,47,1,0,2,1,0,148989.15,0
15644849,999915644849,655,France,Female,32,2,0,1,1,1,71047.51,0
15635531,999915635531,575,Spain,Female,30,8,0,2,1,0,185341.63,0
15632263,999915632263,574,Spain,Male,30,5,120355,1,1,0,137793.35,0
15720110,999915720110,795,France,Male,32,2,117265.21,1,1,1,198317.23,0
15619045,999915619045,776,France,Female,43,4,0,2,0,1,162137.5,0
15697510,999915697510,707,Spain,Female,52,7,0,1,1,0,109688.82,1
15784923,999915784923,705,Germany,Female,37,3,109974.22,1,1,1,36320.87,1
15567383,999915567383,678,Germany,Female,44,2,98009.13,2,0,1,31384.86,0
15732621,999915732621,663,France,Male,34,10,0,1,1,1,114083.73,0
15757981,999915757981,748,France,Male,66,8,0,1,1,1,163331.65,0
15727819,999915727819,677,Spain,Female,34,10,171671.9,1,1,1,50777.77,0
15738088,999915738088,634,Spain,Male,63,10,0,2,1,0,30772.86,1
15765173,999915765173,350,France,Female,60,3,0,1,0,0,113796.15,1
15665159,999915665159,727,France,Male,61,0,128213.96,2,1,1,188729.08,1
15618203,999915618203,773,Germany,Male,51,8,116197.65,2,1,1,86701.4,0
15791452,999915791452,675,France,Male,39,1,0,2,1,0,153129.22,0
15638159,999915638159,649,Spain,Female,36,6,86607.39,1,0,0,19825.09,0
15585466,999915585466,552,France,Male,29,10,0,2,1,0,12186.83,0
15677310,999915677310,761,Germany,Male,62,5,98854.34,1,0,0,86920.97,1
15646262,999915646262,622,France,Male,31,7,0,1,1,0,35408.77,0
15656901,999915656901,615,France,Male,59,8,0,2,1,1,165576.55,0
15621093,999915621093,681,Germany,Male,31,4,97338.19,2,0,0,48226.76,0
15592123,999915592123,768,France,Male,30,6,0,2,1,1,199454.37,0
15589200,999915589200,617,Spain,Male,34,9,0,2,1,0,118749.58,0
15602934,999915602934,452,France,Female,33,6,131698.57,2,1,0,151623.91,0
15812720,999915812720,807,Germany,Male,37,10,130110.45,2,0,1,172097.95,0
15695383,999915695383,567,Spain,Male,44,9,0,2,1,0,87677.15,0
15723064,999915723064,603,Spain,Male,24,1,165149.13,2,1,0,21858.28,0
15761606,999915761606,617,Spain,Female,37,9,101707.8,1,1,0,123866.28,0
15650322,999915650322,701,France,Female,34,3,105588.66,1,0,1,74694.41,0
15669782,999915669782,820,Germany,Male,39,9,111336.89,1,1,0,16770.31,1
15751628,999915751628,438,France,Male,60,7,78391.17,1,0,1,49424.6,0
15809057,999915809057,600,Spain,Female,27,6,0,2,1,1,172031.22,0
15617052,999915617052,782,France,Male,34,9,0,1,1,0,183021.06,1
15590810,999915590810,638,Germany,Female,41,9,144326.09,1,1,0,73979.85,1
15801293,999915801293,850,Germany,Male,27,1,101278.25,2,1,1,26265.18,0
15770968,999915770968,741,Germany,Female,19,8,108711.57,2,1,0,24857.25,0
15572356,999915572356,689,Spain,Male,73,1,108555.07,1,0,1,167969.15,0
15603247,999915603247,743,Germany,Female,35,1,146781.24,1,1,0,189307.7,0
15619116,999915619116,493,France,Female,36,2,0,2,0,1,99770.3,0
15691792,999915691792,416,Spain,Male,35,8,0,1,0,0,119712.78,0
15783276,999915783276,725,France,Female,25,9,0,2,1,1,168607.74,0
15766137,999915766137,497,France,Male,34,2,0,2,1,1,83087.13,0
15574554,999915574554,537,Germany,Male,66,8,103291.25,2,1,1,130664.79,0
15578671,999915578671,706,Spain,Female,29,1,209490.21,1,1,1,133267.69,1
15716608,999915716608,651,Spain,Male,38,2,0,3,1,0,67029.82,1
15690670,999915690670,720,France,Male,33,2,0,2,0,1,141031.08,0
15630466,999915630466,797,France,Male,45,8,0,1,0,0,125110.02,0
15630349,999915630349,543,Spain,Male,23,5,0,2,1,0,117832.39,0
15803801,999915803801,454,France,Male,34,4,0,2,1,0,198817.72,0
15647890,999915647890,691,France,Male,37,9,149405.18,1,1,1,146411.6,0
15606115,999915606115,510,France,Female,52,6,191665.21,1,1,1,131312.56,1
15714642,999915714642,792,Spain,Female,40,7,0,1,1,0,141652.2,0
15741181,999915741181,721,France,Male,41,6,135071.12,1,1,1,64477.25,0
15773973,999915773973,765,France,Male,41,2,0,2,0,1,191215.61,0
15758546,999915758546,850,Spain,Male,39,8,0,2,1,1,37090.44,0
15598940,999915598940,681,Germany,Male,38,6,181804.34,2,1,1,57517.71,0
15669783,999915669783,586,France,Female,60,3,47020.65,2,0,1,63241.21,1
15624993,999915624993,753,France,Female,36,7,128518.98,1,1,1,44567.83,1
15760568,999915760568,593,Germany,Female,38,5,142658.04,2,0,1,135337.11,0
15699047,999915699047,674,France,Female,21,9,120150.39,2,1,1,33964.03,0
15616168,999915616168,610,France,Female,35,7,81905.95,1,1,1,61623.19,0
15773146,999915773146,652,France,Male,26,3,137998.2,2,0,1,168989.77,0
15770375,999915770375,850,Germany,Female,26,8,123126.29,1,1,0,74425.41,0
15589725,999915589725,740,France,Female,51,4,0,2,1,1,178929.84,0
15710034,999915710034,637,Germany,Male,43,1,135645.29,2,0,1,101382.86,1
15800806,999915800806,685,Spain,Male,31,7,122449.31,2,1,1,180769.55,0
15570485,999915570485,558,Spain,Male,40,4,161766.87,1,0,0,92378.54,0
15575391,999915575391,677,France,Female,37,3,0,2,1,1,38252.25,0
15790750,999915790750,592,Germany,Male,36,10,123187.51,1,0,1,146111.35,0
15714832,999915714832,652,Germany,Male,36,9,150956.71,1,0,0,72350.17,0
15619953,999915619953,662,Spain,Female,42,6,105021.28,1,1,0,48242.38,0
15673929,999915673929,543,France,Male,64,4,0,2,1,1,148305.82,0
15578835,999915578835,675,Spain,Female,50,1,133204.91,1,0,1,8270.06,0
15752388,999915752388,643,Spain,Female,35,6,0,2,1,1,41549.64,0
15797081,999915797081,611,Germany,Female,49,9,115488.52,2,1,1,138656.81,1
15570194,999915570194,412,France,Male,29,5,0,2,0,0,12510.53,0
15580149,999915580149,638,Spain,Male,41,7,0,2,1,0,43889.41,0
15777708,999915777708,824,Spain,Female,38,3,0,2,1,0,192800.25,0
15769955,999915769955,683,France,Female,40,1,0,2,0,0,75762,0
15810444,999915810444,562,Germany,Female,39,6,130565.02,1,1,0,9854.72,1
15645593,999915645593,599,France,Female,41,2,91328.71,1,1,0,115724.78,0
15765345,999915765345,753,France,Male,35,4,0,2,1,1,106303.4,0
15760873,999915760873,594,France,Male,50,7,81310.34,1,1,1,183868.01,0
15794178,999915794178,657,France,Male,34,3,107136.6,1,1,0,153895.46,0
15589361,999915589361,716,Spain,Male,34,9,0,1,1,1,66695.71,0
15662483,999915662483,850,France,Male,43,7,0,2,1,1,173851.11,0
15809736,999915809736,664,France,Male,46,2,0,1,1,1,177423.02,1
15731148,999915731148,558,France,Male,33,0,108477.49,1,1,1,109096.71,1
15774328,999915774328,606,Germany,Male,40,1,144757.97,2,1,1,166656.18,0
15646969,999915646969,776,Spain,Male,33,2,0,2,1,1,176921,0
15718769,999915718769,557,Spain,Male,36,1,113110.26,1,1,0,98413.1,0
15610226,999915610226,614,France,Female,27,9,106414.57,2,0,0,77500.81,0
15616270,999915616270,620,Spain,Male,42,4,106920.91,1,0,1,119747.08,0
15790717,999915790717,695,Spain,Male,35,7,0,2,1,0,160387.98,0
15635703,999915635703,729,Germany,Female,39,1,131513.26,1,1,1,193715,0
15616365,999915616365,571,France,Female,53,2,0,2,1,0,28045.77,0
15630244,999915630244,457,France,Male,40,10,134320.23,2,1,0,150757.35,0
15734714,999915734714,559,France,Female,29,3,79715.36,1,1,0,82252.28,0
15721433,999915721433,664,France,Female,38,4,74306.19,2,1,0,154395.56,0
15590201,999915590201,500,Spain,Female,50,5,0,4,1,1,83866.35,1
15590828,999915590828,782,Germany,Male,42,7,126428.38,1,1,0,39830.1,0
15752097,999915752097,708,Spain,Male,38,8,99640.89,1,1,0,12429.22,0
15800031,999915800031,681,France,Male,43,3,66338.68,1,1,1,18772.5,1
15630857,999915630857,674,Spain,Female,39,6,0,2,1,1,9574.83,0
15689953,999915689953,697,Spain,Male,43,10,128226.37,1,0,0,188486.94,0
15759733,999915759733,774,France,Female,26,5,0,2,1,1,64716.08,0
15810826,999915810826,624,France,Male,36,6,0,2,0,0,84749.96,0
15668009,999915668009,747,Spain,Male,37,1,0,2,0,1,180551.76,0
15743456,999915743456,715,France,Female,32,10,0,2,1,0,60907.49,0
15725762,999915725762,808,France,Male,24,4,122168.65,1,1,0,174107.04,0
15761713,999915761713,678,France,Female,43,7,178074.33,1,0,0,110405.9,0
15769246,999915769246,813,Germany,Male,59,2,135078.41,1,1,0,187636.06,1
15781129,999915781129,687,Spain,Male,38,8,69434.4,2,1,1,66580.13,1
15599124,999915599124,832,France,Female,29,5,0,2,1,0,178779.52,0
15639004,999915639004,668,France,Male,72,2,0,2,1,1,70783.61,0
15810995,999915810995,526,Germany,Male,34,3,122726.56,1,1,1,46772.36,0
15653773,999915653773,457,France,Female,38,7,164496.99,1,1,1,163327.27,0
15708357,999915708357,649,Spain,Female,38,8,0,1,1,0,103760.53,0
15733597,999915733597,669,France,Female,41,0,150219.41,2,0,0,107839.03,0
15789560,999915789560,668,France,Male,42,8,187534.79,1,1,1,32900.41,1
15699524,999915699524,466,France,Female,30,3,0,1,1,0,193984.6,0
15626475,999915626475,685,France,Male,30,2,0,2,1,1,140889.32,0
15810839,999915810839,610,France,Male,34,0,103108.17,1,0,0,125646.82,0
15684318,999915684318,582,Germany,Female,50,6,96486.57,2,1,1,20344.02,0
15768120,999915768120,702,Germany,Male,36,9,90560.48,2,1,0,174268.87,0
15712807,999915712807,556,Spain,Male,46,3,131764.96,1,1,1,108500.66,1
15696371,999915696371,812,Spain,Female,24,1,92476.88,1,0,0,83247.14,0
15675794,999915675794,645,Germany,Male,47,9,152076.93,1,1,0,121840.2,1
15774277,999915774277,809,France,Male,43,2,0,2,1,1,132908.07,0
15603764,999915603764,560,France,Male,49,4,0,1,1,1,100075.1,1
15618647,999915618647,744,France,Male,29,1,43504.42,1,1,1,119327.75,0
15614643,999915614643,731,Spain,Female,39,2,0,2,1,0,136737.13,0
15707696,999915707696,471,Spain,Female,28,5,0,2,1,1,22356.97,0
15749583,999915749583,686,Germany,Female,38,2,93569.86,3,0,0,10137.34,1
15815125,999915815125,668,Spain,Male,45,4,102486.21,2,1,1,158379.25,0
15779620,999915779620,575,France,Male,36,1,0,1,0,1,94570.56,0
15768233,999915768233,435,Germany,Male,37,8,114346.3,1,0,1,980.93,1
15637788,999915637788,743,France,Male,23,3,110203.77,1,1,0,95583.45,0
15777046,999915777046,580,France,Female,39,9,128362.59,1,1,0,86044.98,0
15788723,999915788723,599,Germany,Female,49,10,143888.22,2,1,1,166236.38,1
15790489,999915790489,534,Spain,Male,34,5,170600.78,1,0,1,5240.53,0
15739476,999915739476,680,France,Female,32,5,0,1,1,1,150684.23,0
15612670,999915612670,631,Spain,Female,46,10,0,2,1,1,129508.96,0
15631222,999915631222,485,France,Female,39,2,75339.64,1,1,1,70665.16,0
15658972,999915658972,699,France,Female,40,8,122038.34,1,1,0,102085.35,0
15724691,999915724691,712,France,Male,34,1,0,2,1,1,195052.12,0
15740442,999915740442,603,France,Male,51,8,186825.57,1,1,0,93739.71,1
15760427,999915760427,850,France,Male,40,6,124788.18,1,1,0,65612.12,0
15677939,999915677939,584,France,Female,41,3,0,2,1,1,160095.48,0
15611599,999915611599,604,France,Female,71,2,0,2,1,1,49506.82,0
15633474,999915633474,586,France,Male,51,2,138553.57,1,1,1,92406.22,0
15671973,999915671973,467,Spain,Male,39,5,0,2,1,1,7415.96,0
15790019,999915790019,520,France,Male,35,9,105387.89,1,1,1,25059.06,0
15737735,999915737735,683,Spain,Male,40,4,95053.1,1,1,1,116816.54,1
15661745,999915661745,557,France,Male,36,3,0,1,0,1,144078.02,0
15797065,999915797065,613,Spain,Female,32,0,0,2,0,1,126675.62,0
15710671,999915710671,786,France,Male,34,3,137361.96,1,0,0,183682.09,0
15656522,999915656522,593,Spain,Male,32,10,158537.42,1,1,0,166850.57,0
15705085,999915705085,670,Spain,Female,29,9,0,2,1,0,27359.19,0
15744873,999915744873,657,Germany,Female,48,5,143595.87,1,0,0,101314.65,1
15781914,999915781914,718,Germany,Male,32,9,169947.41,2,1,1,27979.16,0
15637354,999915637354,623,France,Female,24,7,148167.83,2,1,1,109470.34,0
15717307,999915717307,496,France,Male,31,5,0,2,1,0,93713.13,0
15746695,999915746695,429,France,Female,39,6,48023.83,1,1,0,74870.99,0
15804962,999915804962,606,France,Male,36,1,155655.46,1,1,1,192387.51,1
15665378,999915665378,499,France,Female,46,6,0,2,1,0,73457.55,0
15757865,999915757865,642,France,Male,62,7,0,2,1,1,61120.75,0
15578787,999915578787,641,France,Female,52,4,0,1,1,0,90964.54,1
15794323,999915794323,673,France,Male,32,8,121240.76,1,1,0,116969.73,0
15697546,999915697546,570,France,Female,36,3,0,2,1,0,92118.75,0
15629519,999915629519,472,France,Female,37,1,0,2,1,1,48357.9,0
15624703,999915624703,550,Germany,Male,35,9,129847.75,2,1,0,197325.4,0
15570002,999915570002,625,Germany,Female,55,8,118772.71,4,0,0,135853.62,1
15808566,999915808566,516,France,Male,46,2,0,2,1,1,169122.54,0
15805463,999915805463,682,Germany,Male,32,2,105163.88,2,1,1,164170.46,0
15709136,999915709136,620,France,Male,28,8,0,2,1,1,199909.32,0
15801605,999915801605,626,France,Female,39,0,0,2,1,1,83295.09,0
15567855,999915567855,623,France,Female,29,1,0,2,0,0,39382.06,0
15675141,999915675141,569,France,Female,35,4,93934.63,1,1,0,184748.23,0
15665759,999915665759,724,France,Female,69,5,117866.92,1,1,1,62280.91,0
15761487,999915761487,678,France,Female,55,5,0,1,0,1,196794.11,1
15700394,999915700394,713,Spain,Female,26,4,122857.46,2,1,0,144682.17,1
15631162,999915631162,631,France,Male,32,10,0,2,0,1,196342.66,0
15630641,999915630641,846,France,Female,37,6,127103.97,1,1,1,41516.44,0
15585066,999915585066,660,France,Female,43,1,0,1,0,1,112026.1,1
15722991,999915722991,567,France,Male,54,9,96402.96,1,0,0,52035.29,1
15737404,999915737404,731,France,Male,31,1,132512.26,1,1,1,185466.85,0
15722409,999915722409,693,Spain,Male,47,8,107604.66,1,1,1,80149.27,0
15806420,999915806420,772,France,Male,34,9,0,2,1,0,170980.86,0
15658148,999915658148,657,France,Male,38,7,0,2,1,0,185827.74,0
15810660,999915810660,774,Germany,Male,34,4,120875.23,2,0,1,113407.26,0
15709780,999915709780,667,France,Female,37,9,71786.9,2,1,1,67734.79,0
15727350,999915727350,516,France,Female,37,8,113143.12,1,0,0,3363.36,0
15752312,999915752312,551,Spain,Male,49,1,150777.72,2,1,1,135757.27,0
15616745,999915616745,542,Spain,Male,35,2,174894.53,1,1,1,22314.55,0
15572294,999915572294,623,France,Male,28,7,0,1,0,0,129526.57,0
15674110,999915674110,701,France,Female,43,2,160416.56,1,0,1,37266.43,0
15662501,999915662501,583,France,Male,48,3,91246.53,1,1,0,60017.46,1
15649239,999915649239,731,Spain,Male,46,10,0,2,1,0,153015.42,0
15700424,999915700424,461,France,Female,35,5,0,1,1,1,54209.02,0
15636388,999915636388,702,Germany,Female,23,7,98775.23,1,1,0,114603.96,0
15713975,999915713975,565,Germany,Female,47,10,139756.12,1,1,0,165849.49,1
15592925,999915592925,711,Spain,Male,42,3,177626.77,3,0,1,16392.72,1
15581626,999915581626,664,France,Male,54,8,0,1,1,1,162719.69,1
15641319,999915641319,518,Spain,Male,50,4,0,1,0,0,107112.25,1
15723481,999915723481,728,Spain,Male,42,8,0,2,0,1,41823.22,0
15787825,999915787825,585,Germany,Male,37,6,152496.82,1,1,1,99907.29,0
15710726,999915710726,573,France,Male,52,8,0,2,0,1,178229.04,0
15627195,999915627195,568,Germany,Male,26,1,112930.28,2,1,0,22095.73,0
15657957,999915657957,602,Germany,Female,26,8,113674.2,1,1,0,197861.16,1
15676117,999915676117,603,France,Male,44,9,0,1,1,0,138328.24,0
15607874,999915607874,687,France,Male,38,0,144450.58,1,0,1,137276.83,0
15796993,999915796993,741,France,Male,52,1,171236.3,2,0,0,21834.4,1
15649858,999915649858,469,Spain,Male,37,9,96776.49,1,1,1,119890.86,0
15811032,999915811032,477,Germany,Female,58,8,145984.92,1,1,1,24564.7,0
15679963,999915679963,737,Germany,Male,43,8,96353.8,1,0,0,10209.8,0
15579131,999915579131,835,France,Male,25,7,0,2,1,1,83449.65,0
15572428,999915572428,717,Germany,Female,33,0,115777.23,1,1,1,81508.1,0
15622461,999915622461,562,France,Female,51,7,122822,2,0,0,32626.21,0
15636105,999915636105,758,Spain,Male,61,2,0,2,1,1,43982.41,0
15583849,999915583849,408,France,Male,40,3,0,2,0,0,124874.23,0
15718780,999915718780,650,Spain,Female,32,4,79450.09,1,1,1,118324.75,0
15739271,999915739271,582,Germany,Male,33,2,122394,1,1,1,22113.93,0
15697129,999915697129,706,Spain,Female,43,1,0,2,1,0,31962.77,0
15763415,999915763415,567,Germany,Male,41,0,134378.89,1,1,1,105746.94,0
15796617,999915796617,720,France,Male,29,2,0,2,1,0,39925.52,0
15626628,999915626628,631,Spain,Female,31,2,88161.85,2,1,0,127630.88,0
15765857,999915765857,623,Spain,Male,41,2,142412.13,1,1,0,28778.98,0
15742511,999915742511,514,France,Male,35,3,121030.9,1,1,0,10008.68,0
15786433,999915786433,650,Germany,Female,35,3,165982.43,2,1,1,24482.16,0
15685805,999915685805,673,Spain,Female,35,6,0,2,1,0,98618.79,0
15627971,999915627971,504,France,Female,32,8,206663.75,1,0,0,16281.94,0
15783025,999915783025,723,Germany,Male,37,3,94661.53,2,1,0,121239.65,0
15726289,999915726289,645,France,Male,25,0,174400.36,1,1,0,42669.37,0
15802118,999915802118,664,Spain,Male,41,7,123428.69,1,1,1,164924.11,0
15607990,999915607990,760,Spain,Male,43,6,175735.5,1,1,1,157337.29,0
15695932,999915695932,766,Spain,Male,36,5,78381.13,1,0,1,153831.6,0
15812279,999915812279,634,France,Male,37,5,115345.86,2,0,0,168781.8,0
15687558,999915687558,640,Germany,Female,31,10,118613.34,1,1,0,168469.65,0
15729065,999915729065,784,Germany,Male,28,2,109960.06,2,1,1,170829.87,0
15698902,999915698902,547,Germany,Female,42,1,142703.4,1,1,0,86207.49,1
15570192,999915570192,608,Germany,Female,40,8,121729.42,1,0,0,61164.45,0
15809265,999915809265,547,France,Female,35,4,0,1,1,1,133287.73,0
15745201,999915745201,612,France,Female,43,4,139496.35,2,1,1,77128.23,0
15580623,999915580623,573,Spain,Male,28,8,0,2,0,0,77660.03,0
15578156,999915578156,615,Spain,Male,32,5,138521.83,1,1,1,56897.1,0
15631063,999915631063,710,France,Female,33,2,0,2,1,0,72945.32,0
15692577,999915692577,674,Germany,Female,38,10,83727.68,1,1,0,45418.12,0
15810910,999915810910,702,Spain,Female,38,9,0,2,1,1,158527.45,0
15723217,999915723217,616,France,Male,37,9,0,1,1,0,111312.96,0
15733111,999915733111,688,Spain,Male,32,6,124179.3,1,1,1,138759.15,0
15610727,999915610727,605,France,Male,36,7,128829.25,1,1,0,190588.59,0
15792720,999915792720,676,France,Male,33,6,171490.78,1,0,0,79099.64,0
15723153,999915723153,708,Spain,Male,33,3,0,2,1,0,138613.21,0
15802823,999915802823,745,Spain,Female,38,7,0,2,1,1,194230.82,0
15756118,999915756118,661,Spain,Male,20,8,0,1,1,0,110252.53,0
15684934,999915684934,726,France,Male,31,9,0,2,1,1,106117.3,0
15776936,999915776936,475,France,Male,40,7,160818.08,1,0,1,169642.13,1
15729087,999915729087,751,Germany,Male,54,9,156367.6,2,0,1,116179.92,0
15786463,999915786463,645,Germany,Female,59,8,121669.93,2,0,0,91.75,1
15717498,999915717498,775,France,Male,42,6,133970.22,2,0,1,187839.9,0
15718406,999915718406,540,France,Male,41,3,0,2,1,0,121098.65,0
15799468,999915799468,591,France,Female,34,3,96127.27,1,0,0,30972.06,0
15626383,999915626383,596,Spain,Male,60,7,121907.97,1,0,1,30314.04,0
15597385,999915597385,573,Spain,Male,41,5,0,2,0,1,14479.29,0
15570271,999915570271,577,Spain,Male,31,6,0,1,1,1,196395.25,0
15690330,999915690330,830,Germany,Female,40,8,77701.64,1,0,1,19512.38,0
15680611,999915680611,663,France,Male,67,9,0,3,1,1,72318.77,0
15810227,999915810227,421,France,Male,34,2,0,2,1,1,96615.23,0
15807194,999915807194,718,Spain,Male,34,5,113922.44,2,1,0,30772.22,0
15712199,999915712199,655,Germany,Female,61,2,183997.7,2,1,1,161217.18,0
15694995,999915694995,712,France,Male,23,2,0,2,0,1,66795.78,0
15723400,999915723400,663,France,Male,28,4,0,2,1,1,123969.64,0
15654772,999915654772,640,France,Female,47,6,89799.46,2,0,1,13783.77,1
15574743,999915574743,577,Spain,Male,29,2,0,1,1,1,168924.41,0
15807593,999915807593,546,Spain,Female,36,7,85660.96,1,0,0,134778.01,0
15686718,999915686718,802,Germany,Male,37,9,115569.21,1,0,1,119782.89,0
15695299,999915695299,590,France,Female,45,2,81828.22,1,1,0,52167.97,0
15722701,999915722701,594,Germany,Male,18,1,132694.73,1,1,0,167689.56,0
15799635,999915799635,577,Spain,Male,51,2,108867,1,0,0,140800.66,1
15742323,999915742323,541,France,Male,39,7,0,2,1,0,19823.02,0
15658435,999915658435,781,France,Female,27,5,0,2,0,0,72969.9,0
15586029,999915586029,806,Germany,Male,34,2,96152.68,2,1,0,143711.02,0
15772337,999915772337,723,Germany,Female,49,0,153855.52,1,1,1,180862.26,1
15807555,999915807555,535,France,Male,45,2,0,2,1,0,125658.28,0
15603378,999915603378,768,France,Female,36,3,141334.95,1,0,1,125870.5,0
15792862,999915792862,653,Germany,Male,41,1,104584.11,1,1,0,15126.32,1
15657349,999915657349,803,Germany,Female,50,8,98173.02,1,0,0,22457.25,1
15777614,999915777614,545,Spain,Female,44,1,0,2,1,1,82614.89,0
15653952,999915653952,581,Germany,Female,38,3,135157.05,1,1,1,32919.42,0
15724336,999915724336,513,Germany,Female,49,5,171601.27,1,1,0,126223.84,0
15689594,999915689594,731,France,Male,29,5,179539.2,1,0,0,112010.02,0
15801920,999915801920,727,Germany,Male,39,5,80615.46,2,0,0,180962.32,0
15653347,999915653347,560,Spain,Male,47,1,0,1,0,0,128882.66,1
15749951,999915749951,766,Germany,Male,27,5,126285.73,1,1,0,177614.17,1
15648178,999915648178,630,Germany,Female,23,4,137964.51,1,0,1,174570.55,0
15738662,999915738662,652,Germany,Male,41,9,159434.03,1,1,0,178373.93,0
15640855,999915640855,729,Germany,Male,40,5,113574.61,2,1,0,103396.08,0
15584288,999915584288,629,France,Female,33,6,0,2,1,1,59129.72,0
15760988,999915760988,667,Germany,Male,33,9,124573.33,2,0,0,683.37,0
15569624,999915569624,671,Germany,Female,31,6,105864.6,2,1,0,145567.34,0
15597949,999915597949,768,Germany,Female,47,5,104552.61,1,1,0,48137.08,1
15604551,999915604551,732,France,Female,35,3,0,2,1,0,90876.95,0
15617476,999915617476,546,France,Female,30,5,0,2,0,1,198543.09,0
15645323,999915645323,630,France,Male,55,2,0,1,1,1,106202.07,1
15793311,999915793311,765,Germany,Female,46,8,119492.88,2,0,1,166896.01,1
15764153,999915764153,704,France,Female,33,0,130499.09,2,1,1,74804.36,0
15802560,999915802560,470,Spain,Female,48,6,140576.11,1,1,1,116971.05,0
15728608,999915728608,688,Germany,Female,34,9,91025.58,2,0,1,163783,0
15770474,999915770474,685,France,Female,33,1,0,3,0,1,70221.13,1
15724444,999915724444,567,France,Female,38,1,125877.65,2,1,1,107841.77,0
15753110,999915753110,720,Spain,Male,64,3,45752.78,2,1,0,79623.28,1
15711521,999915711521,609,France,Male,39,3,121778.71,1,1,1,138399.67,0
15632816,999915632816,521,Germany,Female,49,2,127948.57,1,1,1,182765.14,0
15693637,999915693637,556,France,Female,30,7,0,2,1,1,186648.19,0
15725509,999915725509,662,Germany,Male,30,5,115286.68,2,1,1,149587.92,0
15684645,999915684645,704,Germany,Male,41,9,62078.21,2,1,0,129050.67,0
15692235,999915692235,750,France,Female,38,1,0,2,1,0,47764.99,0
15777459,999915777459,619,Spain,Female,32,4,175406.13,2,1,1,172792.43,1
15656937,999915656937,468,Spain,Male,26,1,131643.25,1,1,0,64436.16,0
15610643,999915610643,435,Germany,Male,44,3,151739.65,1,1,0,167461.5,0
15777315,999915777315,529,France,Male,43,6,93616.35,2,0,0,98348.66,0
15611058,999915611058,702,Germany,Female,60,5,138597.54,2,1,1,41536.59,1
15630413,999915630413,608,France,Female,41,5,0,2,1,1,72462.25,0
15635942,999915635942,576,France,Male,40,9,0,2,1,0,112465.19,1
15648858,999915648858,666,France,Female,27,1,85225.21,1,0,1,64511.44,0
15810732,999915810732,730,France,Female,36,8,148749.29,2,1,0,91830.75,0
15705448,999915705448,647,Germany,Male,52,7,130013.12,1,1,1,190806.36,1
15730488,999915730488,516,Spain,Female,27,1,0,1,0,1,112311.15,0
15620443,999915620443,711,France,Female,81,6,0,2,1,1,72276.24,0
15741078,999915741078,736,France,Male,54,7,111729.47,2,0,1,84920.49,0
15753161,999915753161,768,France,Female,36,5,180169.44,2,1,0,17348.56,0
15711396,999915711396,427,Spain,Male,40,8,0,2,1,1,82870.75,0
15593499,999915593499,686,Spain,Female,47,6,0,1,1,0,32080.69,1
15579189,999915579189,690,France,Female,42,5,0,2,0,1,120512.08,0
15743545,999915743545,647,Spain,Female,29,2,0,2,1,0,179032.68,0
15791316,999915791316,714,France,Male,35,3,0,2,1,1,95623.28,0
15608246,999915608246,736,Germany,Female,36,8,103914.17,1,1,1,110035.88,1
15676526,999915676526,608,France,Female,34,4,88772.87,1,1,1,168822.01,0
15813911,999915813911,809,France,Female,39,5,0,1,1,0,77705.75,0
15630195,999915630195,745,France,Female,40,6,131184.67,1,1,1,49815.62,0
15736250,999915736250,781,France,Male,38,2,117810.79,1,0,1,65632.33,1
15671334,999915671334,527,France,Male,31,4,0,1,1,0,169361.89,0
15574169,999915574169,595,Germany,Female,32,0,92466.21,1,1,0,4721.3,0
15718839,999915718839,850,Germany,Female,38,2,102741.15,2,0,1,23974.85,0
15762331,999915762331,569,France,Male,37,9,178755.84,1,1,0,199929.17,0
15606901,999915606901,728,France,Male,43,7,0,2,1,0,40023.7,0
15713559,999915713559,473,Germany,Female,32,5,146602.25,2,1,1,72946.95,0
15768881,999915768881,738,France,Male,29,2,0,2,1,1,170421.13,0
15743075,999915743075,659,France,Male,35,6,0,2,1,1,58879.11,0
15660980,999915660980,597,Spain,Male,38,6,115702.67,2,1,1,25059.05,0
15810942,999915810942,445,Germany,Female,61,2,137655.31,1,0,1,29909.84,0
15728362,999915728362,671,France,Female,29,3,0,2,1,0,158043.11,0
15683339,999915683339,656,Spain,Female,34,6,59877.33,1,1,0,14032.62,1
15685476,999915685476,658,France,Male,31,5,100082.14,1,0,1,49809.88,0
15663650,999915663650,698,Germany,Male,52,10,107304.39,3,1,0,28806.32,1
15617434,999915617434,655,Spain,Male,38,9,0,1,0,1,90490.33,0
15622470,999915622470,772,Spain,Male,41,10,96032.22,1,1,1,75825.57,0
15703682,999915703682,681,Spain,Male,33,10,0,1,0,0,158336.36,0
15727391,999915727391,688,Germany,Male,29,9,144553.5,2,1,0,143454.95,0
15711062,999915711062,633,Germany,Male,40,5,86172.81,2,1,1,117279.49,0
15567339,999915567339,735,France,Male,73,9,0,1,1,1,114283.33,0
15760662,999915760662,521,Germany,Female,29,2,87212.8,1,1,1,994.86,0
15605737,999915605737,541,France,Male,36,5,0,2,1,0,124795.84,0
15692977,999915692977,612,Germany,Female,36,2,130700.92,2,0,0,77592.8,0
15672082,999915672082,562,France,Male,62,3,0,2,1,0,105986.01,0
15600280,999915600280,703,France,Female,32,6,0,2,0,0,33606.52,0
15804052,999915804052,710,Spain,Male,23,6,0,2,1,1,134188.11,0
15576065,999915576065,731,Spain,Female,40,5,171325.98,1,1,1,159718.27,1
15796838,999915796838,703,Spain,Male,58,4,92930.92,1,0,1,85148.78,0
15693526,999915693526,618,France,Female,40,0,0,1,1,0,119059.13,0
15748595,999915748595,689,France,Female,29,1,77556.79,2,1,1,122998.26,0
15679029,999915679029,718,France,Male,33,7,102874.28,1,0,0,117841.06,0
15753639,999915753639,608,France,Male,37,5,146093.39,2,0,0,160593.41,0
15604138,999915604138,749,Spain,Male,34,2,0,1,0,0,174189.04,1
15666095,999915666095,753,Spain,Male,51,4,79811.72,2,0,1,68260.27,1
15643487,999915643487,630,Spain,Male,39,10,105473.74,1,0,0,58854.88,1
15764033,999915764033,693,Germany,Female,43,1,121927.92,1,1,0,87994.95,1
15747288,999915747288,838,Spain,Female,40,6,61671.19,1,0,1,150659.35,1
15790599,999915790599,756,Germany,Female,39,5,149363.12,2,1,1,109098.39,0
15737705,999915737705,775,France,Female,27,4,152309.37,1,1,0,104112,0
15737194,999915737194,635,France,Female,33,5,0,2,1,0,122949.71,0
15726776,999915726776,705,Spain,Male,36,1,111629.29,1,1,1,21807.16,0
15804357,999915804357,481,France,Male,40,3,0,1,1,1,32319.93,0
15664432,999915664432,727,Spain,Female,49,7,96296.78,1,1,0,190457.87,1
15688984,999915688984,595,France,Male,20,4,95830.43,1,1,0,177738.98,0
15583026,999915583026,535,France,Female,38,0,135919.33,1,1,0,80425.65,0
15771668,999915771668,578,France,Male,59,10,185966.64,1,0,0,9445.42,1
15779904,999915779904,597,France,Female,29,5,0,2,1,1,174825.57,0
15784323,999915784323,449,France,Female,21,7,0,2,0,0,175743.92,0
15756277,999915756277,850,Germany,Female,43,8,92244.83,2,1,0,54949.73,0
15663312,999915663312,494,France,Female,35,9,112727.06,2,1,0,183752.91,0
15793197,999915793197,676,France,Female,34,8,100359.54,1,0,0,46038.28,0
15731463,999915731463,818,Germany,Male,43,10,105301.5,1,1,1,78941.59,0
15621768,999915621768,712,Spain,Male,45,6,112994.65,1,0,0,198398.68,0
15691323,999915691323,672,Germany,Male,40,4,89025.88,2,1,0,188892.19,0
15781326,999915781326,636,France,Male,35,9,95478.17,1,0,0,169286.74,0
15595640,999915595640,698,France,Male,37,8,0,2,0,0,145004.39,0
15814331,999915814331,597,Germany,Female,43,7,119127.46,2,1,0,55809.92,0
15602030,999915602030,717,France,Male,28,4,128206.79,1,1,1,54272.12,0
15747974,999915747974,614,France,Male,49,1,0,2,1,0,192440.54,0
15611315,999915611315,708,Germany,Female,23,4,71433.08,1,1,0,103697.57,0
15636977,999915636977,507,Germany,Male,36,9,118214.32,3,1,0,119110.03,1
15690337,999915690337,581,France,Female,27,5,102258.11,2,1,0,194681.6,0
15680666,999915680666,579,Spain,Female,39,2,151963.26,2,1,0,158948.63,0
15679551,999915679551,504,Spain,Female,46,2,163764.84,1,1,1,165122.55,1
15778915,999915778915,737,France,Female,32,7,128551.36,2,0,1,189402.71,0
15568849,999915568849,540,Spain,Female,31,10,118158.74,1,1,1,158027.57,0
15747762,999915747762,609,France,Male,32,7,118520.41,1,0,0,3815.48,0
15753679,999915753679,778,France,Male,24,4,0,2,1,1,162809.2,0
15750049,999915750049,621,France,Male,40,10,163823.37,1,0,0,89519.47,0
15606097,999915606097,665,Germany,Male,63,7,104469.58,1,1,1,25165.36,1
15802368,999915802368,608,France,Female,47,6,0,1,1,1,126012.57,0
15767488,999915767488,680,Spain,Male,36,7,0,2,1,0,20109.21,0
15669946,999915669946,663,Germany,Female,46,2,141726.88,1,1,1,58257.23,0
15612103,999915612103,627,Germany,Female,35,2,137852.96,1,1,1,172269.21,1
15645353,999915645353,607,France,Male,26,1,0,1,1,0,29818.2,0
15650018,999915650018,681,France,Female,43,8,154100.3,1,0,0,114659.81,0
15659002,999915659002,766,France,Female,45,6,0,2,0,0,147184.74,0
15616028,999915616028,694,France,Male,30,2,0,3,0,1,15039.41,0
15660475,999915660475,411,France,Female,54,9,0,1,0,1,76621.49,0
15652615,999915652615,742,France,Male,39,8,140004.96,1,1,1,92985.78,0
15653572,999915653572,673,Spain,Male,43,8,127132.96,1,0,1,6009.27,1
15628059,999915628059,529,France,Male,61,1,0,2,1,1,191370.97,0
15703413,999915703413,519,France,Female,38,7,125328.56,1,1,0,188225.67,0
15610433,999915610433,573,France,Male,35,9,0,2,1,0,11743.89,0
15770548,999915770548,453,Germany,Female,28,3,139986.65,1,1,0,136846.75,0
15645637,999915645637,798,Germany,Female,39,6,119787.76,1,1,1,164248.33,0
15590888,999915590888,693,Spain,Female,34,10,107556.06,2,0,0,154631.35,0
15568326,999915568326,637,France,Female,44,2,0,2,1,0,149665.65,0
15655368,999915655368,672,France,Male,47,1,0,1,0,0,91574.92,0
15665579,999915665579,597,France,Female,28,0,142705.95,1,1,0,127233.39,0
15676091,999915676091,543,France,Male,42,7,0,1,1,1,56650.47,0
15716984,999915716984,695,Spain,Female,56,4,0,2,1,0,84644.76,0
15715078,999915715078,584,France,Male,35,6,161613.94,2,1,1,148238.16,0
15569452,999915569452,652,Germany,Female,58,3,116353.2,2,0,1,193502.9,0
15628863,999915628863,601,France,Male,38,4,60013.81,1,1,1,38020.05,0
15778192,999915778192,628,Spain,Male,28,4,0,2,1,1,176750.81,0
15793723,999915793723,607,Germany,Male,32,9,144272.07,2,1,0,176580.63,0
15798943,999915798943,646,France,Female,46,8,0,2,1,0,133059.15,0
15764708,999915764708,572,France,Male,30,6,117696.67,1,1,0,100843.82,0
15791040,999915791040,801,Spain,Male,58,1,79954.61,2,1,1,30484.19,0
15631512,999915631512,597,France,Female,26,8,149989.39,1,1,0,42330.58,0
15640106,999915640106,613,France,Male,40,7,124339.9,1,0,0,193309.58,0
15710315,999915710315,529,Germany,Male,29,4,135759.4,1,0,0,112813.79,1
15771535,999915771535,794,Spain,Female,37,9,0,2,1,0,68008.85,0
15611947,999915611947,557,France,Male,34,3,83074,1,1,0,132673.22,0
15670266,999915670266,499,France,Female,28,4,141792.61,1,1,1,22001.91,0
15609083,999915609083,544,France,Female,26,6,0,1,1,0,100200.4,1
15567923,999915567923,739,France,Female,30,6,0,1,0,0,122604.44,0
15788183,999915788183,458,Germany,Female,43,1,106870.12,2,1,0,100564.37,0
15735782,999915735782,528,France,Male,31,9,120962.59,1,1,0,5419.31,0
15774401,999915774401,773,Spain,Male,51,4,0,2,0,0,123587.83,1
15737971,999915737971,646,France,Female,30,5,0,2,1,0,13935.32,0
15758750,999915758750,564,France,Male,31,0,110527.17,1,1,1,87060.77,0
15611767,999915611767,624,Germany,Female,52,0,133723.43,1,0,0,4859.59,1
15643770,999915643770,682,France,Female,52,5,112670.48,1,1,0,21085.17,1
15744717,999915744717,726,France,Female,44,2,0,2,1,1,26733.86,0
15570681,999915570681,560,France,Male,24,1,116084.32,1,1,0,89734.7,0
15792650,999915792650,382,Spain,Male,36,0,0,1,1,1,179540.73,1
15605531,999915605531,457,Spain,Female,38,6,0,2,1,0,173219.09,0
15605339,999915605339,673,France,Female,37,10,0,2,1,1,37411.35,0
15672216,999915672216,584,France,Female,40,4,82441.75,1,0,0,80852.11,0
15812893,999915812893,629,France,Female,39,10,0,2,1,1,43174.49,1
15624180,999915624180,584,Germany,Female,37,10,134171.8,4,1,1,70927.11,1
15701364,999915701364,724,France,Male,30,10,0,2,1,1,54265.55,0
15762588,999915762588,644,France,Male,31,5,0,2,1,1,41872.17,0
15806318,999915806318,676,Germany,Female,48,2,124442.38,1,1,0,15068.53,1
15712596,999915712596,499,France,Male,31,4,0,1,1,0,25950.49,0
15600399,999915600399,598,France,Male,60,4,0,1,1,0,197727.14,1
15576216,999915576216,655,Germany,Female,37,4,108862.76,1,1,0,79555.08,1
15620750,999915620750,559,France,Male,28,3,141099.43,1,1,1,15607.27,0
15623489,999915623489,543,France,Female,67,0,128843.67,1,1,1,134612.48,0
15667944,999915667944,679,France,Male,39,0,86843.61,1,0,1,159830.58,0
15584928,999915584928,594,Germany,Female,32,4,120074.97,2,1,1,162961.79,0
15779913,999915779913,586,France,Male,27,5,130231.8,2,1,1,192427.16,0
15644977,999915644977,776,France,Female,31,5,0,2,1,0,92647.94,0
15749679,999915749679,699,France,Male,39,2,109724.38,1,1,1,180022.39,0
15629010,999915629010,847,Germany,Female,35,5,111743.43,1,1,1,183584.14,0
15768465,999915768465,582,Germany,Male,35,8,121309.17,2,1,1,28750.67,0
15767781,999915767781,648,France,Male,38,10,82697.28,1,1,0,74846.67,0
15635364,999915635364,618,France,Female,49,9,44301.43,3,1,1,89729.3,1
15722004,999915722004,543,France,Female,31,4,138317.94,1,0,0,61843.73,0
15766044,999915766044,642,Germany,Male,49,4,120688.61,1,1,0,24770.22,1
15586680,999915586680,462,France,Male,27,4,176913.52,1,1,0,80587.27,0
15635388,999915635388,640,Spain,Male,47,6,89047.14,1,1,0,116286.25,0
15655175,999915655175,740,Germany,Male,40,4,114318.78,2,1,0,129333.69,1
15639133,999915639133,773,France,Female,50,4,0,2,1,0,129372.94,0
15799653,999915799653,583,Germany,Female,32,7,94753.55,2,1,1,18149.03,0
15723872,999915723872,589,Spain,Female,46,10,0,2,0,1,168369.37,0
15775627,999915775627,509,France,Male,35,8,0,2,0,1,67431.28,0
15630704,999915630704,612,Germany,Male,32,9,106520.73,2,1,0,177092.16,0
15815534,999915815534,505,Spain,Male,37,0,134006.39,1,1,1,93736.69,0
15697249,999915697249,546,Germany,Female,25,3,132837.7,1,1,0,131647.31,0
15681316,999915681316,681,France,Female,41,0,120549.29,2,1,0,175722.31,0
15682523,999915682523,762,France,Male,20,1,139432.55,1,1,1,85606.83,0
15650244,999915650244,786,Spain,Male,29,7,80895.44,2,1,0,64945.57,0
15648638,999915648638,629,Spain,Male,34,6,0,2,1,0,190347.72,0
15795747,999915795747,787,Spain,Female,39,7,171646.76,1,0,1,100791.36,0
15607330,999915607330,713,Spain,Male,42,0,109121.71,1,0,1,167873.49,0
15624013,999915624013,541,France,Female,39,6,109844.81,1,1,0,25289.23,0
15800805,999915800805,451,France,Female,31,7,140931.82,1,0,1,20388.77,0
15667321,999915667321,644,Spain,Male,49,10,0,2,1,1,145089.64,0
15601116,999915601116,686,France,Male,32,6,0,2,1,1,179093.26,0
15622033,999915622033,847,Germany,Female,41,3,101543.51,4,1,0,16025.17,1
15758451,999915758451,765,Germany,Male,37,7,102708.77,1,1,0,9087.81,0
15688689,999915688689,678,Germany,Female,37,8,149000.91,2,1,1,21472.42,0
15652674,999915652674,539,France,Male,20,0,83459.86,1,1,1,146752.67,0
15806327,999915806327,800,France,Female,40,3,75893.11,2,1,0,132562.23,0
15649618,999915649618,799,Germany,Female,39,7,167395.6,2,0,1,139537.43,0
15677117,999915677117,629,France,Female,61,6,0,2,1,1,133672.61,0
15751445,999915751445,734,Germany,Female,52,6,71283.09,2,0,1,38984.37,0
15749669,999915749669,542,France,Female,31,3,0,2,1,1,115217.59,0
15656351,999915656351,414,Spain,Male,60,3,0,2,1,1,93844.82,0
15667438,999915667438,675,France,Female,38,1,104016.88,1,0,0,22068.83,1
15682273,999915682273,683,France,Female,38,5,127616.56,1,1,0,123846.07,0
15580912,999915580912,748,France,Male,32,5,154737.88,2,1,1,172638.13,0
15785183,999915785183,596,Spain,Male,29,2,0,2,1,1,1591.19,0
15705383,999915705383,642,France,Male,35,4,125476.31,1,1,1,91775.51,0
15712903,999915712903,499,France,Female,21,3,176511.08,1,1,1,153920.22,0
15774285,999915774285,649,Spain,Female,47,8,110783.28,1,1,1,71420.16,0
15583138,999915583138,739,France,Male,42,2,141642.92,2,1,0,172149.76,0
15740160,999915740160,616,France,Male,31,1,0,2,1,1,54706.75,0
15793425,999915793425,560,Spain,Female,33,9,0,1,0,1,183358.21,0
15749265,999915749265,427,Germany,Male,42,1,75681.52,1,1,1,57098,0
15623989,999915623989,435,France,Male,54,3,0,1,1,0,156910.46,1
15604832,999915604832,633,France,Male,29,7,0,1,1,1,130224.73,0
15584580,999915584580,443,France,Male,35,6,161111.45,1,0,0,13946.66,0
15573854,999915573854,727,France,Male,62,5,0,2,0,1,38652.96,0
15614847,999915614847,674,France,Female,45,6,72494.69,1,0,1,140041.78,0
15679966,999915679966,661,France,Female,31,3,133964.3,1,1,1,166187.1,0
15799435,999915799435,619,Spain,Male,34,1,0,1,1,0,139919.38,0
15752186,999915752186,562,France,Female,27,3,0,2,1,0,28137.03,0
15705544,999915705544,633,France,Male,61,3,157201.48,1,0,1,50368.63,0
15713632,999915713632,551,Spain,Female,48,5,95679.29,1,0,0,94978.1,0
15586523,999915586523,720,Germany,Female,29,7,106230.92,1,1,1,69903.93,1
15609176,999915609176,688,France,Female,32,5,0,2,0,1,177607.77,0
15769308,999915769308,635,Germany,Female,36,9,81231.85,2,1,0,196731.08,0
15676810,999915676810,561,France,Female,31,1,81480.27,2,1,1,65234.6,0
15634591,999915634591,850,France,Male,33,8,73059.38,1,1,1,186281,0
15679804,999915679804,636,France,Male,36,5,117559.05,2,1,1,111573.3,0
15677764,999915677764,461,Germany,Female,74,1,186445.31,2,1,1,196767.83,0
15571917,999915571917,771,Germany,Female,38,5,137657.71,2,1,0,72985.61,0
15574608,999915574608,713,France,Male,36,8,133889.35,1,1,1,143265.65,0
15740868,999915740868,658,Germany,Female,45,9,134562.8,1,1,1,159268.67,0
15702442,999915702442,586,Germany,Female,56,9,100781.75,2,1,1,54448.41,0
15699797,999915699797,737,France,Male,30,8,174356.13,1,0,0,31928.5,0
15648047,999915648047,742,Germany,Male,27,5,190125.43,2,0,0,21793.59,0
15766826,999915766826,824,France,Male,26,7,146266,1,1,0,21903.62,1
15591628,999915591628,701,Germany,Male,41,9,164046.1,1,1,0,49405.93,0
15583857,999915583857,623,Spain,Female,43,4,123536.52,2,0,0,154908.52,0
15752534,999915752534,744,France,Male,36,10,0,2,1,1,182867.84,0
15741403,999915741403,698,Spain,Female,38,1,171848.38,1,0,0,16957.45,0
15783589,999915783589,616,France,Male,40,9,0,2,0,0,93717.55,0
15598046,999915598046,662,France,Female,39,5,139562.05,2,1,0,61636.22,0
15643330,999915643330,594,France,Male,37,2,0,2,0,1,95864.5,0
15680405,999915680405,685,France,Male,40,2,168001.34,2,1,1,167400.29,0
15728683,999915728683,742,France,Male,27,0,0,2,0,1,131534.96,0
15621644,999915621644,678,Germany,Male,83,6,123356.63,1,0,1,92934.41,0
15733032,999915733032,651,Spain,Male,47,2,0,2,1,1,119808.64,0
15608381,999915608381,585,Germany,Male,50,2,125845.66,1,1,0,9439.31,1
15658946,999915658946,579,Germany,Male,40,10,45408.85,2,1,0,18732.91,0
15757912,999915757912,722,Germany,Female,37,0,125977.81,1,0,0,160162.42,0
15645371,999915645371,613,Germany,Female,51,7,147262.11,1,1,1,53630.9,1
15653110,999915653110,694,France,Male,42,8,133767.19,1,1,0,36405.21,0
15766355,999915766355,550,Germany,Male,49,0,108806.96,3,1,0,61446.92,1
15585249,999915585249,741,France,Male,42,6,106036.52,1,1,0,194686.78,1
15611786,999915611786,668,Spain,Female,69,9,0,1,0,1,134483.07,0
15575486,999915575486,529,France,Female,27,1,0,2,1,1,37769.98,0
15780215,999915780215,636,France,Male,31,6,0,2,1,1,2382.61,0
15686099,999915686099,563,Spain,Male,61,1,82182.1,1,1,0,106826.92,1
15739042,999915739042,767,France,Female,35,9,0,2,1,0,39511.61,0
15815316,999915815316,644,France,Male,50,9,76817,4,1,0,196371.13,1
15778489,999915778489,780,Germany,Male,71,9,142550.25,2,1,1,122506.78,0
15786389,999915786389,635,Spain,Female,41,10,0,2,1,1,61994.2,0
15601787,999915601787,641,Germany,Male,35,2,103711.56,1,0,1,192464.21,1
15624715,999915624715,593,Spain,Female,40,2,0,1,1,1,5194.95,0
15763093,999915763093,540,Germany,Female,35,7,128369.75,2,1,0,198256.15,0
15572073,999915572073,663,Spain,Male,35,5,0,2,1,1,62634.94,0
15780256,999915780256,630,France,Male,34,9,0,2,1,1,114006.35,0
15659305,999915659305,605,Germany,Male,19,8,166133.28,1,1,1,107994.99,0
15638882,999915638882,710,Germany,Female,62,9,148214.36,1,1,0,48571.14,1
15714680,999915714680,755,France,Female,78,5,121206.96,1,1,1,76016.49,0
15777217,999915777217,641,Spain,Male,25,10,0,2,1,1,180808.39,0
15739123,999915739123,737,Germany,Male,50,4,127552.85,2,1,0,4225.11,0
15594450,999915594450,695,France,Male,49,9,159458.53,1,1,0,135841.35,0
15797751,999915797751,466,Germany,Female,47,5,102085.72,1,1,1,183536.24,1
15691543,999915691543,558,Germany,Male,58,2,142537.18,1,1,1,88791.83,0
15722845,999915722845,665,Spain,Male,29,1,182781.74,2,1,1,63732.9,0
15605804,999915605804,737,France,Male,45,10,0,2,1,0,1364.54,0
15702061,999915702061,654,France,Male,29,7,0,2,1,1,149184.15,0
15694321,999915694321,619,France,Female,28,3,0,2,1,0,53394.12,0
15798749,999915798749,845,Germany,Female,43,3,152063.59,2,1,0,97910.06,0
15720050,999915720050,727,France,Female,28,2,110997.76,1,1,0,101433.76,0
15758048,999915758048,582,France,Male,50,2,148942,1,1,1,116944.3,0
15805681,999915805681,716,France,Male,41,9,0,1,1,1,113267.48,0
15802809,999915802809,660,Spain,Female,36,0,84438.57,1,1,1,181449.51,0
15807239,999915807239,664,France,Female,34,7,93920.47,1,0,0,179913.98,0
15749093,999915749093,801,France,Male,43,4,158713.08,2,0,0,98586.14,0
15689344,999915689344,615,Spain,Male,42,4,0,3,0,1,120321.09,0
15606076,999915606076,718,Germany,Male,63,7,123204.88,1,1,1,100538.8,0
15610090,999915610090,667,France,Male,40,8,72945.29,2,1,0,98931.5,0
15693926,999915693926,670,Spain,Male,37,0,178742.71,1,1,1,194493.57,0
15791501,999915791501,590,France,Male,43,8,0,2,1,1,143628.31,0
15621870,999915621870,739,Spain,Female,40,8,0,1,1,0,167030.51,0
15734711,999915734711,373,France,Male,42,7,0,1,1,0,77786.37,1
15814405,999915814405,418,France,Female,46,9,0,1,1,1,81014.5,1
15729359,999915729359,837,France,Female,29,9,0,2,1,1,41866.26,0
15606944,999915606944,645,Germany,Male,43,9,140121.17,1,1,0,11302.7,1
15671934,999915671934,552,Germany,Male,39,2,132906.88,1,0,1,149384.43,0
15641773,999915641773,580,Germany,Male,45,2,179334.83,2,1,1,169303.65,0
15701972,999915701972,684,France,Male,35,3,137179.39,1,1,1,37264.11,0
15749114,999915749114,634,Spain,Male,35,3,0,2,1,1,19515.48,0
15780362,999915780362,607,France,Female,49,9,119960.29,2,1,0,103068.22,0
15753229,999915753229,802,France,Male,29,9,127414.55,1,1,1,134459.12,0
15656009,999915656009,736,France,Female,36,6,0,1,1,0,70496.66,0
15785024,999915785024,629,France,Female,40,9,137409.19,1,1,0,175877.7,1
15670492,999915670492,737,France,Male,28,8,0,2,1,0,106390.01,0
15795458,999915795458,718,Spain,Female,39,2,0,1,1,1,52138.49,0
15732438,999915732438,561,France,Male,43,4,0,4,0,0,18522.91,1
15781987,999915781987,641,France,Male,31,9,112494.99,1,1,1,32231.6,0
15775826,999915775826,677,France,Male,30,1,78133.15,1,0,1,174225.88,0
15807457,999915807457,641,Spain,Female,36,1,0,2,1,0,102021.39,0
15632538,999915632538,658,Spain,Female,32,5,145553.07,1,1,1,31484.76,0
15641389,999915641389,659,Germany,Male,48,4,123593.22,2,1,0,82469.06,1
15657306,999915657306,567,France,Female,47,2,0,1,0,0,110900.43,1
15709447,999915709447,584,France,Female,26,0,146286.22,1,1,0,105105.35,0
15762682,999915762682,709,Spain,Female,35,1,111827.27,2,1,0,12674.68,0
15626042,999915626042,690,Spain,Female,26,2,0,2,1,1,93255.85,0
15597109,999915597109,627,France,Male,70,1,94416.78,1,0,1,145299.5,0
15756148,999915756148,765,Spain,Male,45,2,91549.78,1,1,1,47139.44,0
15665634,999915665634,645,France,Female,38,7,59568.57,1,1,1,167723.25,0
15739997,999915739997,716,France,Female,23,2,94464.81,2,0,1,185900.88,0
15686242,999915686242,771,France,Female,57,4,0,1,0,0,85876.67,1
15759244,999915759244,687,Germany,Male,44,8,95368.14,2,1,1,1787.85,0
15672027,999915672027,717,Germany,Female,33,10,102185.42,2,1,0,23231.93,0
15594576,999915594576,524,France,Male,32,1,144875.71,1,0,0,187740.04,0
15707138,999915707138,679,Spain,Male,39,5,0,2,1,1,100060.54,0
15756954,999915756954,538,France,Female,32,2,0,1,1,1,80130.54,0
15619130,999915619130,752,Germany,Female,37,5,113291.05,2,1,1,132467.54,0
15639665,999915639665,846,Spain,Male,61,0,0,2,1,1,96202.44,0
15571065,999915571065,532,Spain,Female,39,0,0,2,1,0,94977.3,0
15686060,999915686060,670,Germany,Male,43,9,111677.88,1,1,0,178827.3,1
15615753,999915615753,597,Germany,Female,35,8,131101.04,1,1,1,192852.67,0
15800961,999915800961,627,Germany,Male,52,1,76101.81,2,0,1,177238.35,0
15763065,999915763065,700,Spain,Female,40,2,0,2,1,0,199753.97,0
15672467,999915672467,766,France,Female,52,7,92510.9,2,0,1,66193.61,0
15752915,999915752915,488,France,Female,34,2,0,2,1,1,181270.84,0
15744695,999915744695,694,France,Male,39,5,77652.4,1,1,1,25407.59,0
15584897,999915584897,639,France,Female,31,3,98360.03,1,0,0,20973.8,0
15601857,999915601857,705,Germany,Female,46,4,115518.07,1,0,0,76544.9,1
15674156,999915674156,810,Germany,Male,69,3,27288.43,1,1,1,110509.9,0
15695465,999915695465,638,France,Female,36,6,0,1,1,0,164247.51,0
15792232,999915792232,595,Spain,Female,43,5,0,2,0,0,105149.8,0
15807900,999915807900,575,France,Male,36,7,0,1,1,1,55868.97,1
15743760,999915743760,850,France,Male,31,6,131996.66,2,1,1,178747.43,0
15652835,999915652835,419,Spain,Female,27,2,121580.42,1,0,1,134720.51,0
15767818,999915767818,640,France,Male,55,10,132436.34,1,1,0,978.66,0
15591150,999915591150,570,Spain,Male,34,10,0,2,0,1,183387.12,0
15734659,999915734659,640,Germany,Female,46,5,107978.4,2,1,0,155876.06,0
15796115,999915796115,689,Germany,Female,40,4,78119.59,4,1,0,119259.34,1
15724648,999915724648,725,France,Male,26,6,98684.15,1,0,0,133720.57,0
15737732,999915737732,751,France,Female,44,10,0,2,1,0,170634.49,0
15632280,999915632280,544,Spain,Female,53,9,0,1,1,0,125692.07,1
15750407,999915750407,768,Germany,Female,43,2,129264.05,2,0,0,19150.14,0
15795370,999915795370,648,Germany,Male,37,6,131753.41,1,1,0,86894.67,0
15656829,999915656829,577,Spain,Female,33,6,0,2,1,0,57975.8,0
15643794,999915643794,639,Spain,Female,27,2,0,1,1,1,82938.99,0
15798605,999915798605,686,Germany,Male,26,1,57422.62,1,1,1,79189.4,0
15637324,999915637324,657,France,Female,28,7,0,2,0,1,5177.62,0
15589589,999915589589,613,France,Male,34,5,144094.2,1,1,0,44510.26,0
15778936,999915778936,701,France,Male,33,9,147510.34,1,1,0,190611.92,0
15757385,999915757385,578,Spain,Female,28,8,161592.76,1,1,0,177834.79,0
15666200,999915666200,689,France,Female,40,1,0,2,1,1,119446.64,0
15683977,999915683977,687,Spain,Female,72,4,0,2,1,1,50267.69,0
15675518,999915675518,499,Spain,Female,53,1,75225.53,2,0,0,144849.1,1
15584812,999915584812,693,Spain,Female,39,0,0,2,0,0,81901.6,0
15752984,999915752984,737,France,Female,70,9,87542.89,2,1,1,42576.86,0
15577913,999915577913,651,France,Female,32,8,144581.96,1,1,1,87609.5,0
15591980,999915591980,753,France,Male,33,5,122568.05,2,1,1,82820.85,0
15598948,999915598948,523,Spain,Female,24,5,172231.93,1,0,1,155144.12,0
15574142,999915574142,458,Germany,Female,28,2,171932.26,2,1,1,9578.24,0
15582903,999915582903,643,France,Male,39,7,0,2,1,1,170392.59,0
15733229,999915733229,638,Spain,Female,34,7,0,2,0,0,3946.29,0
15635752,999915635752,685,Germany,Male,38,4,111798.06,2,1,1,102184.66,0
15771000,999915771000,684,France,Male,38,4,0,3,1,0,75609.84,0
15804864,999915804864,670,France,Female,27,5,79336.61,1,1,1,26170.08,0
15641175,999915641175,701,Germany,Male,63,3,120916.52,3,0,0,144727.45,1
15692226,999915692226,705,France,Female,31,3,142905.51,1,1,1,58134.97,0
15584156,999915584156,593,Spain,Male,27,10,0,3,0,0,94620,1
15702656,999915702656,651,France,Female,33,1,96834.78,1,1,0,108764.69,0
15606552,999915606552,741,France,Male,37,9,105261.76,2,1,1,149503.54,0
15687001,999915687001,596,Germany,Male,54,1,123544,1,1,1,120314.75,1
15781903,999915781903,581,Germany,Male,41,2,127913.71,2,1,1,44205.95,0
15731951,999915731951,689,Spain,Female,28,5,95328.6,1,1,0,6129.61,1
15580953,999915580953,544,France,Male,30,4,73218.89,1,0,1,126796.69,0
15810390,999915810390,718,France,Female,41,1,0,2,0,1,27509.52,1
15628274,999915628274,583,Germany,Male,35,8,149995.72,2,1,0,42143.55,0
15615444,999915615444,663,Germany,Male,28,8,123674.28,2,1,1,87985.2,0
15784010,999915784010,666,Germany,Male,33,2,124125.26,1,1,0,81884.8,0
15571586,999915571586,524,Spain,Male,29,3,159035.45,1,1,0,2705.31,1
15748616,999915748616,599,France,Male,27,5,0,2,1,0,30546.4,0
15769402,999915769402,667,France,Male,27,7,156811.74,1,1,1,149402.59,0
15739248,999915739248,727,France,Male,52,4,0,2,1,1,118429.02,0
15603481,999915603481,689,Spain,Female,55,4,0,2,1,1,58442.25,0
15723604,999915723604,639,France,Male,39,6,150555.83,1,1,0,30414.17,0
15797822,999915797822,678,France,Male,28,2,109137.12,1,1,1,58814.41,0
15665064,999915665064,523,France,Male,36,8,158351.02,2,1,0,155304.53,0
15640580,999915640580,650,France,Female,47,9,0,1,1,0,187943.6,0
15581089,999915581089,744,Spain,Male,35,7,0,2,1,1,43036.6,0
15728605,999915728605,697,France,Male,40,4,0,2,0,1,26543.28,0
15737385,999915737385,800,Spain,Female,46,6,0,2,1,0,171928.04,0
15714789,999915714789,664,France,Male,24,7,0,1,0,1,35611.35,0
15786035,999915786035,740,France,Male,39,9,0,2,1,0,19047.23,0
15815259,999915815259,835,France,Female,56,2,0,2,1,1,39820.13,0
15592716,999915592716,559,France,Male,52,2,0,1,1,0,129013.59,1
15734850,999915734850,676,Spain,Male,36,1,82729.49,1,1,0,113810.12,0
15638047,999915638047,613,Germany,Female,45,9,142765.24,2,1,0,34749.65,0
15674573,999915674573,713,France,Female,25,4,121172.97,1,1,1,56268.98,0
15694859,999915694859,751,Germany,Female,28,10,132932.14,2,1,1,46630.47,0
15776404,999915776404,523,France,Male,22,8,123374.46,1,1,1,124906.59,0
15579345,999915579345,775,Germany,Female,74,0,161371.5,1,1,1,134869.93,0
15690733,999915690733,608,Spain,Male,45,4,0,2,0,0,36697.48,1
15631481,999915631481,673,France,Male,51,8,79563.36,2,1,1,172200.91,0
15620988,999915620988,616,France,Male,46,2,0,2,1,0,137136.46,0
15571529,999915571529,650,Germany,Female,48,7,138232.24,1,1,0,57594.78,0
15592104,999915592104,655,France,Female,41,5,0,1,0,0,36548,1
15651900,999915651900,782,Germany,Female,53,1,81571.05,1,1,0,182960.46,1
15596212,999915596212,781,Spain,Male,35,1,0,2,0,0,42117.9,0
15710687,999915710687,593,France,Female,33,0,95927.04,1,1,0,199478.05,0
15613787,999915613787,505,Spain,Male,35,8,116932.59,1,1,0,91092.84,0
15599211,999915599211,707,France,Male,40,1,0,2,1,0,14090.4,1
15675983,999915675983,692,France,Female,36,3,79551.12,1,0,1,178267.07,0
15622370,999915622370,813,Germany,Male,30,1,116416.94,1,0,1,85808.22,0
15656319,999915656319,850,Spain,Male,37,4,88141.1,1,1,0,109659.12,0
15605130,999915605130,753,France,Male,32,6,177729.13,1,1,1,161642.08,0
15672574,999915672574,850,Spain,Female,32,5,0,1,1,1,3830.59,0
15659355,999915659355,671,Spain,Male,32,6,123912.78,2,1,1,146636.44,0
15777907,999915777907,791,France,Female,33,3,0,1,1,1,144413.92,1
15655171,999915655171,624,France,Male,80,3,0,1,1,1,65801.44,0
15619674,999915619674,649,France,Female,35,4,108306.44,1,1,1,192486.24,0
15775192,999915775192,732,Germany,Female,48,4,102962.62,1,1,0,120852.85,1
15617657,999915617657,664,France,Female,36,0,103502.22,1,1,1,146191.82,0
15688951,999915688951,789,Germany,Male,43,8,119654.44,2,0,1,148412.24,1
15763460,999915763460,680,France,Male,33,10,183768.47,1,1,0,164119.35,0
15756992,999915756992,701,France,Male,37,1,0,2,1,0,163457.55,0
15617454,999915617454,684,France,Female,25,1,0,2,0,1,144978.47,0
15701932,999915701932,586,France,Female,52,6,140900.97,1,1,1,67288.89,0
15700813,999915700813,522,Germany,Female,25,5,94049.92,2,1,0,103269,0
15645600,999915645600,739,Spain,Female,27,8,98926.4,1,1,1,106969.98,0
15634146,999915634146,835,Germany,Male,18,2,142872.36,1,1,1,117632.63,0
15686743,999915686743,790,Spain,Male,29,3,46057.96,2,1,1,189777.66,0
15698792,999915698792,671,France,Female,48,6,119769.77,1,0,1,66032.65,0
15591724,999915591724,560,France,Female,44,5,143244.97,1,1,0,98661.27,0
15571281,999915571281,651,France,Male,28,10,79562.98,1,1,1,74687.37,0
15661380,999915661380,682,France,Male,69,6,0,2,0,1,149604.18,0
15728885,999915728885,808,France,Male,41,0,0,1,1,1,79888.78,0
15618950,999915618950,644,Spain,Male,26,8,96659.64,2,1,1,138775.69,0
15609804,999915609804,688,France,Male,29,1,0,2,1,0,154695.57,0
15735849,999915735849,617,France,Female,26,2,165947.99,2,0,1,168834.38,0
15652948,999915652948,738,France,Male,33,4,92676.3,1,1,0,105817.63,0
15618155,999915618155,663,France,Male,45,5,83195.12,1,1,1,48682.1,0
15566378,999915566378,515,France,Male,48,5,129387.94,1,0,1,147955.91,1
15565879,999915565879,845,France,Female,28,9,0,2,1,1,56185.98,0
15792922,999915792922,639,Spain,Male,38,9,130233.14,1,1,1,81861.1,0
15770567,999915770567,557,France,Female,32,3,123502.53,1,1,1,69826.8,0
15738042,999915738042,543,Germany,Male,37,8,140894.06,2,1,1,118059.19,0
15714920,999915714920,585,Germany,Male,44,7,163867.86,1,1,1,112333.22,0
15782121,999915782121,610,France,Female,27,2,0,2,1,0,14546.76,0
15673180,999915673180,727,Germany,Female,18,2,93816.7,2,1,0,126172.11,0
15660636,999915660636,540,Spain,Female,40,8,0,2,1,0,3560,0
15664504,999915664504,418,France,Male,35,7,0,2,1,1,88878.15,0
15790322,999915790322,660,France,Female,32,0,114668.89,1,1,0,84605,0
15739847,999915739847,850,Germany,Male,38,5,146756.68,1,1,0,78268.61,0
15699415,999915699415,618,France,Female,46,6,150213.71,1,1,0,120668.46,1
15665521,999915665521,642,Germany,Male,18,5,111183.53,2,0,1,10063.75,0
15682868,999915682868,850,France,Female,40,9,99816.46,1,1,1,163989.66,1
15584462,999915584462,739,France,Male,34,9,0,1,1,0,60584.33,0
15661708,999915661708,508,France,Female,41,5,0,2,1,1,94170.84,0
15584452,999915584452,667,France,Male,41,6,0,2,0,0,167181.77,0
15717010,999915717010,741,France,Female,60,5,0,1,1,1,38914.51,0
15643828,999915643828,592,France,Male,29,7,0,2,1,1,91196.67,0
15733361,999915733361,651,Germany,Female,45,6,86714.06,1,1,0,85869.89,1
15795488,999915795488,773,Spain,Male,52,2,0,2,1,0,57337.79,0
15581551,999915581551,850,Spain,Male,41,8,132838.07,1,1,1,175347.28,0
15632051,999915632051,550,Germany,Female,42,10,128707.31,1,1,0,63092.65,1
15780409,999915780409,783,France,Male,40,6,0,2,1,0,109742.55,0
15572767,999915572767,777,France,Male,29,2,0,2,1,0,124489.88,0
15590337,999915590337,659,France,Male,29,6,123192.12,1,1,1,56971.41,1
15634551,999915634551,727,Germany,Male,46,3,115248.11,4,1,0,130752.01,1
15669290,999915669290,603,France,Male,38,8,59360.77,1,1,1,191457.06,0
15621140,999915621140,644,Spain,Male,37,9,0,2,1,1,96442.86,0
15613518,999915613518,647,France,Female,35,6,112668.7,1,0,1,122584.29,0
15728043,999915728043,648,Germany,Female,37,7,138503.51,2,1,0,57215.85,0
15570073,999915570073,721,Spain,Male,57,1,0,1,1,1,195940.96,0
15777033,999915777033,524,France,Male,29,7,0,2,1,1,105448.74,0
15682454,999915682454,626,France,Female,34,3,0,2,1,1,37870.29,0
15758513,999915758513,569,France,Male,43,7,0,2,1,0,52534.81,0
15772604,999915772604,578,Spain,Male,36,1,157267.95,2,1,0,141533.19,0
15721715,999915721715,769,France,Female,40,9,133871.05,1,1,1,50568.02,0
15688563,999915688563,694,Germany,Male,31,4,141989.27,2,1,0,26116.82,0
15772009,999915772009,664,France,Female,41,5,0,1,1,1,152054.33,0
15809585,999915809585,646,France,Male,38,7,0,2,1,0,1528.4,0
15593778,999915593778,779,France,Female,29,3,46388.16,3,1,0,127939.26,1
15655360,999915655360,782,Germany,Female,72,5,148666.99,1,1,0,2605.65,1
15780909,999915780909,769,Germany,Male,34,7,115101.5,1,0,0,57841.89,1
15757310,999915757310,655,Germany,Male,67,6,148363.38,1,1,1,186995.17,0
15801411,999915801411,623,Spain,Male,46,4,0,1,1,0,5549.11,1
15761706,999915761706,705,Spain,Female,39,8,144102.32,1,1,1,11682.36,0
15658409,999915658409,686,France,Male,41,5,128876.71,3,1,1,106939.34,1
15810010,999915810010,678,Germany,Male,36,6,118448.15,2,1,0,53172.02,0
15627027,999915627027,738,France,Male,39,5,0,2,1,1,114388.98,0
15624374,999915624374,703,France,Male,28,9,0,2,0,1,2151.17,0
15720083,999915720083,554,Spain,Male,42,1,0,2,0,1,183492.9,0
15752294,999915752294,582,France,Female,38,9,135979.01,4,1,1,76582.95,1
15743193,999915743193,644,France,Male,37,6,117271.8,2,1,0,104217.96,1
15696733,999915696733,724,France,Male,29,4,0,1,1,0,8982.75,0
15677522,999915677522,593,France,Male,33,1,0,2,0,0,9984.4,0
15643523,999915643523,710,Spain,Female,30,10,0,2,1,0,19500.1,0
15624936,999915624936,631,France,Male,35,8,129205.49,1,1,1,79146.36,0
15716085,999915716085,739,Spain,Female,41,8,0,1,1,0,191694.77,1
15641688,999915641688,644,Spain,Male,18,7,0,1,0,1,59645.24,1
15796834,999915796834,652,Germany,Male,35,7,104015.54,2,1,1,55207.88,0
15720123,999915720123,554,Spain,Male,37,3,0,2,1,0,166177.3,0
15604732,999915604732,483,France,Female,30,9,0,2,0,0,136356.97,0
15723484,999915723484,669,Germany,Female,42,1,103873.39,1,1,0,148611.52,0
15807120,999915807120,841,Germany,Female,52,3,112383.03,1,1,0,85516.37,1
15810891,999915810891,662,France,Male,34,2,117731.79,2,0,1,55120.79,0
15640407,999915640407,821,Germany,Male,45,0,135827.33,2,1,1,131778.58,0
15778838,999915778838,783,France,Male,38,9,114135.17,1,1,0,153269.98,0
15709256,999915709256,850,France,Female,28,9,0,2,1,1,164864.67,0
15742285,999915742285,559,France,Male,62,6,118756.62,1,1,1,20367.68,0
15729019,999915729019,602,Spain,Male,34,8,98382.72,1,1,0,39542,0
15608588,999915608588,563,Germany,Male,41,2,100520.92,1,1,1,19412.8,1
15610557,999915610557,695,Spain,Female,35,7,79858.13,2,1,1,127977.66,0
15786418,999915786418,546,France,Female,20,6,0,1,0,1,20508.85,0
15653050,999915653050,719,Germany,Female,76,10,95052.29,1,1,0,176244.87,0
15744914,999915744914,539,Germany,Male,42,1,177728.55,1,1,0,105013.63,0
15669611,999915669611,632,France,Male,71,3,83116.68,1,1,1,27597.76,0
15594786,999915594786,772,Germany,Male,34,7,111565.91,1,1,1,121073.23,0
15649211,999915649211,708,Spain,Male,40,8,83015.71,1,1,0,101089.76,0
15766066,999915766066,668,Germany,Female,28,1,124511.01,1,0,0,114258.18,0
15772216,999915772216,738,France,Female,67,1,130652.52,1,0,1,22762.23,0
15619898,999915619898,785,France,Male,55,5,0,2,1,1,7008.65,0
15724543,999915724543,597,France,Male,61,5,0,2,1,1,81299.17,0
15755084,999915755084,531,France,Male,37,7,121854.45,1,1,0,147521.35,0
15730441,999915730441,509,France,Male,26,10,0,2,1,1,6177.83,0
15666767,999915666767,508,France,Male,35,1,86893.28,1,0,0,59374.82,0
15690456,999915690456,749,Germany,Female,32,7,79523.13,1,0,1,157648.12,0
15570533,999915570533,621,Germany,Female,55,7,131033.76,1,0,1,75685.59,1
15797692,999915797692,659,France,Female,33,7,89939.62,1,1,0,136540.09,0
15603135,999915603135,634,Germany,Female,59,3,95727.05,1,0,0,97939.4,1
15698927,999915698927,675,France,Male,39,7,0,2,0,1,36267.21,0
15687363,999915687363,770,France,Male,31,3,155047.56,2,1,1,186064.34,0
15733444,999915733444,736,France,Female,29,9,0,2,0,0,176152.7,0
15678057,999915678057,524,France,Male,44,10,118569.03,2,0,0,82117.2,0
15806918,999915806918,674,France,Male,28,5,0,1,1,1,151925.25,0
15638247,999915638247,700,Spain,Male,44,9,0,2,1,0,142287.65,0
15674833,999915674833,741,France,Female,35,1,0,2,1,0,36557.55,0
15812534,999915812534,455,France,Male,40,1,0,3,0,1,129975.34,0
15586522,999915586522,608,Spain,Male,37,2,130461.02,1,1,0,21967.15,0
15794297,999915794297,776,France,Male,36,1,0,2,1,0,53477.76,0
15737025,999915737025,635,France,Male,33,1,0,3,0,0,178067.33,1
15615931,999915615931,746,France,Female,37,4,0,2,0,1,171039.56,0
15664860,999915664860,692,Spain,Female,47,3,0,2,1,0,150802.41,1
15664539,999915664539,683,Spain,Male,35,9,61172.04,1,0,0,82951.12,0
15583692,999915583692,591,Germany,Female,35,2,90194.34,2,1,0,57064.57,0
15693131,999915693131,581,France,Female,24,3,95508.2,1,1,1,45755,0
15779973,999915779973,684,Germany,Male,35,3,99967.76,1,1,1,176882.08,0
15620557,999915620557,561,Spain,Male,37,4,101470.29,1,0,1,88838.14,0
15639549,999915639549,718,Germany,Female,33,4,70541.06,1,0,0,88592.8,0
15618750,999915618750,590,France,Male,31,8,112211.61,1,1,0,26261.42,0
15796790,999915796790,573,France,Female,47,8,154543.98,1,1,0,29586.73,0
15668309,999915668309,350,France,Female,40,0,111098.85,1,1,1,172321.21,1
15732437,999915732437,504,Germany,Female,44,0,131873.07,2,1,1,158036.72,1
15665158,999915665158,813,Spain,Male,27,1,137275.36,1,0,1,115733.16,0
15689322,999915689322,641,Spain,Male,31,3,153316.14,1,1,0,59927.99,0
15596624,999915596624,662,France,Female,22,9,0,2,1,1,44377.65,0
15601977,999915601977,497,Spain,Male,44,2,121250.04,1,0,1,79691.4,0
15801462,999915801462,716,France,Male,31,8,109578.04,2,1,1,51503.51,0
15566139,999915566139,526,France,Female,37,5,53573.18,1,1,0,62830.97,0
15791006,999915791006,760,Germany,Female,34,6,58003.41,1,1,0,90346.1,0
15668057,999915668057,669,France,Female,31,6,113000.66,1,1,0,40467.82,0
15580805,999915580805,655,France,Male,27,10,0,2,1,0,51620.94,0
15658768,999915658768,547,France,Female,49,2,0,1,0,0,65466.93,1
15613048,999915613048,648,Germany,Female,40,5,139973.65,1,1,1,667.66,1
15803654,999915803654,790,France,Female,31,2,151290.16,1,1,1,172437.12,0
15662337,999915662337,744,Germany,Female,50,1,121498.11,2,0,1,106061.47,1
15650924,999915650924,761,Spain,Female,32,4,103515.39,2,1,1,177622.38,0
15647203,999915647203,750,France,Female,35,3,0,1,1,0,191520.5,0
15682778,999915682778,680,France,Male,34,9,0,2,1,1,95686.6,0
15579820,999915579820,704,Spain,Male,38,6,106687.76,1,1,0,173776.5,0
15709354,999915709354,521,France,Female,41,2,0,2,1,1,113089.43,0
15728480,999915728480,452,France,Female,35,8,0,2,1,1,149614.81,0
15641091,999915641091,695,France,Female,31,5,106089.2,1,0,0,99537.68,0
15603111,999915603111,850,Spain,Male,71,10,69608.14,1,1,0,97893.4,1
15679693,999915679693,625,France,Male,31,5,0,2,0,1,90.07,0
15797190,999915797190,608,Germany,Female,40,7,96202.32,1,0,0,161154.85,0
15788025,999915788025,715,France,Female,38,0,0,2,1,1,332.81,0
15646168,999915646168,834,Spain,Male,33,5,0,2,1,0,66285.18,0
15580493,999915580493,469,France,Male,33,1,127818.52,1,1,0,163477.22,0
15726720,999915726720,480,France,Female,40,7,0,1,1,0,170332.67,1
15735799,999915735799,527,Germany,Male,58,3,137318.42,1,1,1,126144.96,0
15773098,999915773098,834,Spain,Male,34,5,0,2,0,0,53437.1,0
15668971,999915668971,583,France,Female,40,4,55776.39,2,1,0,26920.43,0
15603221,999915603221,696,Germany,Male,32,4,84421.62,1,0,1,52314.71,0
15740043,999915740043,606,France,Male,32,5,83161.65,1,1,1,116885.59,0
15712264,999915712264,713,France,Female,39,10,0,2,1,1,126263.97,0
15751926,999915751926,821,Germany,Male,42,3,87807.29,2,1,1,64613.81,0
15589401,999915589401,550,France,Female,30,4,0,2,1,0,89216.29,0
15742019,999915742019,675,France,Female,39,6,0,2,0,0,83419.15,0
15660611,999915660611,748,Spain,Male,39,3,0,2,1,1,123998.52,0
15607634,999915607634,606,Germany,Male,40,9,95293.86,2,0,1,96985.58,0
15595036,999915595036,726,Germany,Male,30,7,92847.59,1,1,0,146154.06,0
15745794,999915745794,547,France,Male,30,6,0,2,1,1,18471.86,0
15781689,999915781689,758,Spain,Male,35,5,0,2,1,0,95009.6,0
15696054,999915696054,596,France,Male,37,2,0,1,0,1,121175.86,0
15752467,999915752467,720,Spain,Male,34,3,0,2,1,1,77047.78,0
15597739,999915597739,674,France,Male,37,3,0,1,1,0,158049.9,0
15651336,999915651336,756,France,Female,32,4,0,2,1,0,147040.25,0
15636061,999915636061,649,Germany,Male,78,4,68345.86,2,1,1,142566.75,0
15723013,999915723013,613,Germany,Male,28,7,76656.4,2,1,1,185483.24,0
15784148,999915784148,643,France,Male,62,9,0,2,0,0,155870.82,0
15578098,999915578098,600,France,Male,31,8,0,2,1,1,121555.51,0
15638621,999915638621,735,Spain,Male,39,1,60374.98,1,1,0,40223.74,0
15720924,999915720924,585,France,Female,34,1,0,1,1,1,75503.6,0
15566531,999915566531,724,Germany,Male,33,4,88046.88,1,0,1,186942.49,1
15718064,999915718064,635,Spain,Male,29,2,0,2,0,0,117173.8,0
15605067,999915605067,472,France,Male,19,9,0,2,1,0,3453.4,0
15655335,999915655335,590,France,Male,36,1,0,2,1,0,48876.84,0
15607301,999915607301,651,Spain,Female,63,8,129968.67,1,1,1,11830.53,0
15694628,999915694628,686,Germany,Female,39,4,157731.6,2,1,0,162820.6,0
15607112,999915607112,606,France,Male,32,6,0,2,0,1,36540.63,0
15635775,999915635775,781,France,Male,33,3,89276.48,1,1,0,6959,0
15644280,999915644280,593,France,Male,45,4,138825.19,1,0,0,10828.78,0
15708362,999915708362,793,France,Male,63,4,103729.79,2,1,1,80272.06,0
15771997,999915771997,791,France,Female,31,10,75499.24,1,1,0,22184.14,0
15730579,999915730579,850,France,Male,68,5,169445.4,1,1,1,186335.07,0
15728005,999915728005,698,France,Female,57,9,111359.55,2,1,0,105715.01,0
15791674,999915791674,846,France,Female,34,10,142388.61,2,0,1,68393.64,1
15754599,999915754599,765,France,Male,42,4,123311.39,2,1,1,82868.34,0
15693690,999915693690,574,Spain,Male,52,7,115532.52,1,1,0,196257.67,0
15728963,999915728963,617,Germany,Female,51,10,167273.71,1,0,0,93439.75,1
15659710,999915659710,581,France,Male,25,5,77886.53,2,1,0,150319.49,0
15658675,999915658675,710,Germany,Male,37,6,135795.63,1,0,1,46523.6,0
15638788,999915638788,550,France,Male,32,8,97514.07,1,1,1,199138.84,0
15609735,999915609735,533,Germany,Male,51,6,127545.56,2,0,0,79559.02,1
15771477,999915771477,779,France,Male,49,9,106160.37,1,0,0,116893.87,0
15570145,999915570145,763,France,Female,23,2,0,2,1,0,153983.99,0
15797149,999915797149,563,Spain,Female,36,4,143680.47,2,1,1,63531.19,0
15636912,999915636912,678,Spain,Male,38,3,124483.53,1,1,0,126253.31,0
15687828,999915687828,644,Spain,Female,31,5,86006.3,1,1,1,73922.95,0
15667424,999915667424,682,Germany,Female,43,7,111094.05,2,1,1,64679.3,0
15759872,999915759872,625,France,Male,22,9,0,2,1,0,157072.91,0
15572374,999915572374,733,Spain,Male,36,1,0,2,0,1,108377.82,0
15754926,999915754926,512,France,Female,30,6,0,2,1,0,88827.31,0
15687431,999915687431,642,France,Female,41,7,115171.71,1,1,1,37674.47,0
15604515,999915604515,737,Germany,Female,22,10,111543.26,2,0,0,106327.85,0
15682839,999915682839,575,France,Female,57,8,137936.94,1,1,1,84475.13,0
15624677,999915624677,543,Germany,Female,37,3,122304.65,2,0,0,33998.7,0
15646366,999915646366,521,Germany,Male,41,8,120586.54,1,0,1,20491.15,0
15701768,999915701768,637,France,Male,32,3,0,2,1,1,197827.06,0
15623566,999915623566,714,France,Male,40,9,46520.69,1,1,1,96687.25,0
15681274,999915681274,726,Spain,Female,56,2,105473.74,1,1,1,46044.7,0
15762573,999915762573,680,Spain,Female,34,7,0,2,1,0,98949.85,0
15706458,999915706458,812,Germany,Male,39,5,115730.71,3,1,1,185599.34,1
15654222,999915654222,757,Spain,Male,30,3,145396.49,1,0,1,198341.15,0
15704053,999915704053,710,Spain,Male,62,3,131078.42,2,1,0,119348.76,1
15724321,999915724321,516,Germany,Female,47,9,128298.74,1,0,0,149614.17,1
15621815,999915621815,803,France,Female,40,6,165526.71,1,1,0,12328.08,0
15724876,999915724876,560,France,Female,38,5,83714.41,1,1,1,33245.97,0
15696588,999915696588,679,France,Female,36,3,0,2,1,1,2243.41,0
15612832,999915612832,526,France,Male,32,7,125540.05,1,0,0,86786.41,0
15804295,999915804295,485,France,Male,41,2,100254.76,2,1,1,12706.67,0
15712536,999915712536,625,France,Female,36,3,0,2,1,0,41295.1,1
15662494,999915662494,773,Spain,Male,43,7,138150.57,1,1,1,177357.16,0
15807728,999915807728,530,France,Female,45,1,0,1,0,1,190663.89,1
15764916,999915764916,616,Germany,Female,43,7,95984.21,1,0,1,115262.54,1
15615330,999915615330,651,France,Male,23,10,0,2,1,1,170099.23,0
15638487,999915638487,586,Germany,Male,38,2,136858.42,1,0,1,189143.94,0
15627859,999915627859,607,Germany,Male,29,7,102609,1,1,0,163257.44,0
15622192,999915622192,724,Spain,Male,39,3,0,2,0,1,95562.81,0
15789413,999915789413,733,France,Male,64,3,0,2,1,1,75272.63,0
15583221,999915583221,667,Germany,Male,70,3,77356.92,2,1,1,20881.96,0
15768495,999915768495,700,France,Female,32,8,110923.15,2,1,1,161845.81,1
15644103,999915644103,659,Spain,Male,78,2,151675.65,1,0,1,49978.67,0
15741197,999915741197,710,Spain,Male,22,8,0,3,1,0,107292.91,0
15664547,999915664547,760,France,Male,37,7,0,1,0,0,32863.24,1
15797293,999915797293,677,France,Female,25,3,0,2,1,0,179608.96,0
15572021,999915572021,798,Germany,Female,29,8,80204.11,2,1,0,70223.22,0
15637461,999915637461,758,France,Male,35,7,0,2,1,0,77951.84,0
15620577,999915620577,715,France,Male,45,4,0,2,1,1,55043.93,0
15609643,999915609643,752,Germany,Male,32,9,115587.49,2,0,1,101677.46,0
15785358,999915785358,586,Germany,Male,46,8,106968.96,1,1,1,79366.98,1
15603883,999915603883,818,France,Male,36,4,0,2,1,1,8037.03,0
15782550,999915782550,490,Germany,Female,41,0,139659.04,1,1,1,176254.12,0
15775761,999915775761,610,Germany,Female,69,5,86038.21,3,0,0,192743.06,1
15680201,999915680201,627,Germany,Male,24,5,102773.2,2,1,0,56793.02,1
15767594,999915767594,533,France,Female,35,8,0,2,1,1,187900.12,0
15591985,999915591985,708,France,Female,51,8,70754.18,1,1,1,92920.04,1
15789339,999915789339,681,France,Male,59,4,122781.51,1,0,1,140166.95,0
15781530,999915781530,690,France,Male,21,8,0,2,1,1,155782.89,0
15705174,999915705174,656,Germany,Male,68,7,153545.11,1,1,1,186574.68,0
15572114,999915572114,673,Spain,Male,40,1,121629.22,1,1,1,3258.6,0
15804009,999915804009,806,Germany,Male,36,8,167983.17,2,1,1,106714.28,0
15662698,999915662698,648,Spain,Female,43,7,81153.82,1,1,1,144532.85,1
15696047,999915696047,501,France,Male,35,6,99760.84,1,1,1,13591.52,0
15701160,999915701160,556,Germany,Female,43,4,125890.72,1,1,1,74854.97,0
15790093,999915790093,627,France,Female,27,2,0,2,1,0,125451.01,0
15632143,999915632143,652,France,Male,31,2,119148.55,1,0,0,149740.22,0
15736778,999915736778,807,Germany,Female,60,1,72948.58,2,1,1,17355.36,0
15734917,999915734917,708,Germany,Male,21,8,133974.36,2,1,0,50294.09,0
15643903,999915643903,619,France,Male,27,1,154483.98,1,1,0,156394.74,0
15569526,999915569526,601,France,Male,40,10,98627.13,2,0,0,77977.69,0
15777067,999915777067,445,France,Male,64,2,136770.67,1,0,1,43678.06,0
15795511,999915795511,800,Germany,Male,39,4,95252.72,1,1,0,13906.34,0
15610419,999915610419,554,France,Male,33,3,117413.95,1,1,1,12766.74,0
15644994,999915644994,714,Germany,Male,54,4,137986.58,2,0,1,51308.54,1
15703707,999915703707,656,France,Male,44,10,143571.52,1,0,0,127444.14,0
15659327,999915659327,520,France,Male,49,5,121197.64,1,1,0,72577.33,1
15771323,999915771323,480,Spain,Male,39,5,121626.9,1,1,1,82438.13,0
15750549,999915750549,660,Germany,Male,30,1,84440.1,2,1,1,60485.98,0
15698462,999915698462,532,France,Male,36,4,0,2,1,1,132798.78,0
15739692,999915739692,679,France,Male,42,1,0,2,0,0,71823.15,0
15744041,999915744041,780,France,Female,26,3,140356.7,1,1,0,117144.15,0
15700714,999915700714,747,France,Male,29,7,0,2,1,1,141706.43,0
15777743,999915777743,705,France,Female,39,3,92224.56,1,1,1,54517.25,0
15623143,999915623143,732,France,Female,43,9,0,2,1,0,183147.17,0
15712568,999915712568,515,Spain,Male,40,10,121355.99,1,1,0,138360.29,0
15617432,999915617432,816,Germany,Female,40,9,109003.26,1,1,1,79580.56,0
15650424,999915650424,641,France,Female,48,3,147341.43,1,1,1,157458.61,1
15728829,999915728829,509,France,Male,18,7,102983.91,1,1,0,171770.58,0
15680430,999915680430,601,Germany,Female,49,4,96252.98,2,1,0,104263.82,0
15687626,999915687626,527,France,Male,39,4,0,2,1,0,167183.07,1
15609187,999915609187,455,France,Female,27,5,155879.09,2,0,0,70774.97,0
15609521,999915609521,803,Germany,Male,34,4,142929.16,2,1,1,114869.56,0
15752626,999915752626,553,France,Male,32,7,64082.09,1,0,1,109159.58,0
15571756,999915571756,724,France,Female,28,5,0,1,1,0,59351.68,0
15814040,999915814040,610,France,Female,45,1,0,2,1,1,199657.46,0
15658211,999915658211,559,Spain,Female,39,2,0,2,1,1,121151.1,0
15742091,999915742091,825,Germany,Female,35,6,118336.95,1,1,0,26342.33,1
15787168,999915787168,819,Spain,Female,28,8,168253.21,1,1,1,102799.14,0
15772363,999915772363,772,Germany,Female,42,0,101979.16,1,1,0,90928.48,0
15659364,999915659364,685,Spain,Male,23,5,164902.43,1,0,0,141152.28,0
15738980,999915738980,506,France,Male,43,2,0,2,1,0,105568.6,0
15794236,999915794236,642,Germany,Male,22,10,111812.52,2,1,1,183045.46,0
15721383,999915721383,627,Spain,Male,40,10,0,2,1,1,194792.42,0
15652981,999915652981,600,Germany,Male,30,2,119755,1,1,1,21852.91,0
15722731,999915722731,653,France,Male,46,0,119556.1,1,1,0,78250.13,1
15640507,999915640507,762,Spain,Female,35,3,119349.69,3,1,1,47114.18,1
15578878,999915578878,569,Spain,Female,30,3,139528.23,1,1,1,33230.37,0
15744295,999915744295,756,France,Male,40,1,94773.11,1,1,0,114279.63,0
15776558,999915776558,673,France,Male,31,1,108345.22,1,0,1,38802.03,0
15596136,999915596136,637,France,Female,36,9,166939.88,1,1,1,72504.76,0
15704597,999915704597,644,France,Male,33,7,174571.36,1,0,1,43943.09,0
15648272,999915648272,658,Spain,Male,35,9,71829.34,1,1,1,68141.92,0
15594915,999915594915,649,France,Female,36,8,0,2,0,1,109179.89,0
15581115,999915581115,603,France,Female,39,9,76769.68,1,0,0,48224.72,0
15763907,999915763907,820,France,Female,39,1,104614.29,1,1,0,61538.43,1
15705994,999915705994,712,Spain,Male,27,10,0,1,1,0,94544.88,0
15772421,999915772421,645,Germany,Female,31,1,128927.93,1,1,1,2850.01,0
15711572,999915711572,705,Germany,Female,31,9,110941.93,2,1,0,163484.8,0
15691170,999915691170,590,Spain,Female,29,10,99250.08,1,1,1,129629.41,0
15600106,999915600106,631,France,Male,36,1,0,2,0,0,133141.34,0
15745431,999915745431,604,France,Male,34,7,0,2,1,1,188078.55,0
15649508,999915649508,643,Spain,Male,48,8,0,2,1,0,174729.3,0
15812611,999915812611,690,Spain,Female,30,5,0,2,0,1,78700.03,0
15619699,999915619699,558,France,Male,31,7,0,1,1,0,198269.08,0
15813946,999915813946,637,Germany,Male,51,1,104682.83,1,1,0,55266.96,1
15762762,999915762762,648,Germany,Female,45,5,118886.55,1,0,0,51636.7,0
15629793,999915629793,652,Spain,Male,28,8,156823.7,2,1,0,198251.52,0
15781298,999915781298,808,Germany,Male,39,3,124216.93,1,0,1,171442.36,0
15622658,999915622658,551,France,Female,26,2,144258.52,1,1,0,49778.79,0
15658980,999915658980,711,Germany,Male,26,9,128793.63,1,1,0,19262.05,0
15701936,999915701936,467,Germany,Male,28,10,126315.26,1,1,0,32349.29,1
15686917,999915686917,789,Spain,Female,40,4,0,2,1,0,137402.27,0
15807312,999915807312,602,Spain,Male,33,5,0,2,0,1,64038.34,0
15574523,999915574523,576,France,Male,39,1,0,2,1,1,68814.23,0
15724200,999915724200,584,France,Male,38,1,115341.55,1,0,1,173632.92,0
15738224,999915738224,593,France,Male,32,6,99162.29,1,1,0,128384.11,0
15593283,999915593283,705,Germany,Female,48,1,156848.13,2,1,1,99475.95,1
15814690,999915814690,595,Germany,Female,64,2,105736.32,1,1,1,89935.73,1
15807245,999915807245,699,Germany,Female,41,1,200117.76,2,1,0,94142.35,0
15799358,999915799358,516,France,Female,46,6,62212.29,1,0,1,171681.86,1
15616172,999915616172,838,France,Male,31,2,0,2,1,0,8222.96,0
15777958,999915777958,587,France,Male,39,10,0,2,1,1,170409.45,0
15809124,999915809124,750,France,Male,38,5,151532.4,1,1,1,46555.15,0
15616367,999915616367,581,Germany,Male,39,1,121523.51,1,0,0,161655.55,1
15687385,999915687385,484,France,Male,41,5,0,1,1,1,74267.35,0
15607877,999915607877,576,Spain,Male,26,8,0,2,0,1,34101.06,0
15736327,999915736327,567,Germany,Female,46,1,68238.51,2,1,1,109572.58,0
15746704,999915746704,638,Spain,Male,30,9,136808.53,2,1,1,106642.97,0
15778304,999915778304,646,Germany,Male,24,0,92398.08,1,1,1,18897.29,0
15588456,999915588456,658,France,Female,40,5,143566.12,1,1,1,189607.71,0
15664035,999915664035,590,Spain,Female,38,9,0,2,1,1,148750.16,0
15596405,999915596405,546,Spain,Male,25,7,127728.24,2,1,1,105279.74,0
15815097,999915815097,603,France,Female,34,9,0,2,1,0,167916.35,0
15762708,999915762708,619,Spain,Female,38,10,119658.49,1,1,1,8646.58,0
15776211,999915776211,678,France,Female,34,6,0,2,1,1,124592.84,0
15626012,999915626012,459,France,Male,26,4,149879.66,1,0,0,50016.17,0
15792077,999915792077,671,Germany,Male,28,8,119859.52,2,1,0,125422.66,0
15718765,999915718765,501,Spain,Male,43,6,104533.24,1,0,0,81123.59,1
15576615,999915576615,719,Spain,Male,37,10,145382.61,1,1,0,80408.59,0
15752650,999915752650,681,Spain,Female,37,6,121231.39,1,1,1,146366.08,0
15797502,999915797502,706,Spain,Male,24,2,141078.57,1,1,1,24402.87,0
15687329,999915687329,763,Germany,Female,32,1,108465.65,2,1,0,60552.44,1
15779423,999915779423,716,France,Male,39,1,70657.61,2,1,1,76476.05,0
15619514,999915619514,507,Germany,Male,40,3,120105.43,1,1,0,92075.01,1
15615430,999915615430,678,Germany,Male,55,4,129646.91,1,1,1,184125.1,1
15716431,999915716431,775,France,Female,30,10,191091.74,2,1,1,96170.38,0
15798341,999915798341,544,France,Male,38,8,0,1,1,1,98208.62,0
15651958,999915651958,756,France,Male,27,8,0,2,1,1,157932.75,0
15726179,999915726179,757,Germany,Female,43,5,131433.33,2,1,1,3497.43,1
15652999,999915652999,742,Germany,Male,33,1,137937.95,1,1,1,51387.1,0
15691950,999915691950,591,France,Male,49,3,0,2,1,0,50123.44,0
15632446,999915632446,667,France,Male,24,4,0,2,0,0,180329.83,0
15620936,999915620936,787,France,Male,32,4,0,2,1,1,13238.93,0
15587640,999915587640,718,France,Female,43,0,93143.39,1,1,0,167554.86,0
15782231,999915782231,521,France,Male,38,6,0,2,1,0,51454.06,0
15580462,999915580462,607,Spain,Male,40,1,112544.45,1,1,1,19842.22,0
15736371,999915736371,633,France,Female,34,3,123034.43,2,1,1,38315.04,0
15648032,999915648032,588,Spain,Male,37,2,0,2,0,1,187816.59,0
15610454,999915610454,724,Germany,Female,33,9,119278.44,1,1,1,197148.24,0
15671358,999915671358,720,France,Male,44,4,0,2,1,0,163471.01,0
15747130,999915747130,521,France,Male,39,7,0,2,0,1,653.58,0
15578374,999915578374,620,Spain,Male,36,7,169312.72,1,1,0,45414.09,0
15572182,999915572182,505,Germany,Female,33,3,106506.77,3,1,0,45445.78,1
15770041,999915770041,728,Spain,Female,43,8,128412.61,1,0,1,139024.31,0
15669414,999915669414,486,Germany,Male,62,9,118356.89,2,1,0,168034.83,1
15777054,999915777054,584,Germany,Male,42,3,137479.13,1,1,0,25669.1,0
15621021,999915621021,687,Spain,Female,40,1,0,2,1,0,8207.36,0
15785490,999915785490,771,France,Male,50,3,105229.72,1,1,1,16281.68,1
15577695,999915577695,678,France,Male,41,2,148088.11,1,1,0,14083.12,0
15686974,999915686974,751,France,Female,48,4,0,1,0,1,30165.06,1
15574584,999915574584,670,France,Male,33,8,126679.69,1,1,1,39451.09,0
15719541,999915719541,675,Spain,Male,31,2,90826.27,2,1,0,60270.87,0
15646310,999915646310,684,Spain,Male,24,8,143582.89,1,1,1,22527.27,0
15697606,999915697606,637,France,Female,21,10,125712.2,1,0,0,175072.47,0
15711489,999915711489,760,Spain,Female,32,2,0,1,1,1,114565.35,0
15670427,999915670427,662,Spain,Male,37,4,155187.3,1,1,0,48930.8,0
15731755,999915731755,680,France,Male,49,10,0,2,1,0,187008.45,0
15796370,999915796370,604,Spain,Male,40,5,155455.43,1,0,1,113581.85,0
15598331,999915598331,764,France,Female,40,9,100480.53,1,1,0,124095.69,0
15704795,999915704795,521,France,Female,77,6,0,2,1,1,49054.1,0
15796764,999915796764,684,Germany,Female,56,3,127585.98,3,1,1,80593.49,1
15589420,999915589420,795,France,Female,40,2,101891.1,1,1,1,183044.86,0
15810563,999915810563,678,Spain,Female,61,8,0,2,1,1,159938.82,0
15746569,999915746569,589,France,Male,38,4,0,1,1,0,95483.48,1
15811594,999915811594,660,Spain,Female,28,3,128929.88,1,1,1,198069.71,0
15645896,999915645896,646,Germany,Male,39,6,121681.91,2,0,1,61793.47,0
15802909,999915802909,706,Germany,Female,56,3,139603.22,1,1,1,86383.61,0
15797665,999915797665,730,France,Female,27,7,0,2,1,0,144099.48,0
15778959,999915778959,606,France,Female,36,10,0,2,0,1,155641.46,0
15722532,999915722532,690,Spain,Female,36,10,91760.11,1,1,1,135784.94,0
15784124,999915784124,645,Germany,Male,41,2,93925.3,1,1,0,123982.14,1
15776518,999915776518,579,France,Female,38,4,175739.36,1,1,1,193130.55,0
15611247,999915611247,481,France,Female,28,10,0,2,1,0,145215.96,0
15721469,999915721469,492,Germany,Male,45,9,170295.04,2,0,0,164741.81,0
15773338,999915773338,739,France,Male,58,2,101579.28,1,1,1,72168.53,0
15784042,999915784042,624,France,Male,55,7,118793.6,1,1,1,95022.02,1
15776229,999915776229,682,France,Male,44,3,115282.3,1,0,0,23766.4,0
15655903,999915655903,701,Spain,Female,34,6,107980.37,1,1,1,119374.74,0
15590177,999915590177,718,France,Female,44,1,133866.22,1,0,1,139049.24,0
15568876,999915568876,496,France,Female,34,1,102723.35,2,1,0,180844.81,0
15813140,999915813140,543,Spain,Male,41,5,0,2,0,1,143980.29,0
15770516,999915770516,616,Spain,Female,44,7,193213.02,2,1,1,137392.77,0
15755731,999915755731,635,Germany,Male,53,8,117005.55,1,0,1,123646.57,1
15574480,999915574480,652,Spain,Male,31,1,132862.59,1,0,0,158054.49,0
15798084,999915798084,688,France,Male,26,0,0,2,1,0,105784.85,0
15673020,999915673020,678,France,Female,49,3,204510.94,1,0,1,738.88,1
15643575,999915643575,757,Germany,Male,36,1,65349.71,1,0,0,64539.64,0
15596811,999915596811,667,France,Male,36,8,139753.35,1,1,0,79871.16,0
15786789,999915786789,725,France,Female,29,6,0,2,1,1,190776.83,0
15578865,999915578865,632,Germany,Female,50,5,107959.39,1,1,1,6985.34,1
15605672,999915605672,694,France,Female,38,5,195926.39,1,1,1,85522.84,0
15603674,999915603674,803,France,Male,36,1,0,2,1,1,149370.93,0
15759915,999915759915,814,France,Female,31,6,87772.52,1,1,0,188516.45,0
15686219,999915686219,611,France,Male,38,4,71018.6,2,1,0,2444.29,0
15696388,999915696388,755,Germany,Male,38,4,111096.91,1,1,1,19762.88,0
15713604,999915713604,425,Germany,Male,40,9,166776.6,2,0,1,172646.88,0
15647800,999915647800,850,France,Female,34,6,101266.51,1,1,0,33501.98,0
15813451,999915813451,677,Spain,Male,18,8,134796.87,2,1,1,114858.9,0
15765375,999915765375,797,France,Female,46,8,0,1,0,0,162668.33,0
15774586,999915774586,692,Germany,Female,43,10,118588.83,1,1,1,161241.65,1
15603454,999915603454,735,Germany,Male,28,5,160454.15,2,0,1,114957.22,0
15653037,999915653037,609,France,Male,77,1,0,1,0,1,18708.76,0
15782475,999915782475,700,France,Female,42,8,0,2,1,1,105305.72,0
15593496,999915593496,526,Spain,Female,36,5,91132.18,1,0,0,58111.71,0
15808971,999915808971,693,Spain,Female,57,9,0,2,1,1,135502.77,0
15791972,999915791972,748,France,Female,20,7,0,2,0,0,10792.42,0
15676869,999915676869,657,Spain,Male,36,8,0,2,0,1,123866.43,0
15683007,999915683007,739,Germany,Female,25,5,113113.12,1,1,0,129181.27,0
15659495,999915659495,784,Spain,Male,23,2,0,1,1,1,6847.73,0
15703923,999915703923,744,Germany,Male,41,7,190409.34,2,1,1,138361.48,0
15674000,999915674000,645,France,Male,44,10,0,2,0,1,166707.22,0
15618171,999915618171,669,France,Female,33,9,0,2,0,1,107221.03,0
15732202,999915732202,615,France,Male,34,1,83503.11,2,1,1,73124.53,1
15735078,999915735078,724,Germany,Female,53,1,139687.66,2,1,1,12913.92,0
15798615,999915798615,850,France,Female,47,9,137301.87,1,1,0,44351.77,0
15638494,999915638494,625,Germany,Female,39,10,129845.26,1,1,1,96444.88,0
15763874,999915763874,635,Spain,Male,46,8,0,2,1,1,60739.16,0
15696355,999915696355,724,Germany,Male,37,6,125489.4,1,1,0,118570.53,0
15655952,999915655952,550,France,Male,47,2,0,2,1,1,97057.28,0
15739850,999915739850,645,France,Male,45,6,155417.61,1,0,1,3449.22,0
15611338,999915611338,714,Spain,Male,29,4,0,2,1,1,37605.9,0
15707861,999915707861,520,France,Female,46,10,85216.61,1,1,0,117369.52,1
15672237,999915672237,633,France,Male,25,1,0,1,1,0,100598.98,0
15657771,999915657771,537,France,Male,37,6,0,1,1,1,17802.42,0
15677783,999915677783,764,Spain,Male,38,4,113607.47,1,1,0,91094.46,0
15681026,999915681026,795,Germany,Female,33,9,104552.72,1,1,1,120853.83,1
15566543,999915566543,573,Spain,Male,44,9,0,2,1,0,107124.17,0
15594612,999915594612,702,Spain,Male,44,9,0,1,0,0,59207.41,1
15814664,999915814664,740,Germany,Male,33,2,126524.11,1,1,0,136869.31,0
15642785,999915642785,479,France,Male,34,5,117593.48,2,0,0,113308.29,0
15690164,999915690164,627,Germany,Female,33,4,83199.05,1,0,0,159334.93,0
15590213,999915590213,479,Spain,Male,35,4,125920.98,1,1,1,20393.44,0
15603794,999915603794,623,France,Male,48,5,118469.38,1,1,1,158590.25,0
15733491,999915733491,512,Germany,Female,40,8,153537.57,2,0,0,23101.13,0
15806360,999915806360,609,France,Male,41,6,0,1,0,1,112585.19,0
15587133,999915587133,518,France,Male,42,7,151027.05,2,1,0,119377.36,0
15721377,999915721377,833,France,Female,34,3,144751.81,1,0,0,166472.81,0
15747927,999915747927,758,France,Male,26,4,155739.76,1,1,0,171552.02,0
15806455,999915806455,611,France,Male,27,7,0,2,1,1,157474.1,0
15695474,999915695474,583,France,Male,33,7,122531.86,1,1,0,13549.24,0
15666295,999915666295,610,Germany,Male,50,1,113957.01,2,1,0,196526.55,1
15656062,999915656062,637,France,Female,33,7,103377.81,1,1,0,84419.78,0
15579969,999915579969,683,France,Female,32,9,0,2,1,1,24991.92,0
15703563,999915703563,774,France,Male,40,9,93017.47,2,1,0,191608.97,0
15692664,999915692664,677,France,Female,58,1,90022.85,1,0,1,2988.28,0
15719276,999915719276,741,Spain,Male,35,6,74371.49,1,0,0,99595.67,0
15672754,999915672754,498,Germany,Male,42,3,152039.7,1,1,1,53445.17,1
15768163,999915768163,655,Germany,Female,46,7,137145.12,1,1,0,115146.4,1
15656710,999915656710,613,France,Male,40,4,0,1,0,0,151325.24,0
15696175,999915696175,602,Germany,Male,35,7,90602.42,2,1,1,51695.41,0
15586914,999915586914,659,France,Male,36,6,123841.49,2,1,0,96833,0
15581736,999915581736,673,Germany,Male,47,1,183579.54,2,0,1,34047.54,0
15588839,999915588839,606,Spain,Male,30,8,180307.73,2,1,1,1914.41,0
15589329,999915589329,775,France,Male,30,4,0,2,1,0,49337.84,0
15605622,999915605622,841,Spain,Male,28,4,0,2,1,1,179436.6,0
15798964,999915798964,714,Germany,Male,33,3,35016.6,1,1,0,53667.08,0
15769959,999915769959,597,France,Female,53,4,88381.21,1,1,0,69384.71,1
15657105,999915657105,726,Spain,Male,36,2,0,1,1,0,195192.4,0
15569266,999915569266,644,France,Male,28,7,155060.41,1,1,0,29179.52,0
15719294,999915719294,800,France,Female,29,2,0,2,0,0,167773.55,0
15606229,999915606229,771,France,Male,39,5,0,2,1,0,96270.64,0
15569892,999915569892,516,France,Male,35,10,57369.61,1,1,1,101699.77,0
15584532,999915584532,709,France,Female,36,7,0,1,0,1,42085.58,1
15682355,999915682355,772,Germany,Male,42,3,75075.31,2,1,0,92888.52,1
15628319,999915628319,792,France,Female,28,4,130142.79,1,1,0,38190.78,0
