campaign_row,customer_id
1,15797960
2,15751208
3,15647311
4,15614049
5,15774854
6,15634602
7,15782688
8,15810418
9,15771873
10,15767954
11,15699309
12,15625759
13,15656148
14,15725737
15,15767821
16,15600882
17,15597945
18,15755196
19,15577657
20,15630910
21,15609618
22,15737888
23,15728693
24,15760861
25,15812518
26,15651280
27,15788448
28,15641582
29,15580146
30,15779659
31,15754849
32,15714485
33,15592461
34,15619360
35,15729599
36,15662085
37,15638424
38,15683553
39,15625047
40,15642291
41,15612966
42,15760085
43,15643966
44,15736816
45,15671137
46,15699461
47,15628145
48,15713483
49,15767339
50,15594408
51,15750181
52,15701354
53,15747358
54,15585768
55,15759618
56,15808582
57,15673481
58,15670755
59,15610156
60,15679145
61,15738148
62,15702298
63,15803136
64,15690452
65,15776780
66,15574012
67,15662736
68,15625524
69,15738721
70,15792365
71,15677921
72,15656300
73,15698028
74,15575492
75,15619304
76,15706552
77,15589475
78,15661670
79,15785542
80,15612350
81,15732963
82,15705512
83,15702014
84,15737173
85,15592531
86,15592389
87,15772423
88,15803526
89,15632264
90,15754105
91,15588537
92,15723488
93,15585388
94,15624592
95,15709368
96,15689044
97,15675522
98,15726931
99,15717426
100,15744689
101,15620344
102,15640905
103,15725311
104,15755209
105,15696061
106,15700696
107,15700772
108,15768193
109,15594815
110,15755262
111,15774510
112,15706021
113,15663706
114,15789484
115,15641122
116,15708710
117,15770811
118,15803976
119,15602280
120,15701164
121,15586310
122,15599195
123,15777892
124,15794413
125,15575185
126,15811127
127,15799217
128,15645248
129,15661507
130,15794171
131,15602312
132,15616550
133,15762615
134,15636673
135,15726676
136,15757535
137,15633059
138,15773039
139,15623595
140,15650237
141,15699029
142,15600781
143,15766205
144,15795149
145,15746726
146,15798424
147,15788218
148,15685500
149,15742229
150,15604482
151,15787174
152,15787155
153,15691483
154,15743192
155,15640635
156,15599792
157,15673693
158,15773469
159,15738191
160,15665834
161,15566594
162,15682472
163,15800116
164,15804771
165,15683562
166,15643024
167,15752081
168,15630053
169,15585362
170,15653547
171,15613172
172,15774393
173,15731511
174,15693683
175,15677871
176,15750803
177,15698932
178,15641732
179,15727868
180,15809248
181,15813844
182,15695699
183,15812009
184,15756850
185,15659428
186,15738751
187,15660211
188,15740404
189,15654506
190,15584518
191,15736601
192,15776605
193,15717046
194,15622897
195,15727556
196,15716334
197,15585215
198,15705707
199,15722010
200,15655774
201,15771573
202,15812878
203,15573152
204,15591100
205,15702741
206,15601848
207,15680772
208,15669064
209,15725166
210,15569590
211,15676966
212,15635905
213,15658929
214,15703264
215,15686776
216,15786170
217,15627000
218,15659366
219,15759298
220,15694717
221,15744398
222,15779052
223,15624528
224,15681081
225,15594720
226,15790678
227,15621075
228,15702919
229,15587562
230,15607178
231,15736879
232,15653620
233,15603203
234,15679200
235,15678910
236,15790355
237,15759537
238,15771086
239,15799966
240,15787470
241,15737452
242,15758685
243,15613854
244,15764866
245,15809663
246,15785819
247,15661249
248,15658169
249,15721658
250,15765297
251,15605461
252,15719377
253,15684181
254,15667871
255,15809616
256,15784597
257,15581539
258,15682757
259,15674398
260,15742668
261,15636444
262,15711540
263,15810432
264,15803716
265,15625426
266,15578045
267,15600974
268,15594898
269,15703793
270,15785611
271,15775912
272,15675501
273,15650068
274,15628112
275,15715951
276,15787071
277,15627360
278,15665790
279,15656176
280,15781589
281,15765694
282,15666633
283,15802593
284,15622834
285,15813163
286,15797219
287,15807709
288,15592386
289,15580203
290,15725679
291,15626144
292,15624623
293,15763274
294,15653849
295,15568982
296,15595440
297,15777076
298,15813850
299,15811589
300,15682541
301,15631868
302,15745307
303,15581197
304,15682048
305,15680920
306,15807432
307,15591509
308,15657284
309,15694408
310,15684548
311,15601274
312,15690673
313,15663921
314,15712543
315,15705953
316,15589493
317,15607098
318,15810845
319,15633950
320,15718369
321,15794056
322,15694506
323,15691625
324,15801559
325,15780804
326,15708917
327,15699523
328,15574692
329,15745844
330,15794122
331,15622911
332,15743040
333,15812351
334,15642004
335,15763859
336,15651022
337,15803406
338,15747542
339,15715941
340,15589488
341,15810834
342,15669169
343,15591047
344,15611759
345,15674551
346,15782210
347,15707362
348,15612087
349,15591607
350,15576313
351,15747795
352,15732674
353,15737051
354,15613786
355,15600258
356,15723654
357,15591969
358,15728669
359,15622993
360,15655961
361,15740476
362,15699005
363,15745354
364,15619529
365,15573112
366,15655007
367,15692761
368,15615624
369,15662291
370,15775318
371,15771977
372,15727829
373,15804017
374,15733797
375,15568748
376,15701376
377,15736008
378,15735203
379,15681705
380,15625461
381,15715527
382,15606613
383,15589030
384,15688074
385,15686302
386,15627801
387,15613630
388,15635367
389,15785869
390,15812007
391,15762729
392,15752047
393,15696674
394,15804256
395,15591995
396,15760431
397,15789955
398,15573318
399,15749851
400,15670039
401,15626578
402,15806467
403,15595039
404,15697183
405,15634844
406,15607312
407,15697441
408,15676895
409,15716186
410,15603925
411,15659420
412,15786308
413,15611088
414,15605447
415,15624729
416,15739438
417,15782735
418,15645569
419,15583456
420,15802381
421,15629117
422,15763063
423,15677371
424,15568240
425,15784209
426,15597602
427,15783501
428,15651674
429,15692926
430,15693737
431,15660271
432,15710825
433,15745088
434,15730447
435,15787189
436,15658693
437,15583303
438,15803365
439,15684173
440,15634245
441,15633283
442,15749167
443,15694860
444,15724944
445,15637753
446,15683503
447,15702669
448,15803689
449,15798888
450,15651001
451,15609998
452,15813741
453,15677020
454,15731744
455,15587421
456,15718057
457,15672115
458,15586585
459,15730460
460,15805565
461,15721181
462,15685226
463,15732660
464,15692463
465,15679531
466,15732778
467,15722993
468,15721024
469,15750141
470,15689294
471,15717398
472,15694272
473,15576623
474,15574068
475,15797736
476,15588350
477,15777352
478,15720187
479,15644572
480,15772896
481,15710456
482,15637954
483,15671256
484,15612187
485,15668893
486,15568506
487,15605284
488,15713853
489,15686909
490,15733247
491,15633648
492,15811490
493,15633922
494,15701602
495,15699389
496,15786063
497,15743532
498,15668444
499,15785798
500,15573456
501,15773792
502,15697311
503,15624188
504,15812191
505,15663252
506,15734674
507,15795564
508,15753719
509,15594917
510,15688251
511,15705639
512,15662403
513,15706647
514,15592300
515,15745295
516,15807609
517,15633233
518,15660535
519,15636624
520,15802741
521,15811762
522,15745417
523,15652266
524,15619343
525,15684196
526,15641655
527,15809722
528,15723685
529,15592846
530,15576269
531,15680970
532,15730059
533,15648064
534,15665678
535,15794396
536,15622003
537,15592937
538,15763218
539,15815364
540,15599131
541,15807923
542,15767432
543,15662976
544,15790757
545,15659843
546,15619708
547,15628936
548,15613085
549,15727688
550,15742358
551,15775625
552,15773972
553,15759317
554,15748936
555,15646558
556,15811773
557,15772781
558,15584766
559,15684951
560,15634632
561,15733616
562,15753337
563,15775238
564,15593782
565,15738181
566,15797227
567,15716164
568,15705521
569,15725811
570,15806964
571,15751710
572,15585595
573,15603436
574,15686983
575,15775306
576,15698474
577,15803764
578,15734634
579,15641675
580,15614215
581,15724127
582,15683625
583,15753754
584,15649744
585,15576256
586,15607170
587,15658969
588,15592387
589,15666252
590,15811327
591,15716491
592,15736112
593,15686611
594,15750658
595,15593365
596,15682585
597,15583725
598,15667215
599,15604119
600,15784844
601,15746490
602,15574004
603,15571778
604,15677307
605,15567832
606,15677538
607,15625080
608,15644833
609,15598493
610,15664610
611,15790314
612,15653595
613,15633537
614,15613880
615,15706534
616,15625944
617,15724296
618,15706365
619,15732628
620,15615457
621,15692671
622,15712551
623,15728505
624,15789158
625,15643630
626,15688963
627,15768455
628,15654060
629,15614782
630,15726234
631,15713578
632,15680998
633,15635435
634,15642394
635,15790659
636,15611579
637,15727281
638,15619935
639,15653780
640,15758449
641,15799384
642,15773456
643,15776231
644,15707567
645,15605286
646,15807595
647,15576368
648,15813412
649,15730830
650,15688071
651,15705515
652,15724282
653,15643696
654,15644753
655,15571221
656,15592222
657,15624170
658,15610446
659,15798398
660,15806132
661,15744607
662,15708196
663,15576352
664,15672012
665,15798348
666,15733387
667,15634772
668,15764351
669,15586970
670,15794580
671,15746737
672,15693864
673,15747960
674,15659931
675,15690134
676,15592229
677,15585865
678,15630698
679,15681206
680,15739858
681,15591986
682,15637476
683,15687946
684,15730076
685,15629677
686,15665956
687,15583212
688,15636684
689,15649423
690,15633064
691,15715142
692,15648075
693,15776223
694,15603134
695,15786905
696,15663478
697,15726032
698,15761986
699,15788659
700,15719302
701,15600734
702,15603065
703,15762218
704,15592583
705,15580148
706,15629244
707,15701537
708,15775153
709,15699637
710,15677610
711,15722902
712,15640825
713,15725511
714,15720649
715,15579334
716,15603156
717,15755649
718,15650288
719,15761043
720,15711309
721,15762238
722,15801277
723,15723873
724,15654673
725,15800434
726,15660101
727,15677305
728,15640442
729,15665238
730,15695632
731,15661036
732,15722548
733,15669516
734,15659098
735,15737741
736,15748625
737,15718673
738,15582741
739,15714227
740,15794916
741,15745621
742,15700476
743,15769974
744,15653253
745,15592979
746,15616451
747,15587535
748,15750447
749,15566111
750,15620204
751,15566292
752,15780628
753,15603323
754,15652955
755,15808621
756,15715003
757,15741295
758,15654238
759,15723907
760,15746902
761,15681554
762,15653857
763,15652883
764,15640059
765,15654229
766,15578186
767,15806983
768,15691723
769,15799422
770,15812071
771,15745196
772,15803457
773,15626742
774,15758639
775,15598883
776,15744517
777,15645316
778,15612108
779,15596914
780,15782390
781,15619955
782,15683124
783,15672056
784,15668958
785,15796505
786,15707473
787,15645772
788,15781307
789,15612525
790,15623927
791,15697307
792,15646810
793,15600739
794,15590241
795,15782454
796,15581479
797,15639314
798,15586993
799,15590146
800,15766908
801,15681068
802,15683403
803,15596761
804,15628298
805,15686436
806,15724223
807,15766741
808,15698839
809,15746708
810,15692317
811,15599552
812,15737792
813,15668747
814,15684171
815,15690007
816,15708916
817,15638806
818,15747807
819,15814846
820,15736534
821,15752137
822,15754177
823,15654700
824,15797748
825,15594594
826,15613319
827,15589793
828,15747878
829,15578980
830,15595766
831,15696859
832,15658935
833,15805260
834,15601589
835,15686137
836,15651533
837,15623828
838,15633930
839,15754112
840,15661629
841,15808189
842,15809100
843,15754713
844,15662100
845,15660602
846,15704442
847,15756026
848,15572265
849,15709441
850,15591357
851,15680303
852,15745012
853,15585888
854,15656333
855,15745083
856,15779176
857,15581229
858,15571002
859,15596493
860,15684042
861,15765518
862,15793693
863,15724848
864,15587451
865,15672145
866,15676521
867,15667896
868,15793890
869,15710928
870,15814275
871,15575581
872,15637979
873,15566156
874,15637876
875,15785899
876,15584091
877,15631310
878,15762277
879,15726631
880,15570134
881,15780140
882,15804586
883,15752731
884,15685320
885,15782736
886,15786800
887,15807663
888,15645621
889,15639882
890,15697000
891,15711889
892,15739189
893,15692750
894,15697497
895,15786014
896,15566091
897,15782899
898,15812272
899,15784676
900,15777553
901,15642041
902,15769005
903,15605279
904,15613656
905,15609286
906,15670481
907,15661528
908,15718443
909,15571928
910,15695585
911,15699430
912,15747174
913,15599433
914,15662397
915,15600462
916,15782236
917,15794549
918,15788126
919,15613772
920,15735246
921,15651823
922,15666548
923,15686164
924,15646161
925,15632324
926,15670374
927,15804602
928,15756475
929,15799811
930,15631681
931,15794048
932,15593601
933,15659557
934,15739803
935,15659105
936,15658486
937,15753831
938,15664521
939,15721487
940,15669987
941,15792360
942,15569247
943,15744368
944,15594864
945,15677369
946,15658052
947,15794560
948,15709324
949,15685372
950,15651093
951,15750156
952,15755223
953,15673570
954,15743007
955,15607133
956,15600583
957,15682618
958,15733119
959,15661526
960,15756804
961,15658032
962,15679587
963,15594404
964,15633650
965,15642937
966,15752342
967,15788291
968,15567446
969,15689176
970,15578799
971,15717164
972,15749482
973,15656912
974,15813132
975,15710404
976,15671322
977,15687752
978,15580956
979,15744983
980,15672516
981,15682639
982,15643658
983,15767864
984,15770424
985,15674991
986,15624293
987,15759805
988,15604044
989,15762937
990,15584363
991,15593773
992,15660155
993,15605918
994,15600337
995,15750243
996,15748856
997,15692583
998,15585198
999,15714939
1000,15705860
1001,15780144
1002,15750258
1003,15763431
1004,15675964
1005,15570601
1006,15628303
1007,15686870
1008,15798521
1009,15572360
1010,15600997
1011,15719856
1012,15627876
1013,15651052
1014,15719352
1015,15690079
1016,15733114
1017,15570060
1018,15723299
1019,15623521
1020,15578603
1021,15650889
1022,15777826
1023,15596939
1024,15706186
1025,15805062
1026,15647099
1027,15599268
1028,15743871
1029,15601659
1030,15616280
1031,15715667
1032,15749177
1033,15569050
1034,15649121
1035,15696098
1036,15616330
1037,15640078
1038,15754084
1039,15596800
1040,15770435
1041,15716155
1042,15569807
1043,15607537
1044,15710743
1045,15698786
1046,15589358
1047,15763625
1048,15677052
1049,15754605
1050,15792388
1051,15706593
1052,15656121
1053,15789095
1054,15814032
1055,15693904
1056,15740900
1057,15701555
1058,15734886
1059,15580845
1060,15781802
1061,15628674
1062,15778463
1063,15607598
1064,15646764
1065,15685997
1066,15787655
1067,15617078
1068,15602010
1069,15769169
1070,15593973
1071,15797733
1072,15620507
1073,15773809
1074,15781553
1075,15635141
1076,15732199
1077,15592089
1078,15805112
1079,15589221
1080,15582797
1081,15585961
1082,15578977
1083,15791991
1084,15610383
1085,15615032
1086,15625881
1087,15804072
1088,15625698
1089,15648489
1090,15590820
1091,15665695
1092,15769504
1093,15590476
1094,15779182
1095,15803681
1096,15813917
1097,15568025
1098,15583548
1099,15619087
1100,15714689
1101,15738174
1102,15765537
1103,15624347
1104,15674148
1105,15772892
1106,15738907
1107,15636589
1108,15603830
1109,15670080
1110,15578761
1111,15682528
1112,15671097
1113,15749004
1114,15714567
1115,15716134
1116,15647301
1117,15801658
1118,15814035
1119,15791700
1120,15668081
1121,15598846
1122,15806688
1123,15640280
1124,15812241
1125,15605965
1126,15727915
1127,15626900
1128,15703119
1129,15763612
1130,15752026
1131,15720559
1132,15710424
1133,15598782
1134,15694821
1135,15639788
1136,15620981
1137,15791767
1138,15636089
1139,15585036
1140,15580684
1141,15634950
1142,15721935
1143,15676715
1144,15765311
1145,15607040
1146,15761374
1147,15702789
1148,15609824
1149,15630328
1150,15654379
1151,15760550
1152,15808689
1153,15716822
1154,15640454
1155,15601688
1156,15709387
1157,15625916
1158,15695846
1159,15745843
1160,15746970
1161,15742632
1162,15575024
1163,15805254
1164,15683195
1165,15676242
1166,15613141
1167,15762418
1168,15762332
1169,15798906
1170,15625824
1171,15680727
1172,15696231
1173,15697789
1174,15633419
1175,15704583
1176,15653762
1177,15654654
1178,15668886
1179,15686963
1180,15776807
1181,15757811
1182,15627232
1183,15807008
1184,15761976
1185,15743067
1186,15626485
1187,15575883
1188,15672692
1189,15716609
1190,15733964
1191,15674922
1192,15805955
1193,15588670
1194,15779947
1195,15658485
1196,15589805
1197,15683930
1198,15801548
1199,15600991
1200,15623944
1201,15768104
1202,15774155
1203,15783615
1204,15740494
1205,15651983
1206,15726556
1207,15791191
1208,15576162
1209,15604348
1210,15720893
1211,15792328
1212,15739131
1213,15695129
1214,15612064
1215,15720910
1216,15729956
1217,15807294
1218,15613844
1219,15712825
1220,15605037
1221,15705620
1222,15627484
1223,15694366
1224,15755638
1225,15676519
1226,15806926
1227,15791279
1228,15640865
1229,15737748
1230,15600821
1231,15810347
1232,15683841
1233,15678626
1234,15692132
1235,15790299
1236,15799515
1237,15578006
1238,15808473
1239,15709117
1240,15745080
1241,15668032
1242,15758116
1243,15662294
1244,
1245,15758606
1246,15704769
1247,15567367
1248,15750765
1249,15774738
1250,15582714
1251,15808228
1252,15599289
1253,15628034
1254,15660422
1255,15755648
1256,15754068
1257,15769522
1258,15703399
1259,15702968
1260,15804919
1261,15727490
1262,15629448
1263,15640268
1264,15734565
1265,15800440
1266,15711219
1267,15641009
1268,15658306
1269,15797964
1270,15688691
1271,15587233
1272,15724623
1273,15611325
1274,15587611
1275,15578006
1276,15687162
1277,15790782
1278,15612494
1279,15605968
1280,15765014
1281,15745527
1282,15732270
1283,15694456
1284,15640953
1285,15578866
1286,15745827
1287,15674880
1288,15632210
1289,15693814
1290,15585067
1291,15770030
1292,15646372
1293,15714466
1294,15729975
1295,15806438
1296,15664772
1297,15745324
1298,15586959
1299,15698442
1300,15638003
1301,15686936
1302,15781465
1303,15783398
1304,15705657
1305,15718893
1306,15685150
1307,15669410
1308,15752300
1309,15613749
1310,15790497
1311,15709295
1312,15810218
1313,15776433
1314,15646566
1315,15742854
1316,15813113
1317,15748797
1318,15599956
1319,15722246
1320,15571752
1321,15621644
1322,15769948
1323,15575409
1324,15642833
1325,15655274
1326,15785519
1327,15593295
1328,15780961
1329,15687959
1330,15730038
1331,15686345
1332,15646276
1333,15733974
1334,15570417
1335,15775905
1336,15712403
1337,15713843
1338,15571816
1339,15778410
1340,15646615
1341,15704284
1342,15657566
1343,15579062
1344,15789669
1345,15596021
1346,15742378
1347,15667651
1348,15775663
1349,15741429
1350,15785865
1351,15617603
1352,15787318
1353,15750778
1354,15709737
1355,15762110
1356,15665077
1357,15566251
1358,15772933
1359,15664523
1360,15624391
1361,15727251
1362,15753566
1363,15699911
1364,15762134
1365,15680855
1366,15690664
1367,15607381
1368,15780835
1369,15732266
1370,15785980
1371,15761132
1372,15724307
1373,15771942
1374,15621644
1375,15696637
1376,15762198
1377,15626114
1378,15797276
1379,15789546
1380,15604304
1381,15646037
1382,15599660
1383,15640846
1384,15690647
1385,15595592
1386,15647091
1387,15629617
1388,15765520
1389,15589975
1390,15794874
1391,15772995
1392,15707078
1393,15571973
1394,15697095
1395,15662955
1396,15689614
1397,15621687
1398,15640260
1399,15786199
1400,15654495
1401,15793949
1402,15597951
1403,15624388
1404,15624068
1405,15671139
1406,15631070
1407,15714993
1408,15651554
1409,15614818
1410,15800228
1411,15637650
1412,15650098
1413,15795228
1414,15688713
1415,15645544
1416,15652693
1417,15646859
1418,15754796
1419,15801488
1420,15589449
1421,15636731
1422,15627305
1423,15708212
1424,15650933
1425,15791302
1426,15754342
1427,15596175
1428,15597131
1429,15780954
1430,15690678
1431,15800703
1432,15774931
1433,15756471
1434,15812338
1435,15737795
1436,15781884
1437,15695475
1438,15813034
1439,15657085
1440,15805449
1441,15707114
1442,15566211
1443,15692002
1444,15685309
1445,15729832
1446,15591123
1447,15723886
1448,15806880
1449,15589660
1450,15583595
1451,15589754
1452,15689081
1453,15613471
1454,15633897
1455,15625021
1456,15719348
1457,15660316
1458,15644765
1459,15782219
1460,15725141
1461,15628205
1462,15595282
1463,15706899
1464,15604804
1465,15708608
1466,15656726
1467,15729362
1468,15630321
1469,15649992
1470,15743411
1471,15751531
1472,15620505
1473,15794479
1474,15794142
1475,15750264
1476,15585241
1477,15671209
1478,15777211
1479,15576683
1480,15810978
1481,15591932
1482,15585367
1483,15658459
1484,15648794
1485,15766575
1486,15723053
1487,15681174
1488,15633531
1489,15685357
1490,15734311
1491,15808017
1492,15652400
1493,15782468
1494,15593969
1495,15702430
1496,15667134
1497,15646817
1498,15697625
1499,15633640
1500,15589257
1501,15728773
1502,15779390
1503,15666055
1504,15584930
1505,15569451
1506,15654851
1507,15585255
1508,15752463
1509,15634141
1510,15645511
1511,15655339
1512,15692744
1513,15806447
1514,15592736
1515,15689341
1516,15746749
1517,15715031
1518,15814930
1519,15616529
1520,15657812
1521,15778287
1522,15762745
1523,15737071
1524,15768006
1525,15697879
1526,15750929
1527,15747591
1528,15674840
1529,15682834
1530,15690182
1531,15636935
1532,15663438
1533,15604217
1534,15799479
1535,15696900
1536,15725024
1537,15568360
1538,15769499
1539,15792064
1540,15591711
1541,15743976
1542,15692416
1543,15688880
1544,15752508
1545,15732448
1546,15585047
1547,15672756
1548,15700212
1549,15759436
1550,15658057
1551,15623644
1552,15677135
1553,15605926
1554,15700255
1555,15575935
1556,15669899
1557,15813168
1558,15708063
1559,15680167
1560,15576676
1561,15755178
1562,15710164
1563,15570326
1564,15748718
1565,15660429
1566,15724858
1567,15696703
1568,15603246
1569,15643824
1570,15618936
1571,15583499
1572,15569410
1573,15811842
1574,15800517
1575,15600110
1576,15768201
1577,15600651
1578,15590993
1579,15774882
1580,15633108
1581,15582180
1582,15685329
1583,
1584,15806967
1585,15805429
1586,15784280
1587,15625641
1588,15623502
1589,15684999
1590,15700174
1591,15775546
1592,15722322
1593,15609510
1594,15613282
1595,15766887
1596,15730540
1597,15753969
1598,15784092
1599,15569423
1600,15633461
1601,15802501
1602,15775880
1603,15592994
1604,15774696
1605,15721426
1606,15664001
1607,15704483
1608,15792649
1609,15704770
1610,15679611
1611,15804394
1612,15630725
1613,15681843
1614,15815560
1615,15724620
1616,15584271
1617,15586996
1618,15729279
1619,15635459
1620,15721292
1621,15747867
1622,15588248
1623,15769829
1624,15606149
1625,15567993
1626,15756668
1627,15762605
1628,15636572
1629,15802478
1630,15761141
1631,15750497
1632,15647385
1633,15808044
1634,15782569
1635,15654901
1636,15694296
1637,15813444
1638,15588986
1639,15565779
1640,15575410
1641,15777904
1642,15770525
1643,15687658
1644,15650575
1645,15675316
1646,15684801
1647,15672374
1648,15741336
1649,15703143
1650,15604295
1651,15744279
1652,15763055
1653,15783865
1654,15766289
1655,15750776
1656,15717225
1657,15697283
1658,15706185
1659,15650391
1660,15645103
1661,15720702
1662,15601008
1663,15582591
1664,15587419
1665,15630419
1666,15626608
1667,15793247
1668,15602084
1669,15571059
1670,15724563
1671,15691111
1672,15721730
1673,15575417
1674,15607713
1675,15619653
1676,15812750
1677,15800856
1678,15583576
1679,15595303
1680,15608653
1681,15615797
1682,15720662
1683,15605263
1684,15668058
1685,15668445
1686,15618018
1687,15779711
1688,15595221
1689,15701301
1690,15587581
1691,15574213
1692,15602994
1693,15768095
1694,15619889
1695,15672598
1696,15637414
1697,15802256
1698,15647975
1699,15623560
1700,15778190
1701,15623277
1702,15663830
1703,15806027
1704,15582616
1705,15640627
1706,15591130
1707,15639077
1708,15773487
1709,15716835
1710,15593331
1711,15807909
1712,15740164
1713,15781210
1714,15808182
1715,15617197
1716,15794014
1717,15588080
1718,15766609
1719,15741554
1720,15600992
1721,15793881
1722,15671590
1723,15579706
1724,15797160
1725,15735878
1726,15750248
1727,15714397
1728,15723720
1729,15772573
1730,15678385
1731,15813144
1732,15578006
1733,15772777
1734,15756539
1735,15597909
1736,15782574
1737,15709183
1738,15759381
1739,15596088
1740,15611430
1741,15796969
1742,15742480
1743,15716023
1744,15590876
1745,15729668
1746,15645572
1747,15674811
1748,15579166
1749,15738828
1750,15704954
1751,15744105
1752,15754999
1753,15622017
1754,15712319
1755,15677049
1756,15586880
1757,15787772
1758,15664907
1759,15778934
1760,15573086
1761,15810457
1762,15617934
1763,15767129
1764,15780514
1765,15772243
1766,15679283
1767,15773605
1768,15701265
1769,15678727
1770,15755868
1771,15779059
1772,15613713
1773,15659651
1774,15725835
1775,15764170
1776,15634896
1777,15605275
1778,15726267
1779,15565701
1780,15693259
1781,15731815
1782,15628886
1783,15625904
1784,15621353
1785,15739054
1786,15603594
1787,15700854
1788,15778135
1789,15597239
1790,15678374
1791,15573242
1792,15726494
1793,15612771
1794,15751336
1795,15733234
1796,15669293
1797,15615029
1798,15655238
1799,15635597
1800,15662758
1801,15586243
1802,15718247
1803,15739357
1804,15684269
1805,15774857
1806,15719958
1807,15679024
1808,15732175
1809,15767794
1810,15727021
1811,15718779
1812,15629338
1813,15679299
1814,15749050
1815,15679550
1816,15594349
1817,15612627
1818,15663489
1819,15756680
1820,15659962
1821,15666043
1822,15757646
1823,15615096
1824,15691104
1825,15632256
1826,15642002
1827,15809143
1828,15756901
1829,15644200
1830,15581840
1831,15594862
1832,15776467
1833,15711834
1834,15798895
1835,15645956
1836,15574910
1837,15718071
1838,15786993
1839,15599403
1840,15752816
1841,15746326
1842,15652540
1843,15715769
1844,15605950
1845,15806049
1846,15646513
1847,15710206
1848,15805312
1849,15629078
1850,15796334
1851,15651713
1852,15626710
1853,15615012
1854,15588614
1855,15578908
1856,15583090
1857,15714750
1858,15815420
1859,15790683
1860,15570835
1861,15701200
1862,15657529
1863,15711716
1864,15608886
1865,15735572
1866,15763544
1867,15723250
1868,15623471
1869,15775295
1870,15804610
1871,15722364
1872,15631054
1873,15814268
1874,15649280
1875,15779481
1876,15634375
1877,15812197
1878,15617705
1879,15618581
1880,15660833
1881,15596414
1882,15723411
1883,15576517
1884,15708048
1885,15692991
1886,15595067
1887,15762803
1888,15638149
1889,15584037
1890,15596552
1891,15757648
1892,15718106
1893,15663161
1894,15586974
1895,15602497
1896,15617518
1897,15749905
1898,15621432
1899,15802351
1900,15745605
1901,15631189
1902,15694188
1903,15645269
1904,15765461
1905,15701765
1906,15752488
1907,15657107
1908,15741728
1909,15709994
1910,15651802
1911,15737605
1912,15734008
1913,15689612
1914,15777576
1915,15573280
1916,15593470
1917,15747222
1918,15570205
1919,15685844
1920,15772528
1921,15629846
1922,15589195
1923,15746594
1924,15673055
1925,15631813
1926,15689514
1927,15639322
1928,15704250
1929,15622454
1930,15659486
1931,15698510
1932,15574167
1933,15801466
1934,15732740
1935,15568963
1936,15603851
1937,15809772
1938,15648577
1939,15585041
1940,15700223
1941,15780846
1942,15597896
1943,15590268
1944,15609637
1945,15746410
1946,15571550
1947,15778157
1948,15719606
1949,15815660
1950,15618182
1951,15690925
1952,15618314
1953,15726354
1954,15678886
1955,15758836
1956,15633612
1957,15594685
1958,15764174
1959,15617648
1960,15736656
1961,15796343
1962,15724863
1963,15569678
1964,15641043
1965,15713479
1966,15671789
1967,15746190
1968,15811236
1969,15798975
1970,15799211
1971,15724466
1972,15645543
1973,15569222
1974,15721303
1975,15734491
1976,15709338
1977,15577806
1978,15649418
1979,15638355
1980,15796313
1981,15701333
1982,15769818
1983,15730738
1984,15761763
1985,15773869
1986,15724834
1987,15593795
1988,15598175
1989,15591179
1990,15569187
1991,15701946
1992,15731507
1993,15673238
1994,15689980
1995,15569209
1996,15592116
1997,15813590
1998,15725478
1999,15685245
2000,15635660
2001,15654106
2002,15591386
2003,15677512
2004,15714634
2005,15790379
2006,15585901
2007,15742238
2008,15652626
2009,15644896
2010,15687477
2011,15570004
2012,15693018
2013,15665221
2014,15732917
2015,15788539
2016,15610147
2017,15631201
2018,15608387
2019,15683677
2020,15638988
2021,15681956
2022,15779064
2023,15586821
2024,15682533
2025,15753362
2026,15785078
2027,15751057
2028,15647474
2029,15783955
2030,15727944
2031,15812497
2032,15704763
2033,15714080
2034,15646539
2035,15775572
2036,15768293
2037,15751788
2038,15599251
2039,15673342
2040,15771636
2041,15773906
2042,15607691
2043,15801062
2044,15706815
2045,15648455
2046,15680918
2047,15618255
2048,15771702
2049,15802486
2050,15684267
2051,15576644
2052,15764237
2053,15655574
2054,15684484
2055,15725039
2056,15670345
2057,15748381
2058,15729970
2059,15591257
2060,15739502
2061,15728352
2062,15574886
2063,15670172
2064,15732476
2065,15720338
2066,15808784
2067,15724443
2068,15607263
2069,15681758
2070,15777922
2071,15716518
2072,15742638
2073,15641136
2074,15604782
2075,15650351
2076,15752953
2077,15730339
2078,15612071
2079,15713379
2080,15753549
2081,15630551
2082,15719809
2083,15698321
2084,15791836
2085,15756056
2086,15678058
2087,15571305
2088,15614929
2089,15770174
2090,15699598
2091,15566494
2092,15651063
2093,15661219
2094,15693893
2095,15789548
2096,15663808
2097,15645463
2098,15612776
2099,15792722
2100,15758813
2101,15631848
2102,15766686
2103,15619029
2104,15787026
2105,15651140
2106,15812945
2107,15634267
2108,15607314
2109,15804075
2110,15688637
2111,15796179
2112,15672594
2113,15576945
2114,15604314
2115,15668575
2116,15657342
2117,15667458
2118,15776824
2119,15800229
2120,15672704
2121,15606641
2122,15771139
2123,15612030
2124,15718944
2125,15782659
2126,15598751
2127,15738219
2128,15686255
2129,15748116
2130,15586870
2131,15583364
2132,15613097
2133,15624428
2134,15662884
2135,15634891
2136,15792008
2137,15782941
2138,15573893
2139,15743818
2140,15584364
2141,15792228
2142,15641183
2143,15682268
2144,15769051
2145,15756820
2146,15704629
2147,15598088
2148,15622750
2149,15748947
2150,15791131
2151,15691703
2152,15701109
2153,15624781
2154,15763665
2155,15573769
2156,15666141
2157,15782591
2158,15756751
2159,15799825
2160,15734762
2161,15603216
2162,15723320
2163,15603942
2164,15809777
2165,15732020
2166,15647842
2167,15631333
2168,15642345
2169,15703588
2170,15578515
2171,15723008
2172,15582960
2173,15741385
2174,15685346
2175,15661821
2176,15763171
2177,15653937
2178,15577274
2179,15595537
2180,15732430
2181,15663263
2182,15634262
2183,15647008
2184,15618926
2185,15636756
2186,15596397
2187,15677217
2188,15616709
2189,15756875
2190,15613189
2191,15735263
2192,15663441
2193,15619972
2194,15673539
2195,15682356
2196,15642544
2197,15622585
2198,15569503
2199,15612193
2200,15801767
2201,15634281
2202,15607993
2203,15647402
2204,15589204
2205,15717560
2206,15804131
2207,15781989
2208,15800062
2209,15732102
2210,15663885
2211,15712176
2212,15664204
2213,15703059
2214,15649738
2215,15722765
2216,15683521
2217,15582259
2218,15794870
2219,15699284
2220,15725997
2221,15695492
2222,15726490
2223,15733429
2224,15721460
2225,15715707
2226,15622494
2227,15566633
2228,15726186
2229,15726557
2230,15611029
2231,15607837
2232,15664754
2233,15720838
2234,15663234
2235,15735388
2236,15784736
2237,15714877
2238,15676571
2239,15639576
2240,15595388
2241,15660524
2242,15566958
2243,15755018
2244,15706587
2245,15799031
2246,15604073
2247,15730394
2248,15733768
2249,15657386
2250,15778368
2251,15667554
2252,15713854
2253,15793854
2254,15747265
2255,15731327
2256,15691446
2257,15572461
2258,15601184
2259,15737265
2260,15746451
2261,15578825
2262,15648005
2263,15717898
2264,15768244
2265,15781586
2266,15729201
2267,15574842
2268,15723339
2269,15651585
2270,15778155
2271,15591766
2272,15611905
2273,15654211
2274,15744843
2275,15732832
2276,15764419
2277,15653696
2278,15599301
2279,15704746
2280,15575691
2281,15805303
2282,15679249
2283,15739068
2284,15608968
2285,15680752
2286,15677906
2287,15694641
2288,15688409
2289,15589348
2290,15649124
2291,15798310
2292,15634719
2293,15576085
2294,15774224
2295,15631927
2296,15567333
2297,15722611
2298,15773890
2299,15769346
2300,15654390
2301,15814209
2302,15725794
2303,15803121
2304,15703482
2305,15670753
2306,15728474
2307,15589076
2308,15622117
2309,15643752
2310,15707144
2311,15649616
2312,15675320
2313,15746076
2314,15628170
2315,15626156
2316,15675422
2317,15582325
2318,15623314
2319,15718852
2320,15616811
2321,15778025
2322,15756472
2323,15736274
2324,15689237
2325,15715745
2326,15744614
2327,15811613
2328,15629511
2329,15782802
2330,15729954
2331,15644005
2332,15786200
2333,15641480
2334,15642885
2335,15664881
2336,15707674
2337,15613712
2338,15684103
2339,15658668
2340,15764105
2341,15621644
2342,15589572
2343,15619857
2344,15574879
2345,15791988
2346,15575119
2347,15654577
2348,15670702
2349,15667521
2350,15671609
2351,15633260
2352,15577478
2353,15747677
2354,15633574
2355,15610355
2356,15693347
2357,15793726
2358,15613326
2359,15777923
2360,15726088
2361,15721719
2362,15782530
2363,15775741
2364,15673372
2365,15687310
2366,15797010
2367,15757568
2368,15761294
2369,15738605
2370,15675380
2371,15678168
2372,15631912
2373,15778219
2374,15682435
2375,15669957
2376,15596870
2377,15590606
2378,15619626
2379,15774491
2380,15727299
2381,15597930
2382,15735222
2383,15810864
2384,15600700
2385,15757001
2386,15644724
2387,15603846
2388,15636238
2389,15684865
2390,15773017
2391,15596181
2392,15749130
2393,15749528
2394,15705777
2395,15626787
2396,15625522
2397,15576602
2398,15628999
2399,15720354
2400,15600934
2401,15622527
2402,15809826
2403,15589018
2404,15743016
2405,15769586
2406,15688007
2407,15601026
2408,15793842
2409,15698335
2410,15593715
2411,15706537
2412,15671124
2413,15750649
2414,15715465
2415,15665110
2416,15650034
2417,15671591
2418,15581748
2419,15812706
2420,15800845
2421,15690440
2422,15778149
2423,15589380
2424,15750808
2425,15727919
2426,15756333
2427,15773447
2428,15801218
2429,15699634
2430,15648800
2431,15688619
2432,15770101
2433,15596979
2434,15646227
2435,15713826
2436,15677173
2437,15758035
2438,15767474
2439,15699772
2440,15811588
2441,15651943
2442,15794278
2443,15721189
2444,15783659
2445,15621083
2446,15682773
2447,15642824
2448,15621210
2449,15677382
2450,15667938
2451,15641835
2452,15762268
2453,15680736
2454,15628007
2455,15770498
2456,15769254
2457,15756125
2458,15795166
2459,15790282
2460,15589320
2461,15784958
2462,15576094
2463,15809006
2464,15694556
2465,15787619
2466,15618774
2467,15774358
2468,15758482
2469,15780746
2470,15813916
2471,15645778
2472,15617982
2473,15704586
2474,15632575
2475,15579212
2476,15749401
2477,15649150
2478,15626983
2479,15644296
2480,15693468
2481,15596671
2482,15656096
2483,15706163
2484,15623791
2485,15745543
2486,15731543
2487,15583668
2488,15630402
2489,15651369
2490,15610337
2491,15799626
2492,15711455
2493,15693203
2494,15643438
2495,15715622
2496,15635728
2497,15778481
2498,15574947
2499,15770309
2500,15710161
2501,15686780
2502,15723706
2503,15725355
2504,15597901
2505,15736069
2506,15681562
2507,15657214
2508,15624633
2509,15796721
2510,15585451
2511,15621653
2512,15644119
2513,15761670
2514,15640161
2515,15730639
2516,15748597
2517,15760244
2518,15576044
2519,15769917
2520,15624820
2521,15801265
2522,15734999
2523,15722965
2524,15812616
2525,15615820
2526,15572467
2527,15637240
2528,15616922
2529,15738634
2530,15811314
2531,15758845
2532,15608114
2533,15684696
2534,15647266
2535,15658532
2536,15619280
2537,15785975
2538,15788535
2539,15601892
2540,15633043
2541,15707120
2542,15729040
2543,15743490
2544,15810864
2545,15582762
2546,15669922
2547,15795954
2548,15747208
2549,15626147
2550,15599860
2551,15744942
2552,15645517
2553,15724402
2554,15610056
2555,15671655
2556,15787255
2557,15602797
2558,15731522
2559,15779497
2560,15662434
2561,15780677
2562,15679642
2563,15673908
2564,15614878
2565,15773503
2566,15708228
2567,15734942
2568,15614220
2569,15711398
2570,15615575
2571,15727467
2572,15727546
2573,15635078
2574,15671032
2575,15566843
2576,15588450
2577,15786153
2578,15673619
2579,15695792
2580,15778154
2581,15724334
2582,15567399
2583,15657468
2584,15771087
2585,15581620
2586,15702541
2587,15724145
2588,15785406
2589,15812198
2590,15574783
2591,15735428
2592,15568595
2593,15630913
2594,15705885
2595,15727384
2596,15610686
2597,15813022
2598,15799925
2599,
2600,15608226
2601,15766417
2602,15666916
2603,15573599
2604,15733883
2605,15805637
2606,15674526
2607,15813439
2608,15629575
2609,15737310
2610,15574331
2611,15590730
2612,15788946
2613,15697424
2614,15733581
2615,15635939
2616,15777772
2617,15647782
2618,15759684
2619,15749019
2620,15641604
2621,15669411
2622,15663164
2623,15622171
2624,15709846
2625,15638463
2626,15623647
2627,15753861
2628,15703541
2629,15612050
2630,15648702
2631,15815626
2632,15602034
2633,15783305
2634,15583681
2635,15694829
2636,15738318
2637,15780572
2638,15789582
2639,15654733
2640,15615219
2641,15578096
2642,15665402
2643,15674331
2644,15809087
2645,15671930
2646,15621611
2647,15756920
2648,15624510
2649,15623430
2650,15570859
2651,15660200
2652,15747168
2653,15640258
2654,15610900
2655,15569178
2656,15712584
2657,15711288
2658,15730448
2659,15697597
2660,15628972
2661,15738448
2662,15721462
2663,15766374
2664,15575247
2665,15751774
2666,15808389
2667,15698716
2668,15779744
2669,15577170
2670,15568573
2671,15606310
2672,15779862
2673,15669656
2674,15654463
2675,15782806
2676,15775203
2677,15722072
2678,15682563
2679,15594456
2680,15742613
2681,15720929
2682,15805104
2683,15567980
2684,15611644
2685,15772798
2686,15679294
2687,15780124
2688,15629744
2689,15772601
2690,15580560
2691,15615207
2692,15720071
2693,15587913
2694,15653776
2695,15676404
2696,15778395
2697,15583073
2698,15729054
2699,15746553
2700,15591740
2701,15610165
2702,15715297
2703,15600724
2704,15704987
2705,15723006
2706,15671917
2707,15626141
2708,15721835
2709,15778975
2710,15621644
2711,15769216
2712,15726791
2713,15799710
2714,15792989
2715,15702300
2716,15735270
2717,15670823
2718,15803685
2719,15630241
2720,15589544
2721,15747724
2722,15780254
2723,15798024
2724,15769272
2725,15615456
2726,15632977
2727,15792329
2728,15789815
2729,15620111
2730,15783225
2731,15681402
2732,15807837
2733,15631685
2734,15652527
2735,15659475
2736,15800215
2737,15806913
2738,15774166
2739,15697214
2740,15808526
2741,15780128
2742,15743582
2743,15762716
2744,15813659
2745,15670587
2746,15760774
2747,15677324
2748,15780870
2749,15669887
2750,15573309
2751,15698349
2752,15614034
2753,15734628
2754,15711015
2755,15621644
2756,15770576
2757,15590320
2758,15681075
2759,15748589
2760,15656086
2761,15663386
2762,15599722
2763,15673578
2764,15796910
2765,15804787
2766,15737647
2767,15579781
2768,15624229
2769,15675854
2770,15812324
2771,15605872
2772,15602929
2773,15701096
2774,15804814
2775,15757577
2776,15792525
2777,15644356
2778,15774630
2779,15578462
2780,15681327
2781,15617617
2782,15571302
2783,15715638
2784,15668669
2785,15782360
2786,15655298
2787,15661974
2788,15694288
2789,15751561
2790,15584113
2791,15627162
2792,15700460
2793,15626385
2794,
2795,15741275
2796,15716449
2797,15651264
2798,15765532
2799,15664639
2800,15646609
2801,15733966
2802,15587013
2803,15764927
2804,15600626
2805,15691119
2806,15775803
2807,15574324
2808,15684367
2809,15714680
2810,15810864
2811,15677435
2812,15766183
2813,15787835
2814,15613699
2815,15752375
2816,15621629
2817,15631838
2818,15609562
2819,15754649
2820,15641640
2821,15728906
2822,15680141
2823,15656901
2824,15781574
2825,15771154
2826,15772341
2827,15799350
2828,15751392
2829,15794566
2830,15628947
2831,15617482
2832,15694409
2833,15732643
2834,15636454
2835,15684868
2836,15703019
2837,15759874
2838,15570769
2839,15694200
2840,15678916
2841,15773283
2842,15738267
2843,15722404
2844,15685279
2845,15689751
2846,15770225
2847,15648721
2848,15669664
2849,15608406
2850,15597914
2851,15570629
2852,15784130
2853,15691513
2854,15806956
2855,15756305
2856,15716381
2857,15743617
2858,15712287
2859,15679770
2860,15579112
2861,15807993
2862,15576714
2863,15585282
2864,15675842
2865,15671969
2866,
2867,15776233
2868,15660301
2869,15670898
2870,15731890
2871,15713644
2872,15634501
2873,15638257
2874,15762984
2875,15769246
2876,15737782
2877,15795990
2878,15658716
2879,15585533
2880,15809320
2881,15641690
2882,15776631
2883,15595831
2884,15769582
2885,15736431
2886,15674671
2887,15607827
2888,15596647
2889,15781034
2890,15646302
2891,15802466
2892,15606836
2893,15758726
2894,15798850
2895,15635116
2896,15760446
2897,15639415
2898,15755722
2899,15631460
2900,15735719
2901,15804002
2902,15661723
2903,15616666
2904,15758901
2905,15633378
2906,15625592
2907,15685706
2908,15672091
2909,15746139
2910,15660688
2911,15654975
2912,15739576
2913,15756241
2914,15722578
2915,15763747
2916,15654230
2917,15719309
2918,15714658
2919,15721585
2920,15802060
2921,15642725
2922,15797627
2923,15810864
2924,15746127
2925,15573876
2926,15638871
2927,15684198
2928,15699492
2929,15763662
2930,15690188
2931,15768367
2932,15653050
2933,15800554
2934,15727041
2935,15602551
2936,15795519
2937,15730272
2938,15742272
2939,15810786
2940,15811177
2941,15641416
2942,15627212
2943,15794273
2944,15716994
2945,15775562
2946,15772632
2947,15608109
2948,15727353
2949,15607577
2950,15700209
2951,15777639
2952,15814536
2953,15681506
2954,15678284
2955,15593014
2956,15567442
2957,15780650
2958,15727197
2959,15726103
2960,15729574
2961,15636061
2962,15669342
2963,15626008
2964,15742204
2965,15629739
2966,15583748
2967,15724536
2968,15726945
2969,15600103
2970,15569571
2971,15600392
2972,15586674
2973,15740104
2974,15730688
2975,15699619
2976,15642710
2977,15806941
2978,15765806
2979,15635972
2980,15583850
2981,15579208
2982,15757559
2983,15800326
2984,15672821
2985,15624695
2986,15610765
2987,15622518
2988,15704788
2989,15586264
2990,15625395
2991,15679148
2992,15572356
2993,15666823
2994,15596060
2995,15778830
2996,15795129
2997,15659399
2998,15751158
2999,15792222
3000,15649292
3001,15786463
3002,15763097
3003,
3004,15787550
3005,15717879
3006,15630617
3007,15687153
3008,15650545
3009,15663826
3010,15576219
3011,15622532
3012,15747757
3013,15759140
3014,15794939
3015,15793726
3016,15598700
3017,15745001
3018,15695339
3019,15654409
3020,15776047
3021,15664150
3022,15731569
3023,15625092
3024,15672437
3025,15693267
3026,15709474
3027,15566689
3028,15730273
3029,15572762
3030,15810167
3031,15751491
3032,15578738
3033,15771668
3034,15598695
3035,15596984
3036,15794276
3037,15602124
3038,15752507
3039,15650258
3040,15793346
3041,15609458
3042,15807563
3043,15697997
3044,15653251
3045,15667620
3046,15766765
3047,15737977
3048,15799156
3049,15576824
3050,15748123
3051,15794661
3052,15797389
3053,15711825
3054,15647725
3055,15756560
3056,15812767
3057,15588622
3058,15724076
3059,15772650
3060,15598840
3061,15567339
3062,15738411
3063,15672330
3064,15630661
3065,15601796
3066,15635893
3067,15808846
3068,
3069,15600710
3070,15801904
3071,15605684
3072,15601012
3073,15679909
3074,15572093
3075,15804797
3076,15759021
3077,15778290
3078,15683544
3079,15603135
3080,15789097
3081,15791053
3082,15798666
3083,15670619
3084,15581654
3085,15765173
3086,15806332
3087,15772262
3088,15578006
3089,15628999
3090,15684908
3091,15775082
3092,15679062
3093,15589715
3094,15687270
3095,15568953
3096,15744529
3097,15577064
3098,15788676
3099,15660878
3100,15704795
3101,15707551
3102,15620443
3103,15675896
3104,15581440
3105,15625545
3106,15797686
3107,15691785
3108,15758171
3109,15682600
3110,15747503
3111,15589975
3112,15631240
3113,15769312
3114,15577587
3115,15670562
3116,15673529
3117,15655171
3118,15757837
3119,15702095
3120,15627203
3121,15709487
3122,15693732
3123,15640922
3124,15751628
3125,15753343
3126,15797900
3127,15760102
3128,15625623
3129,15669783
3130,15673367
3131,15653037
3132,15712303
3133,15625942
3134,15746802
3135,15593128
3136,15810460
3137,15642093
3138,15789432
3139,15684512
3140,15751175
3141,15672945
3142,15719991
3143,15689168
3144,15729763
3145,15644103
3146,15598086
3147,15669589
3148,15601811
3149,15764618
3150,15658813
3151,15614420
3152,15724307
3153,15633141
3154,15589017
3155,15730868
3156,15758056
3157,15712287
3158,15568106
3159,15765812
3160,15741875
3161,15600879
3162,15792818
3163,15764444
3164,15703205
3165,15716324
3166,15701318
3167,15714610
3168,15607347
3169,15769703
3170,15662151
3171,15803804
3172,15721007
3173,15626383
3174,15779247
3175,15621893
3176,15635964
3177,15701042
3178,15658360
3179,15595588
3180,15642726
3181,15627262
3182,15583049
3183,15576760
3184,15595609
3185,15618225
3186,15719950
3187,15742009
3188,15775891
3189,15620398
3190,15605341
3191,15630167
3192,15701291
3193,15645200
3194,15644174
3195,15646037
3196,15634310
3197,15726832
3198,15633531
3199,15631305
3200,15685300
3201,15789339
3202,15731478
3203,15681196
3204,15616954
3205,15611058
3206,15588446
3207,15647965
3208,15808851
3209,15648967
3210,15655794
3211,15694395
3212,15713267
3213,15703292
3214,15615020
3215,15644692
3216,15734202
3217,15809347
3218,15675190
3219,15768471
3220,15814004
3221,15779529
3222,15649523
3223,15716000
3224,15755242
3225,15794493
3226,15578648
3227,15605835
3228,15762169
3229,15603088
3230,15771409
3231,15602735
3232,15714256
3233,15715920
3234,15630920
3235,15743673
3236,15784097
3237,15589147
3238,15621031
3239,15627697
3240,15711028
3241,15631339
3242,15591577
3243,15625151
3244,15656683
3245,15585427
3246,15631072
3247,15797960
3248,15775067
3249,15604345
3250,15810864
3251,15600399
3252,15598982
3253,15769064
3254,15634218
3255,15611105
3256,15763097
3257,15609011
3258,15671014
3259,15631170
3260,15764409
3261,15595135
3262,15787459
3263,15692819
3264,15776348
3265,15699450
3266,15656351
3267,15616088
3268,15680167
3269,15665053
3270,15690743
3271,15580134
3272,15628767
3273,15747358
3274,15782247
3275,15806210
3276,15634949
3277,15585580
3278,15598744
3279,15598070
3280,15705009
3281,15718789
3282,15710164
3283,15736990
3284,15748481
3285,15711378
3286,15643679
3287,15641114
3288,15671243
3289,15717010
3290,15750466
3291,15567557
3292,15770159
3293,
3294,15582492
3295,15701962
3296,15726747
3297,15586757
3298,15760570
3299,15567422
3300,15765192
3301,15603246
3302,15724099
3303,15736778
3304,15593897
3305,15792646
3306,15608528
3307,15587735
3308,15689147
3309,15770974
3310,15668347
3311,15667417
3312,15621644
3313,15740630
3314,15694376
3315,15776780
3316,15769902
3317,15725698
3318,15605665
3319,15720508
3320,15698335
3321,15599829
3322,15612769
3323,15585835
3324,15768072
3325,15733876
3326,15671766
3327,15693947
3328,15635285
3329,15785385
3330,15614635
3331,15582168
3332,15755825
3333,15610594
3334,15655171
3335,15649414
3336,15708236
3337,15584190
3338,15718153
3339,15812917
3340,15810864
3341,15671769
3342,15777797
3343,15804516
3344,15574369
3345,15741049
3346,15702380
3347,15757521
3348,15585284
3349,15627352
3350,15807961
3351,15770420
3352,15798424
3353,15570943
3354,15710450
3355,15660735
3356,15665438
3357,15810944
3358,15810418
3359,15593425
3360,15622833
3361,15809838
3362,15664227
3363,15635776
3364,15783958
3365,15755678
3366,15631871
3367,15671249
3368,15616152
3369,15582944
3370,15634143
3371,15741745
3372,15694125
3373,15765322
3374,15686461
3375,15699247
3376,15712287
3377,15703728
3378,15592078
3379,15664498
3380,15721740
3381,15798024
3382,
3383,15700487
3384,15723894
3385,15714485
3386,15587507
3387,15735636
3388,15776725
3389,15809823
3390,15670602
3391,15813532
3392,15672432
3393,15750839
3394,15763107
3395,15684861
3396,15774744
3397,15629885
3398,15806808
3399,15764284
3400,15608338
3401,15646196
3402,15665008
3403,15648320
3404,15624186
3405,15655410
3406,15757588
3407,15785170
3408,15707968
3409,15788483
3410,15566708
3411,15707189
3412,15739046
3413,15745107
3414,15602373
3415,15598044
3416,15635500
3417,15675787
3418,15742229
3419,15777504
3420,15667751
3421,15639946
3422,15757931
3423,15581548
3424,15793813
3425,15595071
3426,15787699
3427,15658889
3428,15803005
3429,15577751
3430,15793455
3431,15701121
3432,15783444
3433,15602844
3434,15668472
3435,15711991
3436,15603319
3437,15664734
3438,15674541
3439,15690231
3440,15730397
3441,15586996
3442,15568044
3443,15672132
3444,15578297
3445,15665402
3446,15589224
3447,15794479
3448,15599081
3449,15689425
3450,15686941
3451,15742820
3452,15660866
3453,15763980
3454,15683157
3455,15588944
3456,15629323
3457,15728078
3458,15596339
3459,15581811
3460,15801316
3461,15687079
3462,15760244
3463,15772412
3464,15763256
3465,15736126
3466,15651883
3467,15575002
3468,15616931
3469,15726487
3470,15812513
3471,15810800
3472,15803749
3473,15642787
3474,15680243
3475,15766272
3476,15641850
3477,15756425
3478,15700826
3479,15755863
3480,15813067
3481,15592816
3482,15612966
3483,15699550
3484,15750056
3485,15582762
3486,15682070
3487,15763097
3488,15751203
3489,15654292
3490,15712849
3491,15628123
3492,15707596
3493,15613014
3494,15733602
3495,15758372
3496,15713144
3497,15700353
3498,15681446
3499,15646936
3500,15698732
3501,15803685
3502,15595917
3503,15767264
3504,15807481
3505,15722322
3506,15643496
3507,15694098
3508,15750638
3509,15608230
3510,15603582
3511,15708791
3512,15710087
3513,15778320
3514,15640769
3515,15616380
3516,15753332
3517,15660809
3518,15663939
3519,15705298
3520,15737133
3521,15568162
3522,15806307
3523,15596013
3524,15614934
3525,15809286
3526,15689616
3527,15781272
3528,15571415
3529,15686835
3530,15693264
3531,15805254
3532,15761477
3533,15679760
3534,15727408
3535,15741988
3536,15725664
3537,15652192
3538,15763108
3539,15680767
3540,15653251
3541,15704844
3542,15785485
3543,15671387
3544,15734578
3545,15579914
3546,15735522
3547,15714680
3548,15589431
3549,15651664
3550,15678201
3551,15633352
3552,15571148
3553,15790113
3554,15638607
3555,15654611
3556,15670755
3557,15659234
3558,15809263
3559,15579891
3560,15799966
3561,15674851
3562,15643294
3563,15750874
3564,15664543
3565,15707110
3566,15659736
3567,15707634
3568,15617866
3569,15685109
3570,15594762
3571,15796813
3572,15578238
3573,15705890
3574,15653715
3575,15677921
3576,15640866
3577,15725429
3578,15785782
3579,15742681
3580,15723318
3581,15654574
3582,15691624
3583,15685314
3584,15717185
3585,15654519
3586,15645095
3587,15569274
3588,15623450
3589,15748854
3590,15810898
3591,15777759
3592,15693381
3593,15756932
3594,15725639
3595,15609623
3596,15602841
3597,15655171
3598,15726589
3599,15610903
3600,15595883
3601,15628583
3602,15791174
3603,15670668
3604,15574305
3605,15678146
3606,15761654
3607,15644962
3608,15657321
3609,15689786
3610,15685654
3611,15775433
3612,15790412
3613,15679410
3614,15711468
3615,15674637
3616,15592645
3617,15697270
3618,15577178
3619,15592707
3620,15606841
3621,15712409
3622,15763613
3623,15770719
3624,15779738
3625,15589869
3626,15705113
3627,15780411
3628,15618213
3629,15752857
3630,15773512
3631,15682211
3632,15672966
3633,15588923
3634,15668504
3635,15675501
3636,15813504
3637,15716284
3638,15693199
3639,15719508
3640,15703820
3641,15648898
3642,15668460
3643,15803790
3644,15655436
3645,15683471
3646,15776454
3647,15769191
3648,15674950
3649,15666856
3650,15689061
3651,15595228
3652,15733303
3653,15585362
3654,15770554
3655,15642870
3656,15589643
3657,15624793
3658,15694946
3659,15789974
3660,15660147
3661,15675185
3662,15579130
3663,15619436
3664,15684010
3665,15612092
3666,15626040
3667,15797204
3668,15734044
3669,15702631
3670,15632551
3671,15610426
3672,15701392
3673,15799964
3674,15637644
3675,15675675
3676,15593736
3677,15663921
3678,15766896
3679,15767871
3680,15810775
3681,15581252
3682,15785576
3683,15598161
3684,15793641
3685,15807768
3686,15580629
3687,15712287
3688,15580988
3689,15694879
3690,15726358
3691,15651103
3692,15776844
3693,15605327
3694,15637131
3695,15757911
3696,15625941
3697,15768530
3698,15618703
3699,15762228
3700,15687130
3701,15627881
3702,15584967
3703,15614302
3704,15638610
3705,15798439
3706,15778861
3707,15808389
3708,15606507
3709,15567078
3710,15685576
3711,15582404
3712,15810593
3713,15794360
3714,15680587
3715,15762216
3716,15706394
3717,
3718,15629787
3719,15783029
3720,15591107
3721,15594577
3722,15782311
3723,15801934
3724,15571666
3725,15787189
3726,15606755
3727,15700693
3728,15589230
3729,15809137
3730,15735549
3731,15735080
3732,15594084
3733,15654296
3734,15631709
3735,15772073
3736,15728456
3737,15610140
3738,15743714
3739,15658693
3740,15715160
3741,15690130
3742,15655123
3743,15609653
3744,15746333
3745,15748034
3746,15754267
3747,15730793
3748,15687372
3749,15795298
3750,15742269
3751,15698619
3752,15774727
3753,15701281
3754,15600975
3755,15583718
3756,15794253
3757,
3758,15649668
3759,15801395
3760,15791373
3761,15709928
3762,15675791
3763,15706116
3764,15595728
3765,15621685
3766,15810864
3767,15648735
3768,15787161
3769,15759066
3770,15632665
3771,15642655
3772,15736397
3773,15636428
3774,15673837
3775,15797595
3776,15810864
3777,15593094
3778,15742886
3779,15717995
3780,15666297
3781,15761158
3782,15567431
3783,15771299
3784,15670943
3785,15812470
3786,15764604
3787,15737647
3788,15747043
3789,15683375
3790,15611794
3791,15656865
3792,15606435
3793,15660541
3794,15575694
3795,15708534
3796,15747097
3797,15727311
3798,15723373
3799,15815236
3800,15786454
3801,15603749
3802,15745533
3803,15634974
3804,15663446
3805,15576185
3806,15573741
3807,15665416
3808,15767681
3809,15603565
3810,15775590
3811,15811261
3812,15651581
3813,15641994
3814,15746203
3815,15594391
3816,15786852
3817,15573171
3818,15583137
3819,15720943
3820,15765694
3821,15796351
3822,15654156
3823,
3824,15586629
3825,15654456
3826,15604588
3827,15608344
3828,15594902
3829,15670205
3830,15665283
3831,15636736
3832,15779492
3833,15755798
3834,15774151
3835,15600379
3836,15697702
3837,15685536
3838,15667190
3839,15720284
3840,15715939
3841,15800061
3842,15776494
3843,15638963
3844,15612615
3845,15687491
3846,15800515
3847,15737571
3848,15781678
3849,15574072
3850,15593954
3851,15757467
3852,15672115
3853,15655648
3854,15644621
3855,15596710
3856,15745716
3857,15639590
3858,15717893
3859,15646190
3860,15694192
3861,15635396
3862,15570931
3863,15733014
3864,15655192
3865,15650313
3866,15597109
3867,15768455
3868,15787848
3869,15588090
3870,15774872
3871,15737506
3872,15745250
3873,15771417
3874,15715638
3875,15814553
3876,15574372
3877,15581198
3878,15630113
3879,15759038
3880,15664895
3881,15797910
3882,15775335
3883,15701176
3884,15657809
3885,15727317
3886,15630106
3887,15637169
3888,15750684
3889,15676513
3890,15576723
3891,15567114
3892,15641366
3893,15708196
3894,15632365
3895,15585133
3896,15744582
3897,15788442
3898,15773276
3899,15743236
3900,15665222
3901,15612465
3902,15731117
3903,15701537
3904,15626233
3905,15724527
3906,15730469
3907,15633834
3908,15569249
3909,15569976
3910,15629150
3911,15685628
3912,15807340
3913,15774696
3914,15724150
3915,15790442
3916,15626684
3917,15731760
3918,15689351
3919,15657449
3920,15775709
3921,15689201
3922,15775662
3923,15813159
3924,15754952
3925,15620030
3926,15636982
3927,15673995
3928,15628144
3929,15702566
3930,15780212
3931,15766869
3932,15592194
3933,15665159
3934,15749693
3935,15757140
3936,15705991
3937,15658195
3938,15750447
3939,15775234
3940,15587177
3941,15660505
3942,15763097
3943,15807045
3944,15591915
3945,15611800
3946,15798024
3947,15628523
3948,15769596
3949,15787014
3950,15602731
3951,15609704
3952,15675360
3953,15615938
3954,15738291
3955,15805523
3956,15701809
3957,15587443
3958,15587690
3959,15720745
3960,15743498
3961,15708505
3962,15579996
3963,15768574
3964,15713596
3965,15768387
3966,15585455
3967,15693203
3968,15590228
3969,15758531
3970,15654346
3971,15591286
3972,15764195
3973,15762351
3974,15577078
3975,15639004
3976,15796480
3977,15728706
3978,15765952
3979,15595324
3980,15636061
3981,15636105
3982,15596761
3983,15766017
3984,15624775
3985,15725660
3986,15581733
3987,15726403
3988,15626474
3989,15575214
3990,15772341
3991,15706005
3992,15639357
3993,15617877
3994,15592570
3995,15603914
3996,15655632
3997,15747878
3998,15577515
3999,15628813
4000,15814022
4001,15717056
4002,15783541
4003,15761554
4004,15724251
4005,15601550
4006,15794122
4007,15642202
4008,15805909
4009,15570360
4010,15791743
4011,15774382
4012,15756196
4013,15591010
4014,15800554
4015,15619465
4016,15747980
4017,15712199
4018,15654959
4019,15753248
4020,15720713
4021,15697127
4022,15728542
4023,15652218
4024,15723864
4025,15667265
4026,15710397
4027,15674206
4028,15574122
4029,15626806
4030,15793049
4031,15759274
4032,15605698
4033,15565796
4034,15760090
4035,15729908
4036,15713374
4037,15618661
4038,15588449
4039,15723169
4040,15791550
4041,15666181
4042,15577514
4043,15699325
4044,15656840
4045,15800251
4046,15606613
4047,15751748
4048,15726310
4049,15793693
4050,15719561
4051,15641877
4052,15759913
4053,15576263
4054,15792729
4055,15711218
4056,15670496
4057,15804721
4058,15714586
4059,15732235
4060,15753102
4061,15715907
4062,15680436
4063,15673333
4064,15661275
4065,15811690
4066,15721307
4067,15737354
4068,15708256
4069,15728906
4070,15605059
4071,15764431
4072,15740283
4073,15710295
4074,15811565
4075,15709459
4076,15620758
4077,15759566
4078,15653997
4079,15580935
4080,15708289
4081,15644103
4082,15585256
4083,15643439
4084,15785367
4085,15796111
4086,15750867
4087,15583597
4088,15716781
4089,15752984
4090,15654859
4091,15604576
4092,15757408
4093,15683758
4094,15755241
4095,15813422
4096,15581280
4097,15760294
4098,15613623
4099,15577999
4100,15757916
4101,15671390
4102,15719090
4103,15651823
4104,15801125
4105,15609545
4106,15678944
4107,15804787
4108,15610781
4109,15730579
4110,15684921
4111,15751333
4112,15792660
4113,15592025
4114,15644686
4115,15576928
4116,15805104
4117,15748069
4118,15734524
4119,15683977
4120,15762138
4121,15609998
4122,15645835
4123,15595937
4124,15614230
4125,15674433
4126,15815095
4127,15707488
4128,15762902
4129,15602554
4130,15652808
4131,15806837
4132,15585823
4133,15757541
4134,15652469
4135,15784320
4136,15747345
4137,15645766
4138,15634491
4139,15782456
4140,15621409
4141,15736510
4142,15791102
4143,15616929
4144,15576156
4145,15638871
4146,15643188
4147,15728006
4148,15567486
4149,15586135
4150,15579617
4151,15725665
4152,15597033
4153,15811486
4154,15672242
4155,15680234
4156,15574296
4157,15729836
4158,15592765
4159,15590344
4160,15671534
4161,15723105
4162,15705001
4163,15751593
4164,15739223
4165,15688193
4166,15635177
4167,15800890
4168,15677146
4169,15761950
4170,15674929
4171,15713912
4172,15787151
4173,15710257
4174,15623062
4175,15719579
4176,15591035
4177,15613945
4178,15627999
4179,15789425
4180,15653306
4181,15789863
4182,15720968
4183,15700549
4184,15580366
4185,15799534
4186,15616700
4187,15593250
4188,15738907
4189,15722246
4190,15662063
4191,15636024
4192,15733661
4193,15594827
4194,15636658
4195,15653222
4196,15623210
4197,15723263
4198,15719779
4199,15582849
4200,15633546
4201,15782630
4202,15734649
4203,15810942
4204,15788683
4205,15611973
4206,15674442
4207,15792868
4208,15685829
4209,15724154
4210,15766776
4211,15697020
4212,15569670
4213,15761102
4214,15628059
4215,15600911
4216,15603170
4217,15768151
4218,15684951
4219,15697100
4220,15657439
4221,15649078
4222,15786643
4223,15749727
4224,15665963
4225,15578211
4226,15725818
4227,15605113
4228,15800814
4229,15806570
4230,15790659
4231,15675328
4232,15814465
4233,15633112
4234,15746662
4235,15669301
4236,15569120
4237,15657937
4238,15745232
4239,15766746
4240,15677117
4241,15633666
4242,15787907
4243,15723721
4244,15739592
4245,15639368
4246,15614687
4247,15654341
4248,15735400
4249,15705544
4250,15741094
4251,15692207
4252,15744240
4253,15766427
4254,15786215
4255,15713370
4256,15789498
4257,15681550
4258,15732307
4259,15796434
4260,15809909
4261,15667289
4262,15663134
4263,15806184
4264,15585280
4265,15733447
4266,15700383
4267,15641359
4268,15753213
4269,15694510
4270,15710853
4271,15603465
4272,15710366
4273,15642709
4274,15750778
4275,15657139
4276,15641490
4277,15569079
4278,15687648
4279,15721569
4280,15749300
4281,15650442
4282,15757617
4283,15736769
4284,15642468
4285,15773013
4286,15608166
4287,15807335
4288,15679983
4289,15655360
4290,15636520
4291,15595991
4292,15794841
4293,15659236
4294,15662865
4295,15757897
4296,15633877
4297,15606915
4298,15694129
4299,15574830
4300,15619935
4301,15678317
4302,15643671
4303,15637178
4304,15778752
4305,15640409
4306,15760880
4307,15579559
4308,15805151
4309,15735788
4310,15762821
4311,15717527
4312,15682421
4313,15789874
4314,15733777
4315,15729489
4316,15719793
4317,15791321
4318,15754342
4319,15740527
4320,15659694
4321,15631603
4322,15801247
4323,15811032
4324,15588219
4325,15798885
4326,15693764
4327,15626491
4328,15732610
4329,15732268
4330,15747808
4331,15737071
4332,15794792
4333,15739168
4334,15675963
4335,15566269
4336,15646351
4337,15575676
4338,15666675
4339,15771270
4340,15615091
4341,15797165
4342,15772030
4343,15612109
4344,15815428
4345,15742834
4346,15588461
4347,15594556
4348,15771211
4349,15662533
4350,15724889
4351,15629094
4352,15667085
4353,15659175
4354,15662098
4355,15689598
4356,15767129
4357,15672610
4358,15667602
4359,15573319
4360,15790336
4361,15586425
4362,15659962
4363,15758023
4364,15729689
4365,15616365
4366,15795224
4367,15685290
4368,15685920
4369,15796838
4370,15643361
4371,15762048
4372,15661734
4373,15690209
4374,15615050
4375,15748639
4376,15704795
4377,15668248
4378,15645717
4379,15730735
4380,15658339
4381,15812982
4382,15629603
4383,15774098
4384,15592091
4385,15699486
4386,15729018
4387,15791268
4388,15679813
4389,15665460
4390,15684461
4391,15624519
4392,15632280
4393,15698294
4394,15599403
4395,15691910
4396,15713655
4397,15737267
4398,15744327
4399,15597394
4400,15714006
4401,15566295
4402,15736495
4403,15690939
4404,15793901
4405,15709004
4406,15569759
4407,15775293
4408,15670354
4409,15707199
4410,15717984
4411,15607142
4412,15668580
4413,15726058
4414,15662578
4415,15609558
4416,15718572
4417,15568104
4418,15718289
4419,15569452
4420,15649136
4421,15815043
4422,15605666
4423,15723613
4424,15787830
4425,15582951
4426,15680224
4427,15767391
4428,15702175
4429,15633866
4430,15763798
4431,15576126
4432,15579826
4433,15783019
4434,15747014
4435,15707132
4436,15653037
4437,15798844
4438,15751185
4439,15605333
4440,15806511
4441,15660840
4442,15578809
4443,15812850
4444,15614187
4445,15637593
4446,15694601
4447,15764294
4448,15781777
4449,15698791
4450,15790829
4451,15748068
4452,15621116
4453,15713608
4454,15662532
4455,15809830
4456,15803538
4457,15583462
4458,15715394
4459,15659194
4460,15574119
4461,15621267
4462,15609299
4463,15736271
4464,15754577
4465,15650670
4466,15777855
4467,15601873
4468,15659568
4469,15798659
4470,15586976
4471,15695356
4472,15585490
4473,15696989
4474,15726634
4475,15700657
4476,15634180
4477,15679284
4478,15806389
4479,15709396
4480,15645942
4481,15675949
4482,15607786
4483,15762882
4484,15775294
4485,15599869
4486,15586133
4487,15769645
4488,15747649
4489,15652180
4490,15611551
4491,15751193
4492,15637993
4493,15769110
4494,15804709
4495,15658890
4496,15664759
4497,15655590
4498,15653275
4499,15810385
4500,15596228
4501,15791040
4502,15572792
4503,15709412
4504,15681697
4505,15747854
4506,15724890
4507,15720941
4508,15590199
4509,15775892
4510,15705765
4511,15775756
4512,15643819
4513,15679297
4514,15780038
4515,15745326
4516,15692443
4517,15675518
4518,15622217
4519,15714355
4520,15698246
4521,15758510
4522,15649033
4523,15718242
4524,15691543
4525,15644788
4526,15619407
4527,15733476
4528,15796114
4529,15758755
4530,15623630
4531,15723737
4532,15671915
4533,15758306
4534,15568834
4535,15632859
4536,15627665
4537,15726814
4538,15623499
4539,15810075
4540,15723028
4541,15798470
4542,15775888
4543,15725478
4544,15788118
4545,15756299
4546,15581102
4547,15656613
4548,15744200
4549,15808473
4550,15776733
4551,15680167
4552,15771543
4553,15672970
4554,15610147
4555,15639669
4556,15718465
4557,15654183
4558,15810829
4559,15656100
4560,15786167
4561,15646037
4562,15784301
4563,15804822
4564,15697801
4565,15598275
4566,15676835
4567,15617082
4568,15732644
4569,15785547
4570,15579262
4571,15601594
4572,15591433
4573,15726588
4574,15684995
4575,15682369
4576,15786249
4577,15730137
4578,15584320
4579,15754537
4580,15759751
4581,15763381
4582,15600575
4583,15798960
4584,15736124
4585,15790763
4586,15737080
4587,15579183
4588,15666032
4589,15744919
4590,15699446
4591,15651900
4592,15725221
4593,15627251
4594,15768887
4595,15581282
4596,15803842
4597,15665062
4598,15761024
4599,15610403
4600,15655341
4601,15629299
4602,15742534
4603,15694805
4604,15795124
4605,15774179
4606,15751120
4607,15686099
4608,15750299
4609,15653315
4610,15677785
4611,15765415
4612,15599533
4613,15609669
4614,15710527
4615,15704910
4616,15758775
4617,15672185
4618,15582066
4619,15679651
4620,15755731
4621,15678034
4622,15738785
4623,15759250
4624,15735799
4625,15683416
4626,15664214
4627,15621227
4628,15720509
4629,15658956
4630,15668818
4631,15607278
4632,15634772
4633,15741092
4634,15620756
4635,15687094
4636,15734737
4637,15787222
4638,15764661
4639,15662901
4640,15765902
4641,15681439
4642,15673584
4643,15635240
4644,15756894
4645,15753362
4646,15631159
4647,15749638
4648,15591169
4649,15639277
4650,15796612
4651,15795132
4652,15759499
4653,15611644
4654,15698758
4655,15591747
4656,15687218
4657,15672594
4658,15703437
4659,15570932
4660,15639049
4661,15746564
4662,15700964
4663,15595426
4664,15803947
4665,15805025
4666,15745399
4667,15782531
4668,15789109
4669,15804142
4670,15754569
4671,15773338
4672,15741180
4673,15575748
4674,15735078
4675,15706170
4676,15730759
4677,15709476
4678,15726087
4679,15711316
4680,15694453
4681,15568328
4682,15747000
4683,15662662
4684,15783816
4685,15626507
4686,15711789
4687,15620276
4688,15726046
4689,15692664
4690,15803965
4691,15706232
4692,15680278
4693,15709941
4694,15810454
4695,15774262
4696,15677336
4697,15581036
4698,15695872
4699,15717156
4700,15695679
4701,15601503
4702,15737509
4703,15610379
4704,15645271
4705,15764351
4706,15641250
4707,15689096
4708,15711299
4709,15774133
4710,15639665
4711,15800287
4712,15646720
4713,15618765
4714,15710105
4715,15737452
4716,15702499
4717,15806901
4718,15808831
4719,15700864
4720,15650454
4721,15595391
4722,15704160
4723,15719479
4724,15763515
4725,15572145
4726,15782778
4727,15745266
4728,15572626
4729,15658548
4730,15612729
4731,15753874
4732,15703793
4733,15801336
4734,15694300
4735,15657565
4736,15663249
4737,15769959
4738,15611191
4739,15604544
4740,15815490
4741,15622443
4742,15742504
4743,15738516
4744,15623369
4745,15691863
4746,15791111
4747,15795275
4748,15763895
4749,15588197
4750,15622801
4751,15597467
4752,15623478
4753,15736413
4754,15779496
4755,15669175
4756,15734246
4757,15754261
4758,15718039
4759,15767339
4760,15669606
4761,15753888
4762,15661007
4763,15650068
4764,15768342
4765,15591279
4766,15670615
4767,15808326
4768,15717879
4769,15567778
4770,15715877
4771,15780654
4772,15725068
4773,15584536
4774,15588701
4775,15770185
4776,15569446
4777,15739578
4778,15614365
4779,15765266
4780,15606267
4781,15783083
4782,15722322
4783,15792228
4784,15569438
4785,15678916
4786,15757867
4787,15645136
4788,15726313
4789,15668521
4790,15721460
4791,15627995
4792,15795933
4793,15792176
4794,15720637
4795,15670914
4796,15669060
4797,15609676
4798,15597968
4799,15639265
4800,15636396
4801,15715597
4802,15731519
4803,15671804
4804,15739160
4805,15645744
4806,15706071
4807,15600708
4808,15677586
4809,15757777
4810,15635870
4811,15767598
4812,15813697
4813,15760121
4814,15709861
4815,15746737
4816,15642570
4817,15644132
4818,15809178
4819,15685243
4820,15565706
4821,15584114
4822,15598510
4823,15713532
4824,15722991
4825,15655171
4826,15686242
4827,15619801
4828,15804919
4829,15709441
4830,15606887
4831,15706217
4832,15642991
4833,15717138
4834,15624995
4835,15583863
4836,15779581
4837,15790235
4838,15665766
4839,15611599
4840,15641629
4841,15697480
4842,15658449
4843,15687421
4844,15592386
4845,15753847
4846,15616454
4847,15812482
4848,15654025
4849,15742210
4850,15718231
4851,15649451
4852,15631800
4853,15623196
4854,15643967
4855,15582276
4856,15578251
4857,15751774
4858,15592000
4859,15760216
4860,15625740
4861,15617252
4862,15782418
4863,15636634
4864,15777436
4865,15617136
4866,15638028
4867,15575955
4868,15779522
4869,15644501
4870,15580560
4871,15756926
4872,15694765
4873,15720671
4874,15705174
4875,15663234
4876,15717046
4877,15745455
4878,15610755
4879,15753215
4880,15568429
4881,15628219
4882,15722010
4883,15759456
4884,15693906
4885,15789941
4886,15794257
4887,15710553
4888,15732987
4889,15566467
4890,15605826
4891,15676937
4892,15612455
4893,15683027
4894,15738627
4895,15758073
4896,15678129
4897,15579647
4898,15691387
4899,15584505
4900,15815628
4901,15583840
4902,15724543
4903,15661532
4904,15610801
4905,15577970
4906,15773260
4907,15624437
4908,15748327
4909,15669945
4910,15680449
4911,15657317
4912,15659820
4913,15760521
4914,15697318
4915,15621064
4916,15812210
4917,15649616
4918,15629551
4919,15752912
4920,15734609
4921,15720847
4922,15778947
4923,15627412
4924,15769781
4925,15655875
4926,15742609
4927,15630709
4928,15707637
4929,15667742
4930,15676715
4931,15810563
4932,15780925
4933,15603743
4934,15715673
4935,15661249
4936,15613017
4937,15671148
4938,15570073
4939,15722061
4940,15799932
4941,15648362
4942,15696605
4943,15720463
4944,15760641
4945,15728005
4946,15767722
4947,15585100
4948,15795759
4949,15796167
4950,15773779
4951,15788776
4952,15668695
4953,15611544
4954,15659501
4955,15738672
4956,15699195
4957,15714680
4958,15785342
4959,15717962
4960,15785815
4961,15569641
4962,15612931
4963,15794472
4964,15801924
4965,15600813
4966,15740147
4967,15589437
4968,15677105
4969,15754072
4970,15673984
4971,15658306
4972,15659800
4973,15809901
4974,15567063
4975,15806945
4976,15792180
4977,15745083
4978,15626156
4979,15672875
4980,15641474
4981,15598884
4982,15618695
4983,15793890
4984,15578546
4985,15750769
4986,15636444
4987,15641662
4988,15739514
4989,15713463
4990,15696514
4991,15654000
4992,15615991
4993,15770405
4994,15682839
4995,15749381
4996,15764654
4997,15728167
4998,15791842
4999,15795963
5000,15716024
5001,15581626
5002,15703614
5003,15677324
5004,15640491
5005,15736760
5006,15808971
5007,15582841
5008,15595037
5009,15663410
5010,15621205
5011,15699507
5012,15673439
5013,15772559
5014,15576360
5015,15793726
5016,15592197
5017,15729087
5018,15708917
5019,15619616
5020,15694556
5021,15665376
5022,15792565
5023,15691504
5024,15750731
5025,15706269
5026,15605872
5027,15637110
5028,15591822
5029,15710543
5030,15573452
5031,15736254
5032,15687607
5033,15748673
5034,15767891
5035,15762543
5036,15614215
5037,15757632
5038,15680346
5039,15746490
5040,15673929
5041,15622321
5042,15707291
5043,15714391
5044,15691808
5045,15675585
5046,15734312
5047,15734438
5048,15687946
5049,15753110
5050,15696506
5051,15713378
5052,15569364
5053,15684171
5054,15689781
5055,15611580
5056,15780359
5057,15571244
5058,15616471
5059,15788151
5060,15713594
5061,15782569
5062,15630580
5063,15753370
5064,15605375
5065,15752838
5066,15638646
5067,15593976
5068,15585907
5069,15781495
5070,15784361
5071,15617486
5072,15617655
5073,15778489
5074,15657829
5075,15713094
5076,15604818
5077,15782993
5078,15665943
5079,15736302
5080,15715541
5081,15758702
5082,15771540
5083,15789379
5084,15590078
5085,15567442
5086,15805671
5087,15626412
5088,15784761
5089,15714057
5090,15641312
5091,15741078
5092,15727696
5093,15592877
5094,15689031
5095,15772618
5096,15579433
5097,15718773
5098,15789413
5099,15717770
5100,15716984
5101,15644212
5102,15706557
5103,15719827
5104,15651020
5105,15586300
5106,15780770
5107,15734161
5108,15632324
5109,15571261
5110,15791780
5111,15672144
5112,15572735
5113,15628950
5114,15702442
5115,15660475
5116,15815131
5117,15713505
5118,15638231
5119,15743538
5120,15642248
5121,15774536
5122,15771483
5123,15750335
5124,15566740
5125,15623730
5126,15737104
5127,15667476
5128,15715199
5129,15756321
5130,15762928
5131,15754874
5132,15649129
5133,15676094
5134,15742028
5135,15717706
5136,15807525
5137,15621550
5138,15697686
5139,15656263
5140,15666173
5141,15684294
5142,15789669
5143,15658486
5144,15674343
5145,15615016
5146,15748414
5147,15679145
5148,15731790
5149,15573520
5150,15612505
5151,15609356
5152,15749489
5153,15694209
5154,15694518
5155,15805704
5156,15800083
5157,15637678
5158,15681180
5159,15814468
5160,15698528
5161,15720559
5162,15768816
5163,15600688
5164,15677377
5165,15719170
5166,15570002
5167,15637411
5168,15656176
5169,15770345
5170,15568120
5171,15577985
5172,15601172
5173,15634606
5174,15729582
5175,15771154
5176,15623989
5177,15790846
5178,15730161
5179,15669326
5180,15787258
5181,15694381
5182,15726153
5183,15581525
5184,15711618
5185,15656717
5186,15609475
5187,15767729
5188,15810834
5189,15595160
5190,15665784
5191,15746183
5192,15712772
5193,15594041
5194,15750569
5195,15729412
5196,15660646
5197,15568046
5198,15681990
5199,15571144
5200,15626044
5201,15688071
5202,15672640
5203,15628420
5204,15573628
5205,15744789
5206,15649992
5207,15807003
5208,15638269
5209,15733387
5210,15802585
5211,15761364
5212,15700710
5213,15770214
5214,15794479
5215,15645937
5216,15766906
5217,15636872
5218,15646091
5219,15608760
5220,15750156
5221,15676519
5222,15696852
5223,15729958
5224,15570379
5225,15761487
5226,15761348
5227,15801188
5228,15743871
5229,15608873
5230,15596165
5231,15732299
5232,15677020
5233,15697510
5234,15687001
5235,15642816
5236,15599078
5237,15577478
5238,15713346
5239,15795895
5240,15603665
5241,15645323
5242,15787035
5243,15681991
5244,15661548
5245,15601659
5246,15802857
5247,15651740
5248,15709523
5249,15665340
5250,15642137
5251,15668385
5252,15687903
5253,15792986
5254,15614778
5255,15594133
5256,15701175
5257,15763111
5258,15701206
5259,15628999
5260,15673074
5261,15682890
5262,15589435
5263,15733297
5264,15658475
5265,15674868
5266,15585599
5267,15606849
5268,15663294
5269,15755077
5270,15815259
5271,15581323
5272,15570508
5273,15658158
5274,15681274
5275,15644994
5276,15677052
5277,15714227
5278,15720371
5279,15787597
5280,15658504
5281,15767793
5282,15638989
5283,15627220
5284,15711901
5285,15636061
5286,15581332
5287,15597983
5288,15576745
5289,15646784
5290,15611759
5291,15654562
5292,15680706
5293,15794895
5294,15626882
5295,15682995
5296,15610930
5297,15777122
5298,15774854
5299,15606115
5300,15632793
5301,15718245
5302,15776827
5303,15813862
5304,15805769
5305,15749401
5306,15767818
5307,15786617
5308,15578787
5309,15627741
5310,15684925
5311,15597602
5312,15662500
5313,15754053
5314,15802362
5315,15635277
5316,15806284
5317,15710726
5318,15713621
5319,15733261
5320,15601263
5321,15683124
5322,15635141
5323,15606855
5324,15799998
5325,15796764
5326,15765982
5327,15796993
5328,15611961
5329,15582016
5330,15633586
5331,15776124
5332,15606386
5333,15625175
5334,15757537
5335,15802909
5336,15783691
5337,15745417
5338,15812832
5339,15615140
5340,15567834
5341,15605264
5342,15800440
5343,15711314
5344,15754177
5345,15754929
5346,15578783
5347,15603481
5348,15793688
5349,15589793
5350,15736730
5351,15727489
5352,15628992
5353,15593468
5354,15722090
5355,15776156
5356,15687884
5357,15623107
5358,15584545
5359,15793196
5360,15656293
5361,15582129
5362,15792102
5363,15636999
5364,15583278
5365,15812241
5366,15742442
5367,15614827
5368,15588123
5369,15814092
5370,15722425
5371,15801863
5372,15802207
5373,15628203
5374,15722758
5375,15811290
5376,15797767
5377,15578369
5378,15697574
5379,15772423
5380,15682547
5381,15612893
5382,15593694
5383,15612140
5384,15613216
5385,15751208
5386,15632079
5387,15623536
5388,15704442
5389,15812628
5390,15745804
5391,15756975
5392,15778604
5393,15814816
5394,15670584
5395,15720636
5396,15662067
5397,15619898
5398,15763922
5399,15654379
5400,15705448
5401,15570533
5402,15608804
5403,15775430
5404,15615430
5405,15687738
5406,15663650
5407,15736112
5408,15777211
5409,15631310
5410,15782144
5411,15715079
5412,15736154
5413,15757306
5414,15698031
5415,15715941
5416,15702138
5417,15623695
5418,15755223
5419,15791191
5420,15587611
5421,15782688
5422,15611767
5423,15576352
5424,15735632
5425,15738166
5426,15773709
5427,15643658
5428,15754113
5429,15813363
5430,15709222
5431,15667046
5432,15657163
5433,15727198
5434,15764448
5435,15756071
5436,15733904
5437,15597265
5438,15744622
5439,15694253
5440,15594878
5441,15635197
5442,15785975
5443,15795246
5444,15596962
5445,15771855
5446,15757952
5447,15714240
5448,15571869
5449,15613102
5450,15628600
5451,15713160
5452,15793042
5453,15722813
5454,15588450
5455,15618239
5456,15579223
5457,15674678
5458,15779809
5459,15619238
5460,15772250
5461,15778897
5462,15749799
5463,15596522
5464,15762134
5465,15587266
5466,15657637
5467,15642022
5468,15611287
5469,15607526
5470,15710365
5471,15596455
5472,15622478
5473,15687634
5474,15651674
5475,15784700
5476,15583580
5477,15567802
5478,15806256
5479,15612207
5480,15640074
5481,15572547
5482,15646756
5483,15675256
5484,15720644
5485,15565714
5486,15811762
5487,15792151
5488,15801699
5489,15613427
5490,15791216
5491,15812918
5492,15569098
5493,15634968
5494,15641285
5495,15633213
5496,15643770
5497,15625141
5498,15622230
5499,15770995
5500,15784042
5501,15792934
5502,15571689
5503,15752081
5504,15688612
5505,15716619
5506,15575510
5507,15652069
5508,15763148
5509,15585748
5510,15680046
5511,15626985
5512,15741032
5513,15692599
5514,15619608
5515,15731751
5516,15597487
5517,15628558
5518,15788131
5519,15573045
5520,15614049
5521,15741921
5522,15813303
5523,15648136
5524,15786392
5525,15573077
5526,15636023
5527,15709451
5528,15806967
5529,15736228
5530,15763704
5531,15744691
5532,15778526
5533,15640421
5534,15787884
5535,15734058
5536,15720134
5537,15685826
5538,15701280
5539,15579915
5540,15712938
5541,15733973
5542,15648479
5543,15637476
5544,15588587
5545,15748660
5546,15809462
5547,15761497
5548,15569264
5549,15580068
5550,15724161
5551,15662426
5552,15759284
5553,15794137
5554,15809817
5555,15726178
5556,15720814
5557,15704231
5558,15607230
5559,15642997
5560,15592994
5561,15613463
5562,15590623
5563,15746461
5564,15567246
5565,15768124
5566,15797113
5567,15613734
5568,15632118
5569,15765457
5570,15723299
5571,15704819
5572,15730433
5573,15799357
5574,15751445
5575,15654457
5576,15577700
5577,15784445
5578,15800961
5579,15740878
5580,15746012
5581,15607748
5582,15704144
5583,15663883
5584,15674583
5585,15718507
5586,15676958
5587,15688172
5588,15624755
5589,15781702
5590,15670859
5591,15808334
5592,15637428
5593,15580701
5594,15787529
5595,15773868
5596,15572657
5597,15815530
5598,15568006
5599,15632272
5600,15808283
5601,15702912
5602,15678460
5603,15799300
5604,15695499
5605,15580252
5606,15620372
5607,15680685
5608,15698474
5609,15691647
5610,15693200
5611,15625426
5612,15583353
5613,15656188
5614,15699637
5615,15595592
5616,15707602
5617,15739931
5618,15684960
5619,15653547
5620,15733842
5621,15633854
5622,15611669
5623,15735439
5624,15694160
5625,15808674
5626,15737832
5627,15759991
5628,15748625
5629,15659149
5630,15648681
5631,15665861
5632,15620123
5633,15625126
5634,15668283
5635,15721658
5636,15662243
5637,15764405
5638,15641794
5639,15620204
5640,15811327
5641,15777067
5642,15712403
5643,15771750
5644,15625035
5645,15683168
5646,15659325
5647,15572291
5648,15704081
5649,15807709
5650,15575935
5651,15667889
5652,15701555
5653,15666633
5654,15580227
5655,15643908
5656,15744044
5657,15662658
5658,15581237
5659,15708046
5660,15791867
5661,15657540
5662,15604355
5663,15634359
5664,15703778
5665,15767414
5666,15814998
5667,15615126
5668,15589488
5669,15801256
5670,15574137
5671,15599410
5672,15672467
5673,15746805
5674,15648881
5675,15720774
5676,15756150
5677,15759717
5678,15663421
5679,15588186
5680,15592751
5681,15682728
5682,15701352
5683,15706463
5684,15700601
5685,15605020
5686,15731166
5687,15805429
5688,15625080
5689,15604130
5690,15767921
5691,15584477
5692,15748473
5693,15796074
5694,15614491
5695,15639303
5696,15771509
5697,15720820
5698,15612525
5699,15795881
5700,15763327
5701,15737169
5702,15589541
5703,15602456
5704,15662245
5705,15707322
5706,15569248
5707,15723827
5708,15781409
5709,15638803
5710,15647207
5711,15693233
5712,15598802
5713,15693543
5714,15616240
5715,15652289
5716,15574868
5717,15797905
5718,15727811
5719,15727703
5720,15752846
5721,15644833
5722,15729454
5723,15763806
5724,15745355
5725,15627840
5726,15611848
5727,15629985
5728,15762927
5729,15684516
5730,15625632
5731,15711181
5732,15648489
5733,15665783
5734,15695168
5735,15611756
5736,15601589
5737,15744273
5738,15635435
5739,15758939
5740,15746674
5741,15678572
5742,15721582
5743,15655213
5744,15766810
5745,15680303
5746,15758362
5747,15595158
5748,15584271
5749,15783463
5750,15728224
5751,15690620
5752,15813192
5753,15602572
5754,15711254
5755,15652030
5756,15688644
5757,15797760
5758,15625584
5759,15674727
5760,15806709
5761,15642821
5762,15786078
5763,15761023
5764,15636521
5765,15698117
5766,15780804
5767,15699523
5768,15812071
5769,15662291
5770,15569247
5771,15645820
5772,15693817
5773,15616213
5774,15660528
5775,15790564
5776,15789955
5777,15649354
5778,15659677
5779,15690829
5780,15773731
5781,15721793
5782,15803365
5783,15574068
5784,15681928
5785,15623712
5786,15777599
5787,15710689
5788,15567013
5789,15616431
5790,15650575
5791,15727361
5792,15613337
5793,15636330
5794,15795738
5795,15708513
5796,15739248
5797,15679991
5798,15697311
5799,15751227
5800,15582762
5801,15718280
5802,15691396
5803,15771966
5804,15714970
5805,15783865
5806,15808557
5807,15685096
5808,15692631
5809,15588341
5810,15711446
5811,15680517
5812,15784687
5813,15756155
5814,15610753
5815,15712121
5816,15661936
5817,15607269
5818,15632789
5819,15633233
5820,15709741
5821,15729117
5822,15688085
5823,15619087
5824,15798824
5825,15599552
5826,15786717
5827,15799925
5828,15737521
5829,15614962
5830,15624975
5831,15626679
5832,15733964
5833,15721917
5834,15800295
5835,15577831
5836,15814690
5837,15582246
5838,15606274
5839,15794560
5840,15731829
5841,15729515
5842,15664615
5843,15694444
5844,15761453
5845,15773277
5846,15569572
5847,15571121
5848,15649487
5849,15605000
5850,15684196
5851,15766417
5852,15766064
5853,15570990
5854,15799785
5855,15719940
5856,15605036
5857,15735687
5858,15594409
5859,15599004
5860,15801431
5861,15664668
5862,15614936
5863,15582090
5864,15685372
5865,15592716
5866,15672637
5867,15758013
5868,15589563
5869,15688868
5870,15642391
5871,15589969
5872,15793491
5873,15633818
5874,15724423
5875,15701932
5876,15579387
5877,15682084
5878,15617134
5879,15689412
5880,15666884
5881,15711733
5882,15758692
5883,15595047
5884,15814772
5885,15754919
5886,15666096
5887,15771383
5888,15713819
5889,15796496
5890,15632521
5891,15646726
5892,15696744
5893,15714981
5894,15746422
5895,15730353
5896,15793883
5897,15571778
5898,15749964
5899,15653753
5900,15744606
5901,15795488
5902,15706706
5903,15629133
5904,15757473
5905,15651450
5906,15620579
5907,15792250
5908,15812594
5909,15641004
5910,15795737
5911,15591698
5912,15643630
5913,15706268
5914,15669490
5915,15732265
5916,15621974
5917,15617790
5918,15580845
5919,15577170
5920,15627190
5921,15711130
5922,15602282
5923,15689886
5924,15665181
5925,15693877
5926,15620000
5927,15761692
5928,15612095
5929,15750458
5930,15721592
5931,15709653
5932,15755416
5933,15686236
5934,15701908
5935,15723717
5936,15626612
5937,15635097
5938,15631882
5939,15768270
5940,15621457
5941,15619343
5942,15769389
5943,15807120
5944,15613880
5945,15728917
5946,15693996
5947,15665760
5948,15748696
5949,15583480
5950,15732672
5951,15731555
5952,15592773
5953,15773221
5954,15788068
5955,15730360
5956,15571958
5957,15739858
5958,15747323
5959,15763414
5960,15668775
5961,15757933
5962,15726484
5963,15693690
5964,15641413
5965,15758116
5966,15775663
5967,15732281
5968,15671630
5969,15731669
5970,15671514
5971,15738546
5972,15764072
5973,15798256
5974,15683524
5975,15675176
5976,15784000
5977,15671610
5978,15620323
5979,15607395
5980,15700627
5981,15656454
5982,15654300
5983,15624850
5984,15732266
5985,15719265
5986,15708422
5987,15768359
5988,15592028
5989,15752409
5990,15671137
5991,15607629
5992,15726855
5993,15572728
5994,15792064
5995,15683618
5996,15605425
5997,15606472
5998,15749557
5999,15575146
6000,15752694
6001,15582591
6002,15590683
6003,15713483
6004,15598536
6005,15657868
6006,15711287
6007,15752342
6008,15641170
6009,15738150
6010,15692259
6011,15717191
6012,15690452
6013,15781589
6014,15779267
6015,15681887
6016,15740411
6017,15813850
6018,15578603
6019,15615797
6020,15738954
6021,15587174
6022,15722053
6023,15623649
6024,15790254
6025,15761374
6026,15661162
6027,15790596
6028,15639217
6029,15657396
6030,15642619
6031,15678374
6032,15601417
6033,15621435
6034,15716609
6035,15709920
6036,15798895
6037,15739548
6038,15664339
6039,15579808
6040,15764335
6041,15578307
6042,15648461
6043,15622083
6044,15799631
6045,15664001
6046,15707441
6047,15735572
6048,15776128
6049,15605286
6050,15683892
6051,15585734
6052,15644446
6053,15666270
6054,15588928
6055,15587596
6056,15573926
6057,15679075
6058,15633870
6059,15574213
6060,15572777
6061,15786237
6062,15700965
6063,15805162
6064,15710390
6065,15631685
6066,15756481
6067,15775116
6068,15595842
6069,15624323
6070,15773322
6071,15691287
6072,15749119
6073,15618566
6074,15768600
6075,15757628
6076,15713043
6077,15710978
6078,15589428
6079,15697567
6080,15768451
6081,15747542
6082,15624424
6083,15772941
6084,15644934
6085,15788775
6086,15586174
6087,15813412
6088,15729238
6089,15694530
6090,15674922
6091,15579548
6092,15811200
6093,15593636
6094,15619932
6095,15694450
6096,15806132
6097,15578006
6098,15635125
6099,15806403
6100,15813681
6101,15633274
6102,15681509
6103,15625944
6104,15748920
6105,15618245
6106,15586993
6107,15661903
6108,15784890
6109,15659931
6110,15630698
6111,15750671
6112,15599329
6113,15618401
6114,15805260
6115,15664793
6116,15691952
6117,15793585
6118,15613630
6119,15791030
6120,15664802
6121,15811947
6122,15731281
6123,15764226
6124,15693337
6125,15570087
6126,15618410
6127,15679733
6128,15812262
6129,15665629
6130,15625675
6131,15709252
6132,15681220
6133,15744109
6134,15691906
6135,15794187
6136,15740470
6137,15755225
6138,15794266
6139,15738487
6140,15724684
6141,15644103
6142,15813871
6143,15712287
6144,15714883
6145,15785339
6146,15778696
6147,15647453
6148,15758606
6149,15706904
6150,15626322
6151,15572956
6152,15734008
6153,15577359
6154,15591550
6155,15633930
6156,15691723
6157,15651352
6158,15680370
6159,15782181
6160,15718893
6161,15799910
6162,15779207
6163,15725906
6164,15780561
6165,15798385
6166,15702145
6167,15696277
6168,15766659
6169,15623927
6170,15797081
6171,15693322
6172,15767757
6173,15697310
6174,15717935
6175,15779743
6176,15569917
6177,15713774
6178,15612139
6179,15688337
6180,15808760
6181,15703117
6182,15803840
6183,15802390
6184,15724223
6185,15661349
6186,15677796
6187,15783752
6188,15609977
6189,15801152
6190,15643042
6191,15800736
6192,15734461
6193,15567991
6194,15810864
6195,15696373
6196,15745623
6197,15760825
6198,15698271
6199,15696120
6200,15795878
6201,15695078
6202,15777553
6203,15712551
6204,15593959
6205,15621834
6206,15659094
6207,15790267
6208,15708650
6209,15800773
6210,15581295
6211,15581388
6212,15640034
6213,15683118
6214,15708003
6215,15762993
6216,15663964
6217,15634950
6218,15666548
6219,15772148
6220,15697028
6221,15773591
6222,15806230
6223,15625494
6224,15631451
6225,15794414
6226,15742971
6227,15746708
6228,15810167
6229,15566660
6230,15748691
6231,15777896
6232,15631392
6233,15603764
6234,15682955
6235,15757188
6236,15754112
6237,15764343
6238,15812184
6239,15812647
6240,15722350
6241,15654067
6242,15746028
6243,15608541
6244,15585222
6245,15701602
6246,15627517
6247,15686812
6248,15743478
6249,15688963
6250,15803685
6251,15628904
6252,15788723
6253,15690796
6254,15663817
6255,15672246
6256,15651075
6257,15791925
6258,15586970
6259,15710928
6260,15764293
6261,15808960
6262,15707007
6263,15743411
6264,15647292
6265,15811985
6266,15592229
6267,15571221
6268,15726796
6269,15647838
6270,15645184
6271,15606133
6272,15806688
6273,15651093
6274,15620268
6275,15678427
6276,15651554
6277,15750410
6278,15714493
6279,15641934
6280,15627328
6281,15762392
6282,15596575
6283,15794580
6284,15752312
6285,15772337
6286,15717937
6287,15762716
6288,15746970
6289,15681924
6290,15704583
6291,15661626
6292,15800746
6293,15695034
6294,15729435
6295,15565806
6296,15801658
6297,15746341
6298,15749671
6299,15626452
6300,15697035
6301,15724336
6302,15638003
6303,15645404
6304,15788215
6305,15732774
6306,15768219
6307,15699532
6308,15694852
6309,15574558
6310,15681410
6311,15588695
6312,15651983
6313,15566988
6314,15630363
6315,15711219
6316,15602994
6317,15708693
6318,15640917
6319,15720305
6320,15788367
6321,15773869
6322,15673238
6323,15789865
6324,15789014
6325,15693893
6326,15680167
6327,15620735
6328,15645045
6329,15623082
6330,15699294
6331,15696141
6332,15789055
6333,15678412
6334,15732334
6335,15647898
6336,15801788
6337,15609319
6338,15674932
6339,15626212
6340,15632816
6341,15765048
6342,15691061
6343,15800434
6344,15707559
6345,15652789
6346,15773071
6347,15736043
6348,15649112
6349,15648766
6350,15708212
6351,15643359
6352,15611157
6353,15668270
6354,15657529
6355,15593795
6356,15595657
6357,15782641
6358,15698572
6359,15790809
6360,15645316
6361,15645355
6362,15613699
6363,15669204
6364,15663808
6365,15716728
6366,15799859
6367,15781710
6368,15735688
6369,15794204
6370,15813113
6371,15671172
6372,15566563
6373,15592736
6374,15799790
6375,15773751
6376,15806486
6377,15645496
6378,15783030
6379,15724955
6380,15814237
6381,15636454
6382,15636395
6383,15782159
6384,15760851
6385,15689328
6386,15674149
6387,15721251
6388,15628155
6389,15787756
6390,15568487
6391,15661473
6392,15589449
6393,15694641
6394,15789557
6395,15799600
6396,15631739
6397,15652400
6398,15613140
6399,15601387
6400,15593295
6401,15687852
6402,15779414
6403,15576196
6404,15726774
6405,15709917
6406,15748995
6407,15664808
6408,15745433
6409,15735358
6410,15761600
6411,15789753
6412,15719017
6413,15684147
6414,15643392
6415,15642579
6416,15664432
6417,15689152
6418,15647333
6419,15625586
6420,15709232
6421,15623502
6422,15665087
6423,15602979
6424,15607314
6425,15582910
6426,15637235
6427,15639252
6428,15779174
6429,15696301
6430,15691513
6431,15738501
6432,15679429
6433,15635256
6434,15724858
6435,15739292
6436,15619494
6437,15693162
6438,15580719
6439,15740223
6440,15742172
6441,15761053
6442,15687492
6443,15721921
6444,15664897
6445,15734588
6446,15575623
6447,15577402
6448,15617507
6449,15631436
6450,15636541
6451,15750099
6452,15612108
6453,15689517
6454,15582519
6455,15599452
6456,15720687
6457,15657779
6458,15766378
6459,15585853
6460,15572801
6461,15617320
6462,15734970
6463,15641411
6464,15572356
6465,15717290
6466,15611371
6467,15764892
6468,15573284
6469,15724181
6470,15645847
6471,15795151
6472,15785042
6473,15747974
6474,15678725
6475,15787051
6476,15616555
6477,15589496
6478,15705309
6479,15722322
6480,15750755
6481,15623314
6482,15683403
6483,15704771
6484,15693376
6485,15751943
6486,15795540
6487,15639278
6488,15674254
6489,15607690
6490,15740383
6491,15649853
6492,15766458
6493,15604792
6494,15710421
6495,15677804
6496,15700650
6497,15672826
6498,15635364
6499,15715796
6500,15709016
6501,15801072
6502,15628893
6503,15713426
6504,15568885
6505,15607275
6506,15615176
6507,15568915
6508,15707011
6509,15677135
6510,15796957
6511,15688128
6512,15791851
6513,15647385
6514,15749103
6515,15729557
6516,15579566
6517,15605534
6518,15788536
6519,15756610
6520,15667971
6521,15642530
6522,15704284
6523,15741417
6524,15569666
6525,15631070
6526,15571059
6527,15758081
6528,15690007
6529,15690526
6530,15756272
6531,15664270
6532,15573971
6533,15648794
6534,15781598
6535,15567335
6536,15766044
6537,15814846
6538,15588614
6539,15775339
6540,15743570
6541,15701524
6542,15803415
6543,15653937
6544,15780779
6545,15669281
6546,15786469
6547,15643865
6548,15660385
6549,15612478
6550,15665811
6551,15706537
6552,15598892
6553,15759381
6554,15800514
6555,15764073
6556,15713637
6557,15701238
6558,15801630
6559,15792305
6560,15668289
6561,15703979
6562,15600174
6563,15634815
6564,15672798
6565,15695225
6566,15808189
6567,15720725
6568,15624667
6569,15809279
6570,15716926
6571,15690021
6572,15611024
6573,15667321
6574,15786800
6575,15576077
6576,15607065
6577,15761525
6578,15758856
6579,15673599
6580,15603082
6581,15628886
6582,15777045
6583,15710375
6584,15588080
6585,15619537
6586,15637977
6587,15631267
6588,15627630
6589,15571995
6590,15766355
6591,15782404
6592,15670898
6593,15783007
6594,15705034
6595,15569595
6596,15747647
6597,15804131
6598,15626457
6599,15698167
6600,15591123
6601,15603328
6602,15803633
6603,15624596
6604,15578462
6605,15650538
6606,15634501
6607,15611331
6608,15782096
6609,15626898
6610,15748752
6611,15644882
6612,15678720
6613,15749540
6614,15728912
6615,15583221
6616,15710316
6617,15749177
6618,15764021
6619,15730345
6620,15611430
6621,15675794
6622,15794345
6623,15722212
6624,15735106
6625,15779176
6626,15774358
6627,15730418
6628,15772573
6629,15602811
6630,15599090
6631,15749472
6632,15740175
6633,15722611
6634,15706810
6635,15724863
6636,15577806
6637,15640686
6638,15589666
6639,15697948
6640,15620341
6641,15757434
6642,15729083
6643,15605293
6644,15592854
6645,15587584
6646,15635116
6647,15695174
6648,15579040
6649,15779627
6650,15569654
6651,15623220
6652,15806941
6653,15650591
6654,15675431
6655,15590097
6656,15570835
6657,15600692
6658,15694404
6659,15638988
6660,15643916
6661,15778481
6662,15629187
6663,15594450
6664,15780362
6665,15695097
6666,15649121
6667,15593555
6668,15720583
6669,15715744
6670,15792607
6671,15643426
6672,15763683
6673,15732020
6674,15580249
6675,15666163
6676,15662203
6677,15613656
6678,15811588
6679,15577398
6680,15627847
6681,15572038
6682,15605134
6683,15575428
6684,15776545
6685,15675252
6686,15803202
6687,15793343
6688,15673223
6689,15628292
6690,15728082
6691,15649150
6692,15731569
6693,15814940
6694,15585839
6695,15595136
6696,15663168
6697,15709142
6698,15616859
6699,15803908
6700,15654372
6701,15664555
6702,15752507
6703,15756751
6704,15716041
6705,15718454
6706,15702561
6707,15687913
6708,15694349
6709,15743051
6710,15722409
6711,15666166
6712,15599976
6713,15691874
6714,15791991
6715,15773242
6716,15693326
6717,15670866
6718,15716800
6719,15656921
6720,15722765
6721,15679968
6722,15574071
6723,15766166
6724,15802570
6725,15747174
6726,15567328
6727,15587299
6728,15713975
6729,15658768
6730,15649430
6731,15788494
6732,15741865
6733,15657747
6734,15709387
6735,15612633
6736,15752956
6737,15596992
6738,15780677
6739,15654964
6740,15733705
6741,15768137
6742,15648225
6743,15778410
6744,15672299
6745,15670066
6746,15764253
6747,15629475
6748,15707505
6749,15702788
6750,15633640
6751,15775797
6752,15643574
6753,15800620
6754,15812073
6755,15569432
6756,15670163
6757,15757895
6758,15642448
6759,15716236
6760,15654772
6761,15663933
6762,15614834
6763,15657468
6764,15740356
6765,15671351
6766,15622442
6767,15691875
6768,15755978
6769,15751455
6770,15640377
6771,15682489
6772,15771477
6773,15627385
6774,15588019
6775,15659327
6776,15801701
6777,15722072
6778,15735246
6779,15788930
6780,15672983
6781,15770539
6782,15657603
6783,15792029
6784,15584113
6785,15759741
6786,15771580
6787,15729804
6788,15727059
6789,15713347
6790,15589312
6791,15641782
6792,15656029
6793,15719778
6794,15611699
6795,15761720
6796,15657812
6797,15759290
6798,15680430
6799,15802617
6800,15800784
6801,15635034
6802,15706587
6803,15692106
6804,15702434
6805,15574283
6806,15691950
6807,15653347
6808,15679249
6809,15750547
6810,15716328
6811,15636016
6812,15724632
6813,15732643
6814,15809906
6815,15712483
6816,15732430
6817,15621520
6818,15577683
6819,15731755
6820,15637774
6821,15770291
6822,15601012
6823,15618203
6824,15674328
6825,15750811
6826,15597949
6827,15586517
6828,15760514
6829,15702541
6830,15589323
6831,15761717
6832,15574206
6833,15616833
6834,15599024
6835,15804038
6836,15682914
6837,15758831
6838,15627830
6839,15749947
6840,15647111
6841,15599535
6842,15706200
6843,15626243
6844,15706199
6845,15778005
6846,15670103
6847,15711352
6848,15611612
6849,15691871
6850,15740602
6851,15652626
6852,15624423
6853,15593499
6854,15673020
6855,15631359
6856,15802466
6857,15806249
6858,15764105
6859,15698953
6860,15680001
6861,15723658
6862,15692918
6863,15738063
6864,15798709
6865,15797381
6866,15654975
6867,15669219
6868,15658067
6869,15632576
6870,15743709
6871,15613673
6872,15740345
6873,15633181
6874,15640648
6875,15698664
6876,15660871
6877,15675337
6878,15761241
6879,15777616
6880,15697391
6881,15600392
6882,15692416
6883,15691817
6884,15744368
6885,15802368
6886,15662626
6887,15688876
6888,15623219
6889,15690958
6890,15779915
6891,15575498
6892,15743893
6893,15747534
6894,15790204
6895,15614168
6896,15761018
6897,15799480
6898,15739857
6899,15679810
6900,15589725
6901,15603554
6902,15625247
6903,15650751
6904,15581748
6905,15783629
6906,15740442
6907,15657881
6908,15765173
6909,15771742
6910,15738248
6911,15615828
6912,15756871
6913,15720338
6914,15760865
6915,15811970
6916,15800366
6917,15713673
6918,15680112
6919,15686588
6920,15627042
6921,15708162
6922,15626948
6923,15755196
6924,15632472
6925,15732563
6926,15586069
6927,15790324
6928,15633474
6929,15642160
6930,15757559
6931,15661198
6932,15663987
6933,15759966
6934,15676433
6935,15723858
6936,15656471
6937,15692929
6938,15702601
6939,15725767
6940,15672152
6941,15737647
6942,15588904
6943,15714046
6944,15724428
6945,15578799
6946,15737961
6947,15740557
6948,15623744
6949,15742404
6950,15570051
6951,15578435
6952,15615219
6953,15702462
6954,15751628
6955,15624866
6956,15722632
6957,15631406
6958,15802220
6959,15615896
6960,15617419
6961,15814750
6962,15777873
6963,15622461
6964,15811036
6965,15768945
6966,15589572
6967,15656627
6968,15587676
6969,15646764
6970,15617029
6971,15732113
6972,15753462
6973,15670416
6974,15634295
6975,15586039
6976,15803941
6977,15666711
6978,15711921
6979,15650488
6980,15756824
6981,15695339
6982,15689633
6983,15725076
6984,15665802
6985,15679884
6986,15656901
6987,15662091
6988,15711716
6989,15767474
6990,15689492
6991,15585867
6992,15582154
6993,15580682
6994,15654891
6995,15808851
6996,15679738
6997,15752026
6998,15569945
6999,15647008
7000,15646374
7001,15675888
7002,15685245
7003,15701439
7004,15663625
7005,15630910
7006,15660524
7007,15770984
7008,15637118
7009,15804853
7010,15736963
7011,15809227
7012,15607263
7013,15690695
7014,15699467
7015,15621083
7016,15698184
7017,15684348
7018,15699335
7019,15655368
7020,15754526
7021,15799815
7022,15723216
7023,15751412
7024,15635388
7025,15613816
7026,15710012
7027,15669783
7028,15614103
7029,15643826
7030,15719212
7031,15758136
7032,15591512
7033,15769246
7034,15633516
7035,15786463
7036,15766185
7037,15618446
7038,15723856
7039,15697678
7040,15656322
7041,15686463
7042,15789936
7043,15669741
7044,15691457
7045,15668853
7046,15677317
7047,15648933
7048,15809777
7049,15628279
7050,15771857
7051,15683183
7052,15617301
7053,15734626
7054,15771668
7055,15743828
7056,15657535
7057,15774847
7058,15799635
7059,15579714
7060,15685653
7061,15793856
7062,15662736
7063,15739972
7064,15765650
7065,15736717
7066,15570912
7067,15566253
7068,15587573
7069,15637427
7070,15618255
7071,15603135
7072,15784491
7073,15578045
7074,15795936
7075,15610271
7076,15758050
7077,15812040
7078,15601811
7079,15666095
7080,15646490
7081,15774285
7082,15644361
7083,15576990
7084,15707918
7085,15763097
7086,15626383
7087,15774401
7088,15789339
7089,15655171
7090,15733032
7091,15804211
7092,15637646
7093,15699515
7094,15749123
7095,15705313
7096,15645371
7097,15631481
7098,15702377
7099,15596011
7100,15589948
7101,15692110
7102,15783526
7103,15623053
7104,15588419
7105,15651955
7106,15802593
7107,15746065
7108,15766163
7109,15700656
7110,15645904
7111,15716357
7112,15632736
7113,15642726
7114,15700937
7115,15687658
7116,15731865
7117,15666975
7118,15685872
7119,15797751
7120,15574352
7121,15662854
7122,15579212
7123,15791304
7124,15734987
7125,15605916
7126,15677906
7127,15774192
7128,15787322
7129,15697045
7130,15645029
7131,15728963
7132,15790935
7133,15702464
7134,15609735
7135,15646566
7136,15804937
7137,15658670
7138,15715622
7139,15595440
7140,15790658
7141,15744046
7142,15620751
7143,15776985
7144,15611058
7145,15786739
7146,15627377
7147,15652401
7148,15606641
7149,15598157
7150,15591942
7151,15612444
7152,15650086
7153,15785290
7154,15697360
7155,15567893
7156,15600478
7157,15591489
7158,15610002
7159,15751297
7160,15727539
7161,15700946
7162,15622182
7163,15657306
7164,15745452
7165,15573278
7166,15598982
7167,15703167
7168,15705050
7169,15596303
7170,15709135
7171,15664506
7172,15587647
7173,15778694
7174,15593683
7175,15788556
7176,15595153
7177,15713769
7178,15637522
7179,15604093
7180,15752885
7181,15636407
7182,15751549
7183,15567437
7184,15679928
7185,15640580
7186,15672374
7187,15747821
7188,15591985
7189,15580914
7190,15664860
7191,15566633
7192,15785865
7193,15807889
7194,15634373
7195,15713949
7196,15708504
7197,15726960
7198,15792004
7199,15713599
7200,15626135
7201,15574369
7202,15592379
7203,15780056
7204,15781234
7205,15615473
7206,15614740
7207,15711843
7208,15575619
7209,15654577
7210,15809558
7211,15805690
7212,15796790
7213,15655658
7214,15790455
7215,15782875
7216,15582335
7217,15600399
7218,15791988
7219,15596870
7220,15635531
7221,15807167
7222,15722965
7223,15615177
7224,15676571
7225,15628530
7226,15607312
7227,15632050
7228,15668679
7229,15715208
7230,15729201
7231,15762123
7232,15658852
7233,15628697
7234,15605447
7235,15718912
7236,15573599
7237,15774336
7238,15677249
7239,15759067
7240,15767626
7241,15593510
7242,15731586
7243,15793671
7244,15578747
7245,15665088
7246,15654408
7247,15678173
7248,15689288
7249,15741416
7250,15668767
7251,15656351
7252,15813946
7253,15609160
7254,15809847
7255,15705918
7256,15734005
7257,15711251
7258,15765257
7259,15693205
7260,15772482
7261,15640464
7262,15761886
7263,15634936
7264,15575858
7265,15723851
7266,15640846
7267,15586699
7268,15632263
7269,15573888
7270,15618391
7271,15592123
7272,15740072
7273,15722122
7274,15760849
7275,15801169
7276,15775809
7277,15737910
7278,15797960
7279,15636478
7280,15815615
7281,15775703
7282,15623346
7283,15747358
7284,15794468
7285,15672016
7286,15776780
7287,15606397
7288,15606861
7289,15614054
7290,15764537
7291,15625706
7292,15576304
7293,15616221
7294,15803456
7295,15729771
7296,15798429
7297,15677123
7298,15651144
7299,15800412
7300,15607884
7301,15736146
7302,15746995
7303,15653448
7304,15585928
7305,15738148
7306,15735636
7307,15744553
7308,15734610
7309,15611171
7310,15654878
7311,15732704
7312,15764432
7313,15811978
7314,15806027
7315,15717010
7316,15637366
7317,15622527
7318,15729224
7319,15730447
7320,15590966
7321,15696826
7322,15593280
7323,15704651
7324,15574761
7325,15699524
7326,15656426
7327,15766172
7328,15761775
7329,15632125
7330,15597951
7331,15804771
7332,15756333
7333,15724851
7334,15641298
7335,15690772
7336,15649297
7337,15652084
7338,15662238
7339,15783349
7340,15776096
7341,15613189
7342,15595162
7343,15734762
7344,15688760
7345,15655229
7346,15795690
7347,15579616
7348,15790594
7349,15601627
7350,15623668
7351,15672432
7352,15718852
7353,15712287
7354,15738088
7355,15661330
7356,15804862
7357,15667456
7358,15572631
7359,15581197
7360,15700366
7361,15724321
7362,15743759
7363,15687688
7364,15626475
7365,15806134
7366,15572158
7367,15674765
7368,15715047
7369,15617476
7370,15771569
7371,15736299
7372,15761294
7373,15777784
7374,15702337
7375,15759034
7376,15721019
7377,15603436
7378,15665759
7379,15798615
7380,15722583
7381,15696361
7382,15671345
7383,15693637
7384,15678333
7385,15614213
7386,15720203
7387,15724663
7388,15627514
7389,15762605
7390,15679961
7391,15655952
7392,15792473
7393,15581736
7394,15582847
7395,15624744
7396,15686964
7397,15636590
7398,15682048
7399,15607993
7400,15593900
7401,15684211
7402,15726490
7403,15681755
7404,15701074
7405,15727499
7406,15691004
7407,15794159
7408,15594305
7409,15705403
7410,15624343
7411,15615322
7412,15784958
7413,15793046
7414,15675231
7415,15694666
7416,15778142
7417,15789611
7418,15807568
7419,15767264
7420,15588933
7421,15677288
7422,15743817
7423,15606177
7424,15739194
7425,15636767
7426,15766734
7427,15612524
7428,15650432
7429,15744279
7430,15610416
7431,15618774
7432,15661412
7433,15591740
7434,15692137
7435,15604536
7436,15670889
7437,15815443
7438,15749328
7439,15725509
7440,15801821
7441,15761047
7442,15616028
7443,15613886
7444,15577018
7445,15748432
7446,15634628
7447,15602851
7448,15723488
7449,15661433
7450,15636700
7451,15641675
7452,15592578
7453,15716218
7454,15673790
7455,15620111
7456,15622578
7457,15807524
7458,15675380
7459,15736778
7460,15642824
7461,15810418
7462,15654733
7463,15701522
7464,15596649
7465,15736287
7466,15758035
7467,15587419
7468,15783097
7469,15606273
7470,15637138
7471,15611329
7472,15740428
7473,15789158
7474,15748360
7475,15599440
7476,15790630
7477,15686780
7478,15681081
7479,15582325
7480,15764708
7481,15783225
7482,15792916
7483,15737556
7484,15568162
7485,15695197
7486,15705953
7487,15681878
7488,15612667
7489,15781534
7490,15594502
7491,15624641
7492,15801832
7493,15709183
7494,15811026
7495,15688395
7496,15796958
7497,15798424
7498,15766667
7499,15665168
7500,15704581
7501,15643696
7502,15773146
7503,15775318
7504,15750014
7505,15599084
7506,15677739
7507,15768295
7508,15785654
7509,15604891
7510,15703106
7511,15806913
7512,15651868
7513,15803689
7514,15737998
7515,15669957
7516,15767908
7517,15770375
7518,15774104
7519,15656086
7520,15591091
7521,15597930
7522,15694644
7523,15670738
7524,15624451
7525,15742229
7526,15626795
7527,15697460
7528,15793307
7529,15795571
7530,15615254
7531,15688973
7532,15608688
7533,15599152
7534,15691150
7535,15763108
7536,15566790
7537,15772381
7538,15659092
7539,15768282
7540,15675749
7541,15718057
7542,15586585
7543,15632345
7544,15627699
7545,15714485
7546,15780088
7547,15733234
7548,15584037
7549,15713983
7550,15684958
7551,15684722
7552,15693382
7553,15649379
7554,15797787
7555,15754820
7556,15812230
7557,15664311
7558,15757661
7559,15754301
7560,15623202
7561,15799720
7562,15611786
7563,15671104
7564,15754574
7565,15654489
7566,15602405
7567,15780432
7568,15807989
7569,15571571
7570,15598574
7571,15705343
7572,15691011
7573,15614813
7574,15676353
7575,15667460
7576,15612966
7577,15744942
7578,15714087
7579,15750396
7580,15675450
7581,15762793
7582,15682322
7583,15720676
7584,15655298
7585,15572051
7586,15601383
7587,15622729
7588,15692406
7589,15653776
7590,15718216
7591,15698324
7592,15694890
7593,15665374
7594,15756070
7595,15636069
7596,15588854
7597,15588918
7598,15721779
7599,15649793
7600,15796218
7601,15803750
7602,15784180
7603,15804201
7604,15589544
7605,15798200
7606,15596808
7607,15617166
7608,15787255
7609,15770711
7610,15738220
7611,15580487
7612,15670755
7613,15777772
7614,15806081
7615,15567923
7616,15598586
7617,15612594
7618,15584776
7619,15759733
7620,15813718
7621,15765532
7622,15684440
7623,15600934
7624,15642162
7625,15669664
7626,15581968
7627,15610972
7628,15711742
7629,15576550
7630,15660390
7631,15591552
7632,15742607
7633,15715638
7634,15700394
7635,15610042
7636,15597536
7637,15641604
7638,15789582
7639,15705899
7640,15757759
7641,15621611
7642,15668142
7643,15677184
7644,15621546
7645,15573348
7646,15737971
7647,15643121
7648,15592222
7649,15627195
7650,15657957
7651,15690169
7652,15696564
7653,15638257
7654,15578835
7655,15668104
7656,15677141
7657,15723671
7658,15612043
7659,15796910
7660,15641835
7661,15689671
7662,15678497
7663,15701364
7664,15703394
7665,15741275
7666,15719858
7667,15787470
7668,15754649
7669,15702190
7670,15709511
7671,15632503
7672,15614716
7673,15693864
7674,15718921
7675,15707479
7676,15599126
7677,15627365
7678,15681206
7679,15813095
7680,15587240
7681,15748597
7682,15699797
7683,15660768
7684,15756301
7685,15751022
7686,15799186
7687,15707219
7688,15576641
7689,15662884
7690,15668323
7691,15700460
7692,15662751
7693,15567630
7694,15809057
7695,15671591
7696,15692258
7697,15775826
7698,15799966
7699,15658169
7700,15751392
7701,15807269
7702,15799652
7703,15801293
7704,15646535
7705,15748608
7706,15633648
7707,15642515
7708,15650864
7709,15614893
7710,15660417
7711,15797246
7712,15675626
7713,15657830
7714,15733966
7715,15571284
7716,15654673
7717,15652782
7718,15580953
7719,15785559
7720,15614361
7721,15622370
7722,15715184
7723,15781875
7724,15796787
7725,15740406
7726,15734578
7727,15767358
7728,15624820
7729,15801473
7730,15681671
7731,15578375
7732,15710408
7733,15633944
7734,15669411
7735,15765258
7736,15680683
7737,15659100
7738,15796413
7739,15811877
7740,15748231
7741,15790067
7742,15743490
7743,15796015
7744,15651737
7745,15760873
7746,15779586
7747,15590201
7748,15688849
7749,15572398
7750,15656937
7751,15771856
7752,15699839
7753,15594456
7754,15643523
7755,15705663
7756,15587297
7757,15605742
7758,15721507
7759,15610226
7760,15665590
7761,15815552
7762,15797329
7763,15675501
7764,15786196
7765,15719931
7766,15645353
7767,15802741
7768,15809302
7769,15631512
7770,15596647
7771,15742369
7772,15682540
7773,15721207
7774,15708714
7775,15589924
7776,15777452
7777,15773934
7778,15583073
7779,15761168
7780,15743293
7781,15750055
7782,15646558
7783,15657778
7784,15637857
7785,15765846
7786,15715003
7787,15747458
7788,15731330
7789,15658435
7790,15670029
7791,15725679
7792,15765694
7793,15624510
7794,15685564
7795,15676156
7796,15741295
7797,15797627
7798,15604732
7799,15662189
7800,15684318
7801,15584338
7802,15651272
7803,15609823
7804,15591360
7805,15581526
7806,15589401
7807,15609070
7808,15658982
7809,15785831
7810,15570299
7811,15745030
7812,15645571
7813,15651460
7814,15609083
7815,15805676
7816,15723907
7817,15595036
7818,15714575
7819,15696812
7820,15581505
7821,15700083
7822,15675926
7823,15743818
7824,15690332
7825,15638272
7826,15683657
7827,15690540
7828,15608408
7829,15720706
7830,15814923
7831,15602043
7832,15804797
7833,15680901
7834,15780386
7835,15699830
7836,15745794
7837,15753174
7838,15768474
7839,15700263
7840,15754926
7841,15794122
7842,15813659
7843,15715345
7844,15648069
7845,15611318
7846,15654222
7847,15750602
7848,15704987
7849,15627203
7850,15804104
7851,15575691
7852,15607753
7853,15782454
7854,15657284
7855,15567339
7856,15758039
7857,15621818
7858,15601324
7859,15683213
7860,15602909
7861,15589296
7862,15685279
7863,15633729
7864,15707025
7865,15772781
7866,15617482
7867,15634564
7868,15766826
7869,15752139
7870,15776850
7871,15744423
7872,15709447
7873,15724269
7874,15716276
7875,15750549
7876,15795640
7877,15662232
7878,15618703
7879,15809320
7880,15660403
7881,15685019
7882,15663917
7883,15620443
7884,15612358
7885,15672894
7886,15766183
7887,15799494
7888,15775490
7889,15684319
7890,15592230
7891,15638806
7892,15706394
7893,15787229
7894,15652981
7895,15780142
7896,15667451
7897,15677921
7898,15772329
7899,15769005
7900,15676707
7901,15625092
7902,15670374
7903,15671779
7904,15791114
7905,15788224
7906,15712877
7907,15707674
7908,15600086
7909,15616666
7910,15697844
7911,15753337
7912,15803886
7913,15578878
7914,15648876
7915,15666297
7916,15587038
7917,15727197
7918,15641319
7919,15812611
7920,15802106
7921,15649744
7922,15646082
7923,15626042
7924,15658969
7925,15656005
7926,15680804
7927,15565878
7928,15763029
7929,15743149
7930,15669011
7931,15763194
7932,15749951
7933,15791535
7934,15606613
7935,15598894
7936,15568878
7937,15626414
7938,15577988
7939,15808386
7940,15641733
7941,15709474
7942,15781574
7943,15746704
7944,15572050
7945,15591036
7946,15717700
7947,15716431
7948,15702149
7949,15706729
7950,15626008
7951,15641715
7952,15638513
7953,15735837
7954,15684868
7955,15627185
7956,15676909
7957,15665180
7958,15775235
7959,15588839
7960,15621244
7961,15668594
7962,15786539
7963,15616525
7964,15607133
7965,15779985
7966,15724648
7967,15720511
7968,15591047
7969,15724076
7970,15657349
7971,15740458
7972,15785373
7973,15589329
7974,15715709
7975,15594404
7976,15795586
7977,15791944
7978,15652658
7979,15720919
7980,15704315
7981,15593345
7982,15726103
7983,15787196
7984,15752344
7985,15639133
7986,15625759
7987,15603749
7988,15802625
7989,15772650
7990,15636592
7991,15755521
7992,15802869
7993,15808868
7994,15658813
7995,15679048
7996,15632010
7997,15813640
7998,15716491
7999,15814757
8000,15798605
8001,15606158
8002,15803526
8003,15770091
8004,15655082
8005,15794273
8006,15630592
8007,15672397
8008,15599386
8009,15653595
8010,15758477
8011,15583764
8012,15778589
8013,15699225
8014,15767231
8015,15604158
8016,15621063
8017,15604196
8018,15662571
8019,15608381
8020,15589017
8021,15807595
8022,15600832
8023,15774127
8024,15805413
8025,15660679
8026,15600357
8027,15636736
8028,15742848
8029,15619016
8030,15692142
8031,15670552
8032,15618363
8033,15745624
8034,15801417
8035,15702095
8036,15585362
8037,15664849
8038,15586236
8039,15610446
8040,15649536
8041,15756535
8042,15675522
8043,15754012
8044,15729246
8045,15648858
8046,15725036
8047,15682576
8048,15632669
8049,15781553
8050,15797900
8051,15768777
8052,15815316
8053,15730488
8054,15593128
8055,15627854
8056,15609758
8057,15776921
8058,15714431
8059,15618950
8060,15741633
8061,15638329
8062,15585985
8063,15752801
8064,15789563
8065,15791326
8066,15697201
8067,15615352
8068,15793478
8069,15605791
8070,15644796
8071,15815690
8072,15565891
8073,15665695
8074,15647295
8075,15641122
8076,15647965
8077,15781975
8078,15767894
8079,15579109
8080,15735339
8081,15590327
8082,15792726
8083,15737705
8084,15640521
8085,15600734
8086,15790689
8087,15745716
8088,15720529
8089,15664720
8090,15748499
8091,15687540
8092,15732293
8093,15592412
8094,15631871
8095,15589030
8096,15807563
8097,15705009
8098,15591357
8099,15575759
8100,15586310
8101,15585379
8102,15694566
8103,15770631
8104,15663921
8105,15641575
8106,15794101
8107,15616029
8108,15575430
8109,15765518
8110,15628963
8111,15568032
8112,15763579
8113,15673372
8114,15706602
8115,15623525
8116,15711457
8117,15732884
8118,15572361
8119,15768476
8120,15669805
8121,15653784
8122,15588560
8123,15730044
8124,15796336
8125,15677764
8126,15787189
8127,15716501
8128,15784209
8129,15693771
8130,15739123
8131,15648067
8132,15658693
8133,15634245
8134,15707962
8135,15735849
8136,15727605
8137,15645248
8138,15680843
8139,15697042
8140,15813894
8141,15625545
8142,15749807
8143,15800688
8144,15669994
8145,15749528
8146,15784676
8147,15726250
8148,15732791
8149,15659949
8150,15701081
8151,15782089
8152,15660535
8153,15577587
8154,15712930
8155,15700749
8156,15709621
8157,15640922
8158,15782879
8159,15592914
8160,15772892
8161,15694125
8162,15669501
8163,15730441
8164,15681342
8165,15643229
8166,15806808
8167,15783338
8168,
8169,15662488
8170,15728564
8171,15583067
8172,15686461
8173,15585892
8174,15717736
8175,15793331
8176,15668894
8177,15641860
8178,15605215
8179,15801915
8180,15794941
8181,15686670
8182,15649060
8183,15569878
8184,15584704
8185,15791342
8186,15639530
8187,15758048
8188,15775625
8189,15656822
8190,15609998
8191,15692408
8192,15654096
8193,15680727
8194,15706534
8195,15803005
8196,15635244
8197,15662337
8198,15643635
8199,15682021
8200,15783882
8201,15683053
8202,15725028
8203,15571193
8204,15631721
8205,15801994
8206,15680597
8207,15785490
8208,15689268
8209,15719991
8210,15578865
8211,15719624
8212,15726676
8213,15727138
8214,15645200
8215,15678206
8216,15605037
8217,15731989
8218,15790282
8219,15570947
8220,15735346
8221,15798053
8222,15778345
8223,15595350
8224,15577313
8225,15656912
8226,15705281
8227,15621440
8228,15690337
8229,15651315
8230,15809872
8231,15757607
8232,15768471
8233,15586479
8234,15770255
8235,15658432
8236,15701605
8237,15666332
8238,15593178
8239,15669491
8240,15808023
8241,15771728
8242,15650026
8243,15661945
8244,15600027
8245,15672115
8246,15742116
8247,15686696
8248,15698872
8249,15633227
8250,15708610
8251,15615004
8252,15731543
8253,15666295
8254,15658589
8255,15646262
8256,15713250
8257,15642934
8258,15592025
8259,15721462
8260,15744041
8261,15808780
8262,15592531
8263,15677908
8264,15812607
8265,15732061
8266,15809654
8267,15621093
8268,15582033
8269,15751137
8270,15584518
8271,15678779
8272,15722535
8273,15608338
8274,15782758
8275,15604482
8276,15607746
8277,15759184
8278,15737489
8279,15793455
8280,15571415
8281,15672499
8282,15781451
8283,15776939
8284,15672516
8285,15776051
8286,15789201
8287,15606097
8288,15615832
8289,15746035
8290,15622658
8291,15635598
8292,15658980
8293,15607877
8294,15785350
8295,15568025
8296,15636089
8297,15613923
8298,15772341
8299,15725945
8300,15648951
8301,15801441
8302,15700752
8303,15769522
8304,15633608
8305,15632826
8306,15656592
8307,15719377
8308,15674368
8309,15787155
8310,15783477
8311,15704509
8312,15737778
8313,15569764
8314,15586183
8315,15731781
8316,15779913
8317,15798834
8318,15649024
8319,15588372
8320,15659937
8321,15677955
8322,15746258
8323,15600974
8324,15579787
8325,15798532
8326,15783398
8327,15596713
8328,15686835
8329,15602812
8330,15631693
8331,15736126
8332,15698703
8333,15784286
8334,15738497
8335,15814430
8336,15721426
8337,15800806
8338,15744873
8339,15651883
8340,15568904
8341,15592326
8342,15768746
8343,15763898
8344,15595609
8345,15677387
8346,15591248
8347,15647191
8348,15706131
8349,15806570
8350,15645059
8351,15666652
8352,15723620
8353,15566380
8354,15793424
8355,15788686
8356,15714680
8357,15605276
8358,15646521
8359,15684951
8360,15771059
8361,15810864
8362,15692430
8363,15662501
8364,15715519
8365,15783276
8366,15690731
8367,15774164
8368,15774393
8369,15586680
8370,15622774
8371,15707696
8372,15740846
8373,15648075
8374,15790659
8375,15750803
8376,15669253
8377,15767804
8378,15609913
8379,15600912
8380,15793366
8381,15624595
8382,15664737
8383,15752186
8384,15621004
8385,15783522
8386,15619935
8387,15788920
8388,15717307
8389,15723318
8390,15626012
8391,15725166
8392,15618437
8393,15621644
8394,15601410
8395,15802560
8396,15592583
8397,15737404
8398,15755239
8399,15592451
8400,15598162
8401,15593425
8402,15769191
8403,15709136
8404,15806318
8405,15647974
8406,15755649
8407,15667462
8408,15692207
8409,15733138
8410,15797194
8411,15691840
8412,15808526
8413,15626628
8414,15723950
8415,15681126
8416,15727619
8417,15687558
8418,15656330
8419,15800068
8420,15579131
8421,15572294
8422,15652320
8423,15684934
8424,15572408
8425,15593834
8426,15709478
8427,15713632
8428,15684296
8429,15702806
8430,15598338
8431,15776725
8432,15689786
8433,15812888
8434,15567725
8435,15648047
8436,15584453
8437,15725882
8438,15625819
8439,15667934
8440,15600173
8441,15570271
8442,15582149
8443,15802483
8444,15654870
8445,15734202
8446,15628824
8447,15702919
8448,15629750
8449,15569624
8450,15616451
8451,15705739
8452,15709643
8453,15616122
8454,15671334
8455,15685476
8456,15815070
8457,15772996
8458,15728906
8459,15750574
8460,15641389
8461,15568849
8462,15735782
8463,15775131
8464,15570895
8465,15653147
8466,15682211
8467,15603565
8468,15793803
8469,15711028
8470,15758750
8471,15742824
8472,15806546
8473,15793324
8474,15654229
8475,15694039
8476,15680197
8477,15684592
8478,15762588
8479,15628298
8480,15768455
8481,15706464
8482,15582892
8483,15765300
8484,15571529
8485,15656683
8486,15637753
8487,15702715
8488,15755642
8489,15668629
8490,15598097
8491,15729065
8492,15580623
8493,15583724
8494,15632275
8495,15786454
8496,15712596
8497,15644977
8498,15753840
8499,15722004
8500,15596493
8501,15770121
8502,15659694
8503,15617991
8504,15773972
8505,15666055
8506,15807107
8507,15566312
8508,15814519
8509,15573798
8510,15762455
8511,15599272
8512,15678910
8513,15584967
8514,15583392
8515,15726289
8516,15571816
8517,15751131
8518,15798084
8519,15616365
8520,15657809
8521,15709604
8522,15712068
8523,15620836
8524,15680895
8525,15682757
8526,15659031
8527,15775192
8528,15655464
8529,15623072
8530,15749519
8531,15789313
8532,15596339
8533,15769516
8534,15729377
8535,15747927
8536,15649183
8537,15598521
8538,15681075
8539,15656707
8540,15717643
8541,15588517
8542,15608328
8543,15737542
8544,15627002
8545,15697249
8546,15663888
8547,15601030
8548,15678067
8549,15728669
8550,15700801
8551,15598493
8552,15594436
8553,15802071
8554,15634772
8555,15803078
8556,15610936
8557,15645815
8558,15674620
8559,15742297
8560,15587835
8561,15800482
8562,15739438
8563,15797160
8564,15722083
8565,15797475
8566,15705352
8567,15728683
8568,15758252
8569,15656484
8570,15632280
8571,15650437
8572,15640133
8573,15576680
8574,15752193
8575,15778515
8576,15665177
8577,15642098
8578,15715117
8579,15730272
8580,15775206
8581,15800805
8582,15658987
8583,15592461
8584,15717231
8585,15784161
8586,15732943
8587,15791769
8588,15762277
8589,15782736
8590,15703763
8591,15779886
8592,15677371
8593,15569249
8594,15788022
8595,15746333
8596,15639117
8597,15749669
8598,15779492
8599,15675518
8600,15587311
8601,15805212
8602,15651900
8603,15705301
8604,15809736
8605,15608109
8606,15661591
8607,15568240
8608,15684419
8609,15676645
8610,15706365
8611,15693737
8612,15702030
8613,15641158
8614,15810711
8615,15785542
8616,15688691
8617,15602500
8618,15680736
8619,15632185
8620,15771299
8621,15794849
8622,15712807
8623,15751771
8624,15729110
8625,15602479
8626,15575486
8627,15731744
8628,15656249
8629,15646190
8630,15700826
8631,15665283
8632,15785367
8633,15594340
8634,15749688
8635,15775108
8636,15805565
8637,15575399
8638,15643158
8639,15615670
8640,15662021
8641,15570141
8642,15694272
8643,15754578
8644,15730810
8645,15612670
8646,15573851
8647,15638068
8648,15572415
8649,15755731
8650,15596863
8651,15694098
8652,15752622
8653,15583755
8654,15665378
8655,15778934
8656,15723818
8657,15812920
8658,15687527
8659,15685500
8660,15652835
8661,15566894
8662,15740160
8663,15735078
8664,15713578
8665,15665014
8666,15808566
8667,15711977
8668,15753837
8669,15625929
8670,15786215
8671,15704014
8672,15687162
8673,15791958
8674,15577515
8675,15689602
8676,15610105
8677,15586504
8678,15577423
8679,15720187
8680,15723400
8681,15586674
8682,15707567
8683,15637947
8684,15594515
8685,15661528
8686,15684395
8687,15698792
8688,15708196
8689,15582116
8690,15679966
8691,15633922
8692,15665053
8693,15676810
8694,15769959
8695,15659105
8696,15667632
8697,15757467
8698,15636626
8699,15744983
8700,15778089
8701,15591010
8702,15747757
8703,15806796
8704,15606554
8705,15590637
8706,15767339
8707,15713770
8708,15690546
8709,15585580
8710,15594039
8711,15622305
8712,15568088
8713,15717046
8714,15702571
8715,15570601
8716,15764351
8717,15780215
8718,15722533
8719,15623210
8720,15640667
8721,15649239
8722,15717065
8723,15793311
8724,15781987
8725,15594349
8726,15797919
8727,15783026
8728,15714874
8729,15748352
8730,15734649
8731,15806049
8732,15746737
8733,15599792
8734,15576935
8735,15671987
8736,15641595
8737,15782468
8738,15711759
8739,15642996
8740,15589975
8741,15683363
8742,15664752
8743,15615477
8744,15753719
8745,15780966
8746,15788442
8747,15611973
8748,15575679
8749,15718843
8750,15640852
8751,15614635
8752,15602030
8753,15798885
8754,15608209
8755,15625905
8756,15809515
8757,15798348
8758,15770548
8759,15622289
8760,15806822
8761,15722010
8762,15741719
8763,15753955
8764,15646563
8765,15721569
8766,15594685
8767,15736510
8768,15775678
8769,15671534
8770,15606232
8771,15661249
8772,15777217
8773,15673693
8774,15665129
8775,15754494
8776,15805261
8777,15703544
8778,15679551
8779,15674573
8780,15675963
8781,15719302
8782,15566378
8783,15611365
8784,15623858
8785,15755138
8786,15813283
8787,15797165
8788,15736656
8789,15710087
8790,15636548
8791,15703177
8792,15584897
8793,15790744
8794,15585777
8795,15803538
8796,15642345
8797,15802274
8798,15679743
8799,15576111
8800,15702801
8801,15704466
8802,15718572
8803,15687171
8804,15757617
8805,15627876
8806,15650424
8807,15767064
8808,15773876
8809,15618243
8810,15806389
8811,15764444
8812,15677310
8813,15684469
8814,15764841
8815,15595713
8816,15796813
8817,15698285
8818,15742009
8819,15603035
8820,15605341
8821,15592387
8822,15653521
8823,15770406
8824,15786680
8825,15644849
8826,15708193
8827,15649508
8828,15669946
8829,15611409
8830,15720110
8831,15686611
8832,15798943
8833,15643794
8834,15631639
8835,15701537
8836,15665579
8837,15804864
8838,15743760
8839,15778192
8840,15584156
8841,15773949
8842,15730657
8843,15730830
8844,15674541
8845,15792107
8846,15691823
8847,15801296
8848,15593283
8849,15713845
8850,15658240
8851,15776743
8852,15620832
8853,15743153
8854,15771222
8855,15646817
8856,15723872
8857,15790247
8858,15618936
8859,15700325
8860,15692226
8861,15738884
8862,15637690
8863,15688563
8864,15687363
8865,15741988
8866,15639662
8867,15618750
8868,15804150
8869,15670822
8870,15750447
8871,15670266
8872,15689322
8873,15743456
8874,15638871
8875,15810978
8876,15647306
8877,15749365
8878,15784218
8879,15728838
8880,15636820
8881,15677828
8882,15603065
8883,15623630
8884,15629244
8885,15636444
8886,15686974
8887,15708917
8888,15748616
8889,15814405
8890,15730793
8891,15625445
8892,15801462
8893,15771409
8894,15603794
8895,15809509
8896,15595426
8897,15704378
8898,15614215
8899,15596013
8900,15736078
8901,15594270
8902,15620750
8903,15694321
8904,15658577
8905,15769402
8906,15766288
8907,15746490
8908,15727556
8909,15709441
8910,15668057
8911,15745083
8912,15604813
8913,15645600
8914,15739476
8915,15591344
8916,15810807
8917,15688071
8918,15659098
8919,15733387
8920,15714227
8921,15804142
8922,15656286
8923,15708867
8924,15608956
8925,15579526
8926,15797065
8927,15680421
8928,15761076
8929,15679622
8930,15760085
8931,15575060
8932,15793890
8933,15690175
8934,15782364
8935,15601857
8936,15596972
8937,15780628
8938,15638607
8939,15649086
8940,15734659
8941,15733872
8942,15579891
8943,15661821
8944,15632324
8945,15642870
8946,15624528
8947,15625761
8948,15801942
8949,15617331
8950,15782121
8951,15710743
8952,15752857
8953,15609899
8954,15656597
8955,15570970
8956,15804950
8957,15737385
8958,15636423
8959,15753079
8960,15596761
8961,15658486
8962,15750156
8963,15720050
8964,15737047
8965,15803654
8966,15641091
8967,15620988
8968,15769829
8969,15601045
8970,15746986
8971,15679693
8972,15607509
8973,15773804
8974,15715512
8975,15808044
8976,15809616
8977,15715643
8978,15665158
8979,15655859
8980,15679663
8981,15711602
8982,15693704
8983,15803352
8984,15683124
8985,15647570
8986,15784594
8987,15747878
8988,15652955
8989,15674720
8990,15568164
8991,15670492
8992,15622631
8993,15756655
8994,15605926
8995,15780220
8996,15656522
8997,15734365
8998,15766649
8999,15750441
9000,15781914
9001,15589949
9002,15595537
9003,15661827
9004,15795429
9005,15787655
9006,15616530
9007,15617454
9008,15668958
9009,15600792
9010,15580805
9011,15754569
9012,15756918
9013,15782608
9014,15794875
9015,15576774
9016,15669611
9017,15744979
9018,15714062
9019,15722902
9020,15578098
9021,15603096
9022,15677336
9023,15794323
9024,15810775
9025,15581479
9026,15793116
9027,15744517
9028,15805463
9029,15775886
9030,15793693
9031,15594408
9032,15608226
9033,15699415
9034,15630466
9035,15590146
9036,15666453
9037,15771442
9038,15800062
9039,15617206
9040,15677243
9041,15806929
9042,15738588
9043,15743871
9044,15635500
9045,15754177
9046,15589793
9047,15650454
9048,15692317
9049,15769451
9050,15654901
9051,15623828
9052,15738889
9053,15759618
9054,15568562
9055,15628272
9056,15658364
9057,15583548
9058,15584749
9059,15597610
9060,15711571
9061,15651533
9062,15745250
9063,15632575
9064,15569867
9065,15697801
9066,15631162
9067,15677087
9068,15599182
9069,15791700
9070,15681115
9071,15791877
9072,15629002
9073,15593454
9074,15783875
9075,15600975
9076,15632848
9077,15711750
9078,15605279
9079,15673481
9080,15631756
9081,15588566
9082,15680643
9083,15771997
9084,15761158
9085,15649033
9086,15575581
9087,15752731
9088,15601659
9089,15770435
9090,15677052
9091,15790093
9092,15700813
9093,15735025
9094,15752588
9095,15734737
9096,15665222
9097,15595874
9098,15639882
9099,15687828
9100,15803965
9101,15637324
9102,15715750
9103,15757385
9104,15659710
9105,15735909
9106,15718780
9107,15815040
9108,15632143
9109,15765287
9110,15804602
9111,15706593
9112,15668081
9113,15627484
9114,15628008
9115,15768566
9116,15761554
9117,15625964
9118,15582714
9119,15646720
9120,15681007
9121,15627971
9122,15703059
9123,15701037
9124,15578156
9125,15699284
9126,15733111
9127,15727490
9128,15773421
9129,15813159
9130,15776558
9131,15743498
9132,15704168
9133,15704442
9134,15584090
9135,15772421
9136,15631310
9137,15634551
9138,15680752
9139,15674179
9140,15606076
9141,15805884
9142,15745266
9143,15800524
9144,15752300
9145,15741652
9146,15654074
9147,15748882
9148,15668235
9149,15755223
9150,15728012
9151,15719479
9152,15702277
9153,15574142
9154,15790810
9155,15777459
9156,15718071
9157,15589019
9158,15637829
9159,15784597
9160,15711572
9161,15776629
9162,15783615
9163,15772503
9164,15803378
9165,15571476
9166,15710111
9167,15574169
9168,15777060
9169,15758702
9170,15643903
9171,15768682
9172,15789714
9173,15686242
9174,15696834
9175,15815125
9176,15801411
9177,15775905
9178,15617348
9179,15679307
9180,15796569
9181,15673333
9182,15734177
9183,15609187
9184,15667932
9185,15797710
9186,15724838
9187,15632967
9188,15594864
9189,15707637
9190,15785358
9191,15575438
9192,15786993
9193,15749482
9194,15629545
9195,15570073
9196,15576526
9197,15787318
9198,15674928
9199,15602354
9200,15725794
9201,15590676
9202,15811690
9203,15659567
9204,15768574
9205,15627439
9206,15722731
9207,15619699
9208,15616172
9209,15674880
9210,15800233
9211,15654495
9212,15803406
9213,15684011
9214,15795186
9215,15728005
9216,15646859
9217,15716984
9218,15624611
9219,15761286
9220,15629511
9221,15719541
9222,15813132
9223,15621423
9224,15717770
9225,15788480
9226,15754747
9227,15636860
9228,15713559
9229,15567839
9230,15643658
9231,15761733
9232,15806407
9233,15574480
9234,15682839
9235,15586752
9236,15808971
9237,15671322
9238,15759915
9239,15781127
9240,15630511
9241,15723299
9242,15672053
9243,15651823
9244,15590349
9245,15705994
9246,15600280
9247,15695299
9248,15731951
9249,15679145
9250,15813974
9251,15728773
9252,15741643
9253,15778915
9254,15579777
9255,15718531
9256,15613786
9257,15684801
9258,15774551
9259,15799358
9260,15687752
9261,15808662
9262,15766289
9263,15658668
9264,15570002
9265,15702442
9266,15615444
9267,15647572
9268,15761487
9269,15651958
9270,15814236
9271,15800583
9272,15645323
9273,15584363
9274,15775912
9275,15572360
9276,15766017
9277,15652700
9278,15585287
9279,15570414
9280,15747762
9281,15763274
9282,15674671
9283,15776947
9284,15736327
9285,15635141
9286,15715510
9287,15767821
9288,15584620
9289,15765375
9290,15734892
9291,15653849
9292,15788448
9293,15599591
9294,15787602
9295,15704209
9296,15767818
9297,15796111
9298,15793723
9299,15723786
9300,15751524
9301,15738907
9302,15797293
9303,15624388
9304,15812241
9305,15605698
9306,15705777
9307,15706185
9308,15810878
9309,15584928
9310,15701412
9311,15637650
9312,15647259
9313,15619653
9314,15797665
9315,15745307
9316,15592761
9317,15811343
9318,15779103
9319,15780498
9320,15588580
9321,15815259
9322,15690079
9323,15663161
9324,15568742
9325,15764491
9326,15701555
9327,15596405
9328,15577905
9329,15607485
9330,15792627
9331,15601351
9332,15807909
9333,15579287
9334,15769586
9335,15789371
9336,15812706
9337,15686885
9338,15799653
9339,15806455
9340,15648489
9341,15603481
9342,15722246
9343,15592389
9344,15663134
9345,15581871
9346,15580146
9347,15650889
9348,15630704
9349,15681274
9350,15656176
9351,15810834
9352,15587394
9353,15703037
9354,15601116
9355,15602845
9356,15801218
9357,15572022
9358,15574830
9359,15791321
9360,15625716
9361,15661670
9362,15763874
9363,15642336
9364,15707861
9365,15766609
9366,15617065
9367,15619087
9368,15612350
9369,15673877
9370,15611759
9371,15738936
9372,15580912
9373,15799128
9374,15732621
9375,15652169
9376,15619898
9377,15711635
9378,15609176
9379,15689341
9380,15796764
9381,15725772
9382,15812616
9383,15583725
9384,15632538
9385,15777179
9386,15784844
9387,15590286
9388,15570533
9389,15759436
9390,15615430
9391,15635367
9392,15727819
9393,15807555
9394,15565996
9395,15589200
9396,15625713
9397,15585388
9398,15602280
9399,15760749
9400,15621768
9401,15797822
9402,15651627
9403,15624592
9404,15725311
9405,15700696
9406,15702293
9407,15594576
9408,15615820
9409,15670646
9410,15774510
9411,15790448
9412,15803976
9413,15659002
9414,15734948
9415,15602797
9416,15774402
9417,15694859
9418,15815095
9419,15773469
9420,15650322
9421,15730590
9422,15756954
9423,15600720
9424,15652914
9425,15785326
9426,15636673
9427,15735878
9428,15616630
9429,15636551
9430,15802009
9431,
9432,15591035
9433,15571302
9434,15572174
9435,15566030
9436,15705458
9437,15621195
9438,15746726
9439,15577913
9440,15661275
9441,15609254
9442,15614847
9443,15778049
9444,15605130
9445,15659656
9446,15700549
9447,15694143
9448,15811742
9449,15654379
9450,15811032
9451,15672574
9452,15802909
9453,15755178
9454,15740868
9455,15791191
9456,15664907
9457,15580366
9458,15707242
9459,15662574
9460,15661034
9461,15587712
9462,15698816
9463,15659355
9464,15733964
9465,15703354
9466,15733888
9467,15669262
9468,15605804
9469,15755241
9470,15664610
9471,15808544
9472,15585215
9473,15617052
9474,15809909
9475,15576000
9476,15784042
9477,15648030
9478,15617197
9479,15587611
9480,15639552
9481,15641773
9482,15770567
9483,15596088
9484,15796838
9485,15574795
9486,15597602
9487,15786170
9488,15674156
9489,15591995
9490,15777826
9491,15663164
9492,15746515
9493,15654274
9494,15614049
9495,15628715
9496,15694506
9497,15789095
9498,15682467
9499,15573242
9500,15758116
9501,15732903
9502,15688074
9503,15720071
9504,15723437
9505,15756148
9506,15693904
9507,15815420
9508,15614520
9509,15655232
9510,15598259
9511,15623966
9512,15750778
9513,15569452
9514,15571281
9515,15736112
9516,15715988
9517,15595991
9518,15686302
9519,15790322
9520,15751208
9521,15623063
9522,15673820
9523,15574910
9524,15768163
9525,15569626
9526,15633378
9527,15782688
9528,15602934
9529,15721047
9530,15797733
9531,15766137
9532,15785167
9533,15690456
9534,15720155
9535,15573280
9536,15791040
9537,15620507
9538,15766427
9539,15595447
9540,15593943
9541,15609637
9542,15706036
9543,15589221
9544,15693764
9545,15618816
9546,15611186
9547,15598782
9548,15768293
9549,15613172
9550,15688865
9551,15763544
9552,15648367
9553,15594556
9554,15667002
9555,15611088
9556,15798844
9557,15762134
9558,15648455
9559,15650924
9560,15717629
9561,15725737
9562,15716822
9563,15736399
9564,15583394
9565,15710825
9566,15706764
9567,15803801
9568,15688059
9569,15576352
9570,15712777
9571,15743076
9572,15738751
9573,15576368
9574,15690670
9575,15595592
9576,15623972
9577,15745826
9578,15689955
9579,15644400
9580,15624471
9581,15565879
9582,15785488
9583,15637476
9584,15715414
9585,15754342
9586,15679668
9587,15573318
9588,15603221
9589,15664681
9590,15625824
9591,15591135
9592,15569430
9593,15794178
9594,15624374
9595,15765643
9596,15798888
9597,15589361
9598,15709256
9599,15594928
9600,15763097
9601,15575935
9602,15653275
9603,15642636
9604,15770039
9605,15686963
9606,15766047
9607,15722548
9608,15749851
9609,15625426
9610,15719898
9611,15576623
9612,15584899
9613,15807294
9614,15626578
9615,15740043
9616,15799924
9617,15653253
9618,15704788
9619,15810995
9620,15655774
9621,15568506
9622,15766787
9623,15599074
9624,15808175
9625,15641822
9626,15605455
9627,15683007
9628,15807163
9629,15757865
9630,15759298
9631,15809309
9632,15752081
9633,15731148
9634,15696989
9635,15646969
9636,15814033
9637,15653620
9638,15732644
9639,15737414
9640,15610912
9641,15766066
9642,15807709
9643,15653547
9644,15572428
9645,15687765
9646,15810839
9647,15705676
9648,15622897
9649,15786063
9650,15707473
9651,15738835
9652,15749905
9653,15585888
9654,15699637
9655,15810347
9656,15597709
9657,15795564
9658,15701687
9659,15603880
9660,15691543
9661,15814116
9662,15739271
9663,15780804
9664,15790489
9665,15745827
9666,15619083
9667,15784918
9668,15721658
9669,15603203
9670,15777994
9671,15813645
9672,15811389
9673,15724691
9674,15806918
9675,15659064
9676,15748625
9677,15710671
9678,15742126
9679,15794048
9680,15636353
9681,15709199
9682,15756804
9683,15741180
9684,15649292
9685,15677550
9686,15567860
9687,15690898
9688,15737071
9689,15699523
9690,15809663
9691,15631063
9692,15651336
9693,15803121
9694,15636562
9695,15687153
9696,15590234
9697,15780805
9698,15607112
9699,15608595
9700,15567778
9701,15686957
9702,15746199
9703,15708713
9704,15583076
9705,15796230
9706,15785406
9707,15805429
9708,15737909
9709,15578648
9710,15704340
9711,15767129
9712,15808849
9713,15589493
9714,15806420
9715,15655252
9716,15677112
9717,15810660
9718,15666430
9719,15666633
9720,15609987
9721,15745605
9722,15638788
9723,15768763
9724,15672237
9725,15591428
9726,15792388
9727,15688210
9728,15706647
9729,15723013
9730,15701768
9731,15773639
9732,15703541
9733,15612832
9734,15669410
9735,15639265
9736,15614923
9737,15801414
9738,15784526
9739,15735799
9740,15807433
9741,15629299
9742,15659962
9743,15768495
9744,15655389
9745,15722991
9746,15642833
9747,15751912
9748,15812351
9749,15609643
9750,15799468
9751,15726466
9752,15596797
9753,15745295
9754,15770543
9755,15568573
9756,15706232
9757,15620204
9758,15752626
9759,15765461
9760,15738181
9761,15737051
9762,15751710
9763,15764314
9764,15652048
9765,15810227
9766,15738224
9767,15774262
9768,15599403
9769,15713843
9770,15620981
9771,15572390
9772,15584271
9773,15735221
9774,15704795
9775,15597591
9776,15655410
9777,15612525
9778,15588406
9779,15785920
9780,15641175
9781,15695103
9782,15668943
9783,15711299
9784,15725478
9785,15593501
9786,15630328
9787,15772528
9788,15589488
9789,15638047
9790,15775663
9791,15789955
9792,15650575
9793,15807194
9794,15690733
9795,15687329
9796,15610147
9797,15581626
9798,15809999
9799,15700300
9800,15603741
9801,15751180
9802,15797197
9803,15571756
9804,15689526
9805,15792720
9806,15723153
9807,15719606
9808,15574068
9809,15725094
9810,15732266
9811,15591969
9812,15613854
9813,15766683
9814,15583371
9815,15787168
9816,15585855
9817,15805955
9818,15680920
9819,15575243
9820,15731412
9821,15603925
9822,15753092
9823,15600510
9824,15620936
9825,15667215
9826,15583736
9827,15597309
9828,15604146
9829,15618155
9830,15773338
9831,15586029
9832,15669887
9833,15719649
9834,15710164
9835,15601589
9836,15733361
9837,15728608
9838,15799515
9839,15716082
9840,15804064
9841,15692664
9842,15566735
9843,15815271
9844,15676526
9845,15623369
9846,15772383
9847,15711489
9848,15680399
9849,15680303
9850,15753550
9851,15584288
9852,15640407
9853,15725511
9854,15756625
9855,15629846
9856,15654625
9857,15691703
9858,15569247
9859,15768342
9860,15644280
9861,15700511
9862,15579969
9863,15801277
9864,15691483
9865,15617603
9866,15760988
9867,15796071
9868,15662291
9869,15651264
9870,15778149
9871,15633525
9872,15754443
9873,15653455
9874,15585192
9875,15663263
9876,15713354
9877,15642001
9878,15646632
9879,15697311
9880,15633233
9881,15729087
9882,15694237
9883,15740237
9884,15748532
9885,15597914
9886,15597945
9887,15723873
9888,15803337
9889,15696539
9890,15807728
9891,15785385
9892,15649359
9893,15619343
9894,15586557
9895,15794560
9896,15803365
9897,15683339
9898,15754849
9899,15640266
9900,15662085
9901,15792064
9902,15751167
9903,15655961
9904,15765014
9905,15764153
9906,15589739
9907,15770474
9908,15738191
9909,15714260
9910,15637891
9911,15739858
9912,15629793
9913,15795759
9914,15663706
9915,15703682
9916,15660101
9917,15741078
9918,15744913
9919,15723884
9920,15599195
9921,15619529
9922,15568819
9923,15624391
9924,15568469
9925,15785705
9926,15794056
9927,15733460
9928,15750545
9929,15727251
9930,15604138
9931,15568238
9932,15640442
9933,15793197
9934,15624729
9935,15619972
9936,15586993
9937,15620577
9938,15771054
9939,15794413
9940,15583552
9941,15807473
9942,15650237
9943,15737452
9944,15718667
9945,15723989
9946,15722037
9947,15691504
9948,15603247
9949,15784099
9950,15688264
9951,15795527
9952,15691792
9953,15699238
9954,15755863
9955,15616168
9956,15748986
9957,15751084
9958,15645569
9959,15701738
9960,15742809
9961,15661830
9962,15772995
9963,15617486
9964,15684196
9965,15645544
9966,15608701
9967,15732660
9968,15703793
9969,15679029
9970,15793949
9971,15793825
9972,15571778
9973,15701885
9974,15737194
9975,15805260
9976,15810716
9977,15644878
9978,15737814
9979,15650068
9980,15605673
9981,15623102
9982,15569274
9983,15643630
9984,15664001
9985,15633930
9986,15681554
9987,15711386
9988,15650933
9989,15668889
9990,15570908
9991,15810723
9992,15574213
9993,15626608
9994,15590888
9995,15706557
9996,15774931
9997,15814040
9998,15660475
9999,15673591
10000,15752388
10001,15611947
10002,15662263
10003,15651943
10004,15589869
10005,15722692
10006,15701936
10007,15793425
10008,15648638
10009,15660271
10010,15626143
10011,15706637
10012,15792077
10013,15596914
10014,15629273
10015,15799435
10016,15780256
10017,15602994
10018,15605286
10019,15698732
10020,15592386
10021,15765345
10022,15790717
10023,15737792
10024,15654506
10025,15783865
10026,15603942
10027,15587978
10028,15812338
10029,15665524
10030,15800049
10031,15807239
10032,15692291
10033,15634591
10034,15721024
10035,15702741
10036,15760924
10037,15719508
10038,15810593
10039,15750104
10040,15762762
10041,15629128
10042,15728823
10043,15582591
10044,15754713
10045,15724719
10046,15707114
10047,15756321
10048,15717560
10049,15752915
10050,15806880
10051,15777553
10052,15676521
10053,15588090
10054,15672027
10055,15616811
10056,15782210
10057,15751177
10058,15797910
10059,15578722
10060,15806922
10061,15656829
10062,15686164
10063,15753362
10064,15591150
10065,15677020
10066,15747772
10067,15635143
10068,15604497
10069,15756475
10070,15757140
10071,15615797
10072,15778936
10073,15690440
10074,15611189
10075,15761149
10076,15667216
10077,15750264
10078,15777893
10079,15657529
10080,15736008
10081,15566891
10082,15665385
10083,15627848
10084,15581700
10085,15640418
10086,15587210
10087,15664521
10088,15678374
10089,15584930
10090,15790019
10091,15580845
10092,15593795
10093,15624703
10094,15666856
10095,15648725
10096,15607986
10097,15634950
10098,15721937
10099,15687372
10100,15773852
10101,15605284
10102,15589589
10103,15745417
10104,15697879
10105,15634606
10106,15700174
10107,15697510
10108,15733229
10109,15591980
10110,15584462
10111,15579994
10112,15756743
10113,15798895
10114,15780492
10115,15778368
10116,15583680
10117,15682454
10118,15746970
10119,15606115
10120,15780746
10121,15600583
10122,15722993
10123,15596552
10124,15710456
10125,15808905
10126,15811594
10127,15780909
10128,15632344
10129,15672912
10130,15775880
10131,15675141
10132,15620570
10133,15702656
10134,15792679
10135,15677395
10136,15686909
10137,15746076
10138,15756668
10139,15578787
10140,15565779
10141,15616745
10142,15604020
10143,15694677
10144,15593622
10145,15609928
10146,15721181
10147,15784010
10148,15666548
10149,15672594
10150,15809772
10151,15682618
10152,15638159
10153,15651389
10154,15743532
10155,15619116
10156,15585466
10157,15661409
10158,15700654
10159,15774250
10160,15679801
10161,15721469
10162,15624993
10163,15810891
10164,15681332
10165,15635905
10166,15604706
10167,15578671
10168,15611247
10169,15710687
10170,15780989
10171,15756848
10172,15777907
10173,15686776
10174,15794356
10175,15792489
10176,15570194
10177,15759317
10178,15790958
10179,15739850
10180,15790678
10181,15763460
10182,15700223
10183,15607314
10184,15775042
10185,15706762
10186,15644453
10187,15799626
10188,15603454
10189,15623989
10190,15661290
10191,15734634
10192,15687001
10193,15605622
10194,15740476
10195,15656417
10196,15734714
10197,15573456
10198,15724924
10199,15583576
10200,15590434
10201,15595010
10202,15715532
10203,15813412
10204,15599124
10205,15790750
10206,15792228
10207,15702416
10208,15643966
10209,15714832
10210,15653937
10211,15728523
10212,15751748
10213,15729019
10214,15618647
10215,15700424
10216,15663194
10217,15641655
10218,15735203
10219,15696098
10220,15710138
10221,15672598
10222,15730673
10223,15659420
10224,15659843
10225,15646594
10226,15742511
10227,15579583
10228,15613880
10229,15798975
10230,15648989
10231,15735572
10232,15652948
10233,15718769
10234,15666012
10235,15804131
10236,15777352
10237,15612187
10238,15660571
10239,15623277
10240,15616330
10241,15786433
10242,15604963
10243,15711219
10244,15677522
10245,15685805
10246,15722611
10247,15761670
10248,15732628
10249,15809265
10250,15806688
10251,15644994
10252,15704583
10253,15773520
10254,15592999
10255,15580872
10256,15695819
10257,15591986
10258,15705085
10259,15797692
10260,15727317
10261,15811588
10262,15774854
10263,15737025
10264,15698522
10265,15714380
10266,15689201
10267,15639549
10268,15734008
10269,15604551
10270,15577771
10271,15589358
10272,15791316
10273,15791533
10274,15806132
10275,15646168
10276,15656121
10277,15639077
10278,15714397
10279,15691627
10280,15579166
10281,15596979
10282,15730287
10283,15588859
10284,15773869
10285,15567855
10286,15734524
10287,15773792
10288,15810826
10289,15613713
10290,15594786
10291,15643378
10292,15576706
10293,15620746
10294,15814032
10295,15791006
10296,15663252
10297,15665956
10298,15662403
10299,15629390
10300,15652667
10301,15792668
10302,15727688
10303,15720353
10304,15747208
10305,15593295
10306,15718588
10307,15651983
10308,15717328
10309,15742358
10310,15693259
10311,15574004
10312,15768120
10313,15682778
10314,15649150
10315,15625944
10316,15607598
10317,15662908
10318,15663478
10319,15732199
10320,15673238
10321,15690492
10322,15580493
10323,15710726
10324,15779620
10325,15631457
10326,15615296
10327,15661745
10328,15751336
10329,15761986
10330,15738634
10331,15706223
10332,15579617
10333,15727281
10334,15712551
10335,15813113
10336,15622507
10337,15786153
10338,15584229
10339,15788659
10340,15704284
10341,15598266
10342,15739357
10343,15571221
10344,15804962
10345,15645839
10346,15582849
10347,15727021
10348,15679453
10349,15566531
10350,15721460
10351,15796617
10352,15813917
10353,15796993
10354,15711834
10355,15747168
10356,15640825
10357,15671097
10358,15574743
10359,15773098
10360,15695301
10361,15663234
10362,15739592
10363,15749004
10364,15635775
10365,15657468
10366,15661507
10367,15733447
10368,15597896
10369,15794580
10370,15723685
10371,15693752
10372,15720929
10373,15569266
10374,15628319
10375,15588955
10376,15777901
10377,15648794
10378,15752467
10379,15697546
10380,15775153
10381,15661036
10382,15695932
10383,15610419
10384,15727944
10385,15645316
10386,15589449
10387,15722072
10388,15571081
10389,15743075
10390,15808689
10391,15754577
10392,15812766
10393,15660263
10394,15811958
10395,15596074
10396,15591286
10397,15652400
10398,15779052
10399,15689594
10400,15663312
10401,15740487
10402,15605424
10403,15630241
10404,15610727
10405,15705448
10406,15745843
10407,15704597
10408,15728706
10409,15794171
10410,15603111
10411,15720924
10412,15807312
10413,15767954
10414,15663650
10415,15772423
10416,15718465
10417,15693893
10418,15642004
10419,15781326
10420,15774382
10421,15652999
10422,15724834
10423,15587535
10424,15670528
10425,15609618
10426,15679394
10427,15649616
10428,15804721
10429,15591179
10430,15630053
10431,15615207
10432,15743545
10433,15663808
10434,15670481
10435,15800268
10436,15723654
10437,15675650
10438,15612103
10439,15653037
10440,15690007
10441,15568449
10442,15778154
10443,15721487
10444,15698839
10445,15601594
10446,15779176
10447,15727177
10448,15599956
10449,15791674
10450,15742632
10451,15588535
10452,15712608
10453,15660608
10454,15759250
10455,15640258
10456,15745621
10457,15731511
10458,15768881
10459,15584113
10460,15728362
10461,15588614
10462,15625311
10463,15613656
10464,15611767
10465,15706799
10466,15762573
10467,15710053
10468,15623502
10469,15807593
10470,15716334
10471,15570835
10472,15724154
10473,15738715
10474,15758769
10475,15748649
10476,15779659
10477,15596379
10478,15620103
10479,15610454
10480,15693088
10481,15603378
10482,15688157
10483,15599131
10484,15584364
10485,15683416
10486,15610433
10487,15642063
10488,15649101
10489,15695148
10490,15728333
10491,15647842
10492,15668747
10493,15609521
10494,15643770
10495,15732020
10496,15810732
10497,15572182
10498,15635660
10499,15745431
10500,15715078
10501,15815097
10502,15803457
10503,15670172
10504,15574584
10505,15676242
10506,15618171
10507,15596397
10508,15683483
10509,15732643
10510,15753161
10511,15781665
10512,15608246
10513,15642099
10514,15676404
10515,15643671
10516,15589881
10517,15639314
10518,15730339
10519,15756026
10520,15785869
10521,15765520
10522,15623595
10523,15735270
10524,15807305
10525,15795149
10526,15621075
10527,15791131
10528,15699634
10529,15626156
10530,15626983
10531,15815295
10532,15762332
10533,15751445
10534,15665834
10535,15749638
10536,15766908
10537,15800961
10538,15666559
10539,15654025
10540,15717527
10541,15808930
10542,15686436
10543,15686137
10544,15647385
10545,15624519
10546,15737267
10547,15802466
10548,15809100
10549,15694556
10550,15580579
10551,15729718
10552,15659931
10553,15681026
10554,15815043
10555,15724127
10556,15628886
10557,15662955
10558,15630698
10559,15691723
10560,15590820
10561,15776211
10562,15587066
10563,15813303
10564,15692575
10565,15713890
10566,15752809
10567,15812198
10568,15629010
10569,15623499
10570,15814664
10571,15646037
10572,15711716
10573,15690164
10574,15786042
10575,15794868
10576,15623927
10577,15761976
10578,15589698
10579,15684181
10580,15740264
10581,15581229
10582,15768465
10583,15813022
10584,15721504
10585,15756471
10586,15685245
10587,15694641
10588,15801548
10589,15623314
10590,15780140
10591,15704681
10592,15706537
10593,15663410
10594,15792453
10595,15811927
10596,15775627
10597,15658100
10598,15690744
10599,15600991
10600,15618255
10601,15712813
10602,15681476
10603,15672467
10604,15697000
10605,15598838
10606,15705383
10607,15605827
10608,15810203
10609,15700046
10610,15803681
10611,15746553
10612,15695474
10613,15765537
10614,15695129
10615,15606641
10616,15752601
10617,15781884
10618,15638751
10619,15636061
10620,15749401
10621,15572265
10622,15812007
10623,15677217
10624,15748552
10625,15612087
10626,15640865
10627,15584580
10628,15632977
10629,15724223
10630,15800116
10631,15678882
10632,15736371
10633,15568748
10634,15739042
10635,15566091
10636,15714567
10637,15644356
10638,15656062
10639,15685947
10640,15678626
10641,15595388
10642,15667588
10643,15739248
10644,15638463
10645,15605737
10646,15692977
10647,15774630
10648,15585067
10649,15785975
10650,15656100
10651,15808223
10652,15795079
10653,15601787
10654,15655903
10655,15684995
10656,15798964
10657,15775750
10658,15727391
10659,15654975
10660,15726776
10661,15715941
10662,15746708
10663,15610653
10664,15770576
10665,15675854
10666,15763093
10667,15572073
10668,15616471
10669,15568876
10670,15803716
10671,15722765
10672,15773394
10673,15637315
10674,15667392
10675,15651674
10676,15592716
10677,15701972
10678,15793896
10679,15729599
10680,15749114
10681,15722473
10682,15683553
10683,15670039
10684,15647800
10685,15622993
10686,15774936
10687,15760662
10688,15799042
10689,15787710
10690,15747174
10691,15636977
10692,15724848
10693,15767488
10694,15774358
10695,15792650
10696,15732202
10697,15748595
10698,15644295
10699,15753831
10700,15779904
10701,15600392
10702,15710315
10703,15637599
10704,15615624
10705,15756538
10706,15625461
10707,15769412
10708,15642785
10709,15792360
10710,15654760
10711,15768244
10712,15754112
10713,15716381
10714,15696674
10715,15811762
10716,15594812
10717,15608916
10718,15776596
10719,15778481
10720,15769980
10721,15612050
10722,15603246
10723,15681705
10724,15659399
10725,15762682
10726,15583456
10727,15782993
10728,15743617
10729,15698474
10730,15811327
10731,15615753
10732,15579345
10733,15717164
10734,15734762
10735,15706587
10736,15702014
10737,15635502
10738,15649124
10739,15573309
10740,15687413
10741,15791767
10742,15653404
10743,15762729
10744,15710928
10745,15754168
10746,15815656
10747,15658258
10748,15682639
10749,15628274
10750,15757559
10751,15811415
10752,15699257
10753,15780677
10754,15759805
10755,15579112
10756,15774224
10757,15644856
10758,15701166
10759,15721377
10760,15575185
10761,15734311
10762,15602647
10763,15663942
10764,15651093
10765,15702541
10766,15699340
10767,15753591
10768,15632899
10769,15566740
10770,15795990
10771,15769308
10772,15642885
10773,15748936
10774,15575409
10775,15641585
10776,15735246
10777,15581089
10778,15801436
10779,15573876
10780,15701932
10781,15782530
10782,15605072
10783,15705735
10784,15631912
10785,15804586
10786,15754940
10787,15679804
10788,15743245
10789,15685640
10790,15572762
10791,15763063
10792,15574608
10793,15615219
10794,15751491
10795,15806964
10796,15790763
10797,15625080
10798,15602312
10799,15679818
10800,15741429
10801,15656901
10802,15629117
10803,15744368
10804,15773447
10805,15695339
10806,15694381
10807,15758901
10808,15644296
10809,15682860
10810,15601811
10811,15769246
10812,15679249
10813,15752534
10814,15750728
10815,15718852
10816,15575605
10817,15746127
10818,15724402
10819,15795290
10820,15632264
10821,15650244
10822,15620756
10823,15786463
10824,15708228
10825,15690153
10826,15696703
10827,15708265
10828,15801658
10829,15588450
10830,15697424
10831,15696061
10832,15802809
10833,15744770
10834,15649160
10835,15799925
10836,15578799
10837,15622171
10838,15682928
10839,15673971
10840,15762937
10841,15748856
10842,15622532
10843,15805627
10844,
10845,15783883
10846,15772933
10847,15591169
10848,15642726
10849,15638003
10850,15780572
10851,15689952
10852,15664523
10853,15814675
10854,15676576
10855,15730076
10856,15694581
10857,15596212
10858,15580213
10859,15644833
10860,15755405
10861,15718369
10862,15607381
10863,15777830
10864,15706021
10865,15656009
10866,15573628
10867,15721740
10868,15692583
10869,15750921
10870,15781272
10871,15795488
10872,15674331
10873,15787693
10874,15625941
10875,15780144
10876,15734085
10877,15807457
10878,15759690
10879,15756196
10880,15684358
10881,15701164
10882,15785183
10883,15679062
10884,15567383
10885,15745399
10886,15644179
10887,15613471
10888,15695465
10889,15695383
10890,15604832
10891,15655007
10892,15731246
10893,15804017
10894,15635435
10895,15750258
10896,15764105
10897,15642937
10898,15575247
10899,15613787
10900,15807900
10901,15728010
10902,15735968
10903,15682686
10904,15633059
10905,15715142
10906,15598982
10907,15573730
10908,15631070
10909,15581748
10910,15646764
10911,15579208
10912,15627801
10913,15581893
10914,15586523
10915,15743067
10916,15761294
10917,15812071
10918,15752047
10919,15665064
10920,15689176
10921,15613197
10922,15749727
10923,15772573
10924,15788189
10925,15626485
10926,15619674
10927,15574369
10928,15779390
10929,15771668
10930,15782939
10931,15579334
10932,15752026
10933,15786308
10934,15644692
10935,15792649
10936,15576131
10937,15692463
10938,15724764
10939,15735636
10940,15733247
10941,15705639
10942,15667289
10943,15779744
10944,15810485
10945,15771674
10946,15722845
10947,15600997
10948,15690372
10949,15724863
10950,15643056
10951,15775067
10952,15767474
10953,15599268
10954,15607988
10955,15807837
10956,15800793
10957,15681068
10958,15692926
10959,15672432
10960,15650266
10961,15664504
10962,15646566
10963,15635459
10964,15607560
10965,15627395
10966,15675380
10967,15599552
10968,15624293
10969,15613518
10970,15793070
10971,15734850
10972,15722479
10973,15815364
10974,15704160
10975,15727857
10976,15766417
10977,15748589
10978,15789097
10979,15624936
10980,15628936
10981,15777586
10982,15715667
10983,15581286
10984,15767264
10985,15652626
10986,15703068
10987,15811490
10988,15785865
10989,15738174
10990,15675983
10991,15802478
10992,15624188
10993,15696859
10994,15647807
10995,15702061
10996,15568162
10997,15763108
10998,15796834
10999,15812191
11000,15638983
11001,15763055
11002,15581440
11003,15813741
11004,15610557
11005,15720338
11006,15768095
11007,15593241
11008,15773487
11009,15642824
11010,15600781
11011,15607263
11012,15807609
11013,15621083
11014,15609011
11015,15651052
11016,15791513
11017,15726556
11018,15714241
11019,15762045
11020,15682472
11021,15795275
11022,15702789
11023,15678210
11024,15683993
11025,15625916
11026,15760450
11027,15632609
11028,15740404
11029,15662152
11030,15683560
11031,15802381
11032,15724944
11033,15616280
11034,15741554
11035,15619953
11036,15692750
11037,15685372
11038,15697497
11039,15617657
11040,15797227
11041,15751185
11042,15737275
11043,15648064
11044,15681327
11045,15683195
11046,15774857
11047,15587421
11048,15671243
11049,15701741
11050,15600626
11051,15723720
11052,15699963
11053,15752342
11054,15679531
11055,15729956
11056,15759555
11057,15716023
11058,15659651
11059,15613085
11060,15666767
11061,15640846
11062,15692718
11063,15674833
11064,15671582
11065,15809777
11066,15655238
11067,15585595
11068,15812365
11069,15584766
11070,15705521
11071,15767794
11072,15767432
11073,15697691
11074,15594917
11075,15726167
11076,15659807
11077,15807120
11078,15578603
11079,15799384
11080,15577170
11081,15790757
11082,15747960
11083,15716347
11084,15809830
11085,15644699
11086,15631685
11087,15616270
11088,15686999
11089,15679299
11090,15676117
11091,15576269
11092,15753754
11093,15807546
11094,15629338
11095,15579212
11096,15615096
11097,15652540
11098,15748597
11099,15607537
11100,15762803
11101,15636812
11102,15761374
11103,15745080
11104,15570379
11105,15722404
11106,15716609
11107,15683930
11108,15674922
11109,15743007
11110,15752488
11111,15664539
11112,15590828
11113,15664083
11114,15787204
11115,15784130
11116,15739578
11117,15769548
11118,15758606
11119,15675964
11120,15762172
11121,15795124
11122,15806956
11123,15795933
11124,15648577
11125,15789560
11126,15614137
11127,15583692
11128,15807993
11129,15741693
11130,15765402
11131,15610383
11132,15566633
11133,15576162
11134,15736533
11135,15597951
11136,15772604
11137,15796343
11138,15583863
11139,15754068
11140,15802060
11141,15676571
11142,15571752
11143,15693690
11144,15809800
11145,15762716
11146,15613699
11147,15795129
11148,15777614
11149,15646276
11150,15615032
11151,15636684
11152,15631217
11153,15592979
11154,15684316
11155,15671137
11156,15779973
11157,15653857
11158,15726032
11159,15611729
11160,15579062
11161,15597885
11162,15619955
