deposit_id,customer_id,campaign_row,principal_units
TD000001,15797960,1,21783
TD000002,15751208,2,42518
TD000003,15647311,3,6793
TD000004,15614049,4,4709
TD000005,15774854,5,40580
TD000006,15634602,6,4873
TD000007,15782688,7,38463
TD000008,15810418,8,16092
TD000009,15771873,9,46239
TD000010,15767954,10,22769
TD000011,15699309,11,1834
TD000012,15625759,12,24848
TD000013,15656148,13,35905
TD000014,15725737,14,37137
TD000015,15767821,15,18731
TD000016,15600882,16,37745
TD000017,15597945,17,44717
TD000018,15755196,18,19415
TD000019,15577657,19,3835
TD000020,15630910,20,37662
TD000021,15609618,21,14640
TD000022,15737888,22,21946
TD000023,15728693,23,30924
TD000024,15760861,24,48129
TD000025,15812518,25,32480
TD000026,15651280,26,32221
TD000027,15788448,27,21359
TD000028,15641582,28,25623
TD000029,15580146,29,32163
TD000030,15779659,30,42957
TD000031,15754849,31,8879
TD000032,15714485,32,31638
TD000033,15592461,33,21988
TD000034,15619360,34,22857
TD000035,15729599,35,10213
TD000036,15662085,36,24339
TD000037,15638424,37,25880
TD000038,15683553,38,3867
TD000039,15625047,39,3235
TD000040,15642291,40,47806
TD000041,15612966,41,20766
TD000042,15760085,42,24379
TD000043,15643966,43,1780
TD000044,15736816,44,38089
TD000045,15671137,45,11098
TD000046,15699461,46,7141
TD000047,15628145,47,1407
TD000048,15713483,48,49849
TD000049,15767339,49,4367
TD000050,15594408,50,33633
TD000051,15750181,51,11514
TD000052,15701354,52,16925
TD000053,15747358,53,22037
TD000054,15585768,54,10866
TD000055,15759618,55,10123
TD000056,15808582,56,8993
TD000057,15673481,57,34965
TD000058,15670755,58,48478
TD000059,15610156,59,31964
TD000060,15679145,60,14596
TD000061,15738148,61,30669
TD000062,15702298,62,46359
TD000063,15803136,63,36290
TD000064,15690452,64,22174
TD000065,15776780,65,3304
TD000066,15574012,66,38642
TD000067,15662736,67,45047
TD000068,15625524,68,18515
TD000069,15738721,69,48568
TD000070,15792365,70,45515
TD000071,15677921,71,25840
TD000072,15656300,72,41620
TD000073,15698028,73,12178
TD000074,15575492,74,35657
TD000075,15619304,75,21818
TD000076,15706552,76,31468
TD000077,15589475,77,28172
TD000078,15661670,78,12188
TD000079,15785542,79,30159
TD000080,15612350,80,2333
TD000081,15732963,81,17277
TD000082,15705512,82,48331
TD000083,15702014,83,37912
TD000084,15737173,84,49836
TD000085,15592531,85,25042
TD000086,15592389,86,20657
TD000087,15772423,87,15614
TD000088,15803526,88,48805
TD000089,15632264,89,31808
TD000090,15754105,90,35819
TD000091,15588537,91,48333
TD000092,15723488,92,17745
TD000093,15585388,93,48750
TD000094,15624592,94,39066
TD000095,15709368,95,21085
TD000096,15689044,96,28071
TD000097,15675522,97,49915
TD000098,15726931,98,26578
TD000099,15717426,99,25946
TD000100,15744689,100,38099
TD000101,15620344,101,5499
TD000102,15640905,102,5894
TD000103,15725311,103,25444
TD000104,15755209,104,21280
TD000105,15696061,105,49747
TD000106,15700696,106,46446
TD000107,15700772,107,48819
TD000108,15768193,108,31844
TD000109,15594815,109,47253
TD000110,15755262,110,23025
TD000111,15774510,111,31718
TD000112,15706021,112,15619
TD000113,15663706,113,26898
TD000114,15789484,114,5953
TD000115,15641122,115,12842
TD000116,15708710,116,1044
TD000117,15770811,117,15153
TD000118,15803976,118,14264
TD000119,15602280,119,33833
TD000120,15701164,120,12191
TD000121,15586310,121,28807
TD000122,15599195,122,36251
TD000123,15777892,123,38762
TD000124,15794413,124,11919
TD000125,15575185,125,27007
TD000126,15811127,126,40077
TD000127,15799217,127,13891
TD000128,15645248,128,42967
TD000129,15661507,129,8002
TD000130,15794171,130,4519
TD000131,15602312,131,35029
TD000132,15616550,132,35415
TD000133,15762615,133,6354
TD000134,15636673,134,22249
TD000135,15726676,135,19302
TD000136,15757535,136,44929
TD000137,15633059,137,8268
TD000138,15773039,138,35577
TD000139,15623595,139,8924
TD000140,15650237,140,1826
TD000141,15699029,141,44365
TD000142,15600781,142,36756
TD000143,15766205,143,19812
TD000144,15795149,144,35075
TD000145,15746726,145,4009
TD000146,15798424,146,38632
TD000147,15788218,147,16269
TD000148,15685500,148,17093
TD000149,15742229,149,11673
TD000150,15604482,150,4620
TD000151,15787174,151,32974
TD000152,15787155,152,32402
TD000153,15691483,153,6647
TD000154,15743192,154,41611
TD000155,15640635,155,47426
TD000156,15599792,156,6335
TD000157,15673693,157,43237
TD000158,15773469,158,49247
TD000159,15738191,159,33668
TD000160,15665834,160,44664
TD000161,15566594,161,6303
TD000162,15682472,162,21465
TD000163,15800116,163,42372
TD000164,15804771,164,39691
TD000165,15683562,165,6305
TD000166,15643024,166,23670
TD000167,15752081,167,23385
TD000168,15630053,168,13611
TD000169,15585362,169,49236
TD000170,15653547,170,6944
TD000171,15613172,171,29362
TD000172,15774393,172,29128
TD000173,15731511,173,22830
TD000174,15693683,174,26203
TD000175,15677871,175,26058
TD000176,15750803,176,32921
TD000177,15698932,177,41970
TD000178,15641732,178,32823
TD000179,15727868,179,8001
TD000180,15809248,180,31747
TD000181,15813844,181,27237
TD000182,15695699,182,39834
TD000183,15812009,183,19387
TD000184,15756850,184,24510
TD000185,15659428,185,42507
TD000186,15738751,186,2486
TD000187,15660211,187,17813
TD000188,15740404,188,4762
TD000189,15654506,189,36996
TD000190,15584518,190,23429
TD000191,15736601,191,33923
TD000192,15776605,192,49039
TD000193,15717046,193,15764
TD000194,15622897,194,37222
TD000195,15727556,195,47602
TD000196,15716334,196,42744
TD000197,15585215,197,45155
TD000198,15705707,198,7347
TD000199,15722010,199,22747
TD000200,15655774,200,27490
TD000201,15771573,201,40203
TD000202,15812878,202,46649
TD000203,15573152,203,14311
TD000204,15591100,204,31705
TD000205,15702741,205,13522
TD000206,15601848,206,21920
TD000207,15680772,207,18531
TD000208,15669064,208,47608
TD000209,15725166,209,22751
TD000210,15569590,210,2010
TD000211,15676966,211,47616
TD000212,15635905,212,48768
TD000213,15658929,213,27514
TD000214,15703264,214,29888
TD000215,15686776,215,8787
TD000216,15786170,216,2955
TD000217,15627000,217,17803
TD000218,15659366,218,41146
TD000219,15759298,219,2991
TD000220,15694717,220,10038
TD000221,15744398,221,31135
TD000222,15779052,222,27404
TD000223,15624528,223,39275
TD000224,15681081,224,28399
TD000225,15594720,225,46280
TD000226,15790678,226,44871
TD000227,15621075,227,30302
TD000228,15702919,228,19431
TD000229,15587562,229,20454
TD000230,15607178,230,40555
TD000231,15736879,231,43221
TD000232,15653620,232,10261
TD000233,15603203,233,15383
TD000234,15679200,234,19259
TD000235,15678910,235,10286
TD000236,15790355,236,35028
TD000237,15759537,237,10706
TD000238,15771086,238,25735
TD000239,15799966,239,39014
TD000240,15787470,240,43663
TD000241,15737452,241,12153
TD000242,15758685,242,33380
TD000243,15613854,243,2727
TD000244,15764866,244,29021
TD000245,15809663,245,45717
TD000246,15785819,246,41585
TD000247,15661249,247,2010
TD000248,15658169,248,4549
TD000249,15721658,249,12685
TD000250,15765297,250,42484
TD000251,15605461,251,36686
TD000252,15719377,252,40027
TD000253,15684181,253,26990
TD000254,15667871,254,11407
TD000255,15809616,255,44430
TD000256,15784597,256,3873
TD000257,15581539,257,30221
TD000258,15682757,258,31932
TD000259,15674398,259,17825
TD000260,15742668,260,27169
TD000261,15636444,261,17309
TD000262,15711540,262,42255
TD000263,15810432,263,20861
TD000264,15803716,264,8686
TD000265,15625426,265,18826
TD000266,15578045,266,20062
TD000267,15600974,267,44864
TD000268,15594898,268,3528
TD000269,15703793,269,47222
TD000270,15785611,270,35545
TD000271,15775912,271,28899
TD000272,15675501,272,3238
TD000273,15650068,273,47849
TD000274,15628112,274,4243
TD000275,15715951,275,32214
TD000276,15787071,276,31906
TD000277,15627360,277,29983
TD000278,15665790,278,45306
TD000279,15656176,279,41295
TD000280,15781589,280,9035
TD000281,15765694,281,6317
TD000282,15666633,282,22506
TD000283,15802593,283,23197
TD000284,15622834,284,36799
TD000285,15813163,285,7894
TD000286,15797219,286,3657
TD000287,15807709,287,34858
TD000288,15592386,288,23998
TD000289,15580203,289,38350
TD000290,15725679,290,40031
TD000291,15626144,291,41526
TD000292,15624623,292,43393
TD000293,15763274,293,29503
TD000294,15653849,294,18414
TD000295,15568982,295,33608
TD000296,15595440,296,20806
TD000297,15777076,297,16424
TD000298,15813850,298,29412
TD000299,15811589,299,8339
TD000300,15682541,300,25950
TD000301,15631868,301,23136
TD000302,15745307,302,11690
TD000303,15581197,303,20401
TD000304,15682048,304,10735
TD000305,15680920,305,24785
TD000306,15807432,306,26594
TD000307,15591509,307,46135
TD000308,15657284,308,27135
TD000309,15694408,309,1972
TD000310,15684548,310,39336
TD000311,15601274,311,5911
TD000312,15690673,312,33241
TD000313,15663921,313,36963
TD000314,15712543,314,25231
TD000315,15705953,315,16962
TD000316,15589493,316,32793
TD000317,15607098,317,39554
TD000318,15810845,318,34599
TD000319,15633950,319,38983
TD000320,15718369,320,9935
TD000321,15794056,321,4201
TD000322,15694506,322,5231
TD000323,15691625,323,13939
TD000324,15801559,324,40841
TD000325,15780804,325,34466
TD000326,15708917,326,11031
TD000327,15699523,327,13840
TD000328,15574692,328,15175
TD000329,15745844,329,28796
TD000330,15794122,330,6400
TD000331,15622911,331,39985
TD000332,15743040,332,39925
TD000333,15812351,333,32539
TD000334,15642004,334,43907
TD000335,15763859,335,48352
TD000336,15651022,336,29493
TD000337,15803406,337,49318
TD000338,15747542,338,32586
TD000339,15715941,339,32992
TD000340,15589488,340,33046
TD000341,15810834,341,34649
TD000342,15669169,342,4140
TD000343,15591047,343,32425
TD000344,15611759,344,37501
TD000345,15674551,345,24030
TD000346,15782210,346,29408
TD000347,15707362,347,12184
TD000348,15612087,348,47737
TD000349,15591607,349,49887
TD000350,15576313,350,16799
TD000351,15747795,351,40650
TD000352,15732674,352,12925
TD000353,15737051,353,1626
TD000354,15613786,354,2506
TD000355,15600258,355,24164
TD000356,15723654,356,27379
TD000357,15591969,357,12244
TD000358,15728669,358,35875
TD000359,15622993,359,43003
TD000360,15655961,360,36007
TD000361,15740476,361,9935
TD000362,15699005,362,47378
TD000363,15745354,363,14184
TD000364,15619529,364,33706
TD000365,15573112,365,15825
TD000366,15655007,366,6535
TD000367,15692761,367,49903
TD000368,15615624,368,10721
TD000369,15662291,369,36386
TD000370,15775318,370,12168
TD000371,15771977,371,6616
TD000372,15727829,372,10073
TD000373,15804017,373,19870
TD000374,15733797,374,48112
TD000375,15568748,375,27714
TD000376,15701376,376,23115
TD000377,15736008,377,18702
TD000378,15735203,378,42765
TD000379,15681705,379,1377
TD000380,15625461,380,21866
TD000381,15715527,381,20872
TD000382,15606613,382,25624
TD000383,15589030,383,19579
TD000384,15688074,384,2897
TD000385,15686302,385,45984
TD000386,15627801,386,45507
TD000387,15613630,387,47232
TD000388,15635367,388,35082
TD000389,15785869,389,45566
TD000390,15812007,390,22844
TD000391,15762729,391,14274
TD000392,15752047,392,26156
TD000393,15696674,393,24645
TD000394,15804256,394,27636
TD000395,15591995,395,13696
TD000396,15760431,396,41123
TD000397,15789955,397,25365
TD000398,15573318,398,22772
TD000399,15749851,399,7200
TD000400,15670039,400,32096
TD000401,15626578,401,7849
TD000402,15806467,402,47312
TD000403,15595039,403,10194
TD000404,15697183,404,40611
TD000405,15634844,405,19158
TD000406,15607312,406,47701
TD000407,15697441,407,48660
TD000408,15676895,408,48764
TD000409,15716186,409,41777
TD000410,15603925,410,40774
TD000411,15659420,411,46101
TD000412,15786308,412,10565
TD000413,15611088,413,17873
TD000414,15605447,414,39023
TD000415,15624729,415,48770
TD000416,15739438,416,27693
TD000417,15782735,417,46890
TD000418,15645569,418,8847
TD000419,15583456,419,43401
TD000420,15802381,420,18954
TD000421,15629117,421,37897
TD000422,15763063,422,25155
TD000423,15677371,423,14774
TD000424,15568240,424,12799
TD000425,15784209,425,43719
TD000426,15597602,426,41037
TD000427,15783501,427,21805
TD000428,15651674,428,2268
TD000429,15692926,429,7071
TD000430,15693737,430,32229
TD000431,15660271,431,23821
TD000432,15710825,432,22980
TD000433,15745088,433,7128
TD000434,15730447,434,43284
TD000435,15787189,435,38267
TD000436,15658693,436,23989
TD000437,15583303,437,38964
TD000438,15803365,438,49764
TD000439,15684173,439,29904
TD000440,15634245,440,1184
TD000441,15633283,441,20380
TD000442,15749167,442,35728
TD000443,15694860,443,18262
TD000444,15724944,444,19864
TD000445,15637753,445,12015
TD000446,15683503,446,9253
TD000447,15702669,447,15404
TD000448,15803689,448,10977
TD000449,15798888,449,9166
TD000450,15651001,450,30780
TD000451,15609998,451,33730
TD000452,15813741,452,28651
TD000453,15677020,453,4403
TD000454,15731744,454,34830
TD000455,15587421,455,19925
TD000456,15718057,456,2575
TD000457,15672115,457,48420
TD000458,15586585,458,43061
TD000459,15730460,459,44112
TD000460,15805565,460,20336
TD000461,15721181,461,1502
TD000462,15685226,462,13937
TD000463,15732660,463,14378
TD000464,15692463,464,42314
TD000465,15679531,465,33447
TD000466,15732778,466,18087
TD000467,15722993,467,8775
TD000468,15721024,468,45755
TD000469,15750141,469,17380
TD000470,15689294,470,42179
TD000471,15717398,471,31402
TD000472,15694272,472,49528
TD000473,15576623,473,28500
TD000474,15574068,474,47314
TD000475,15797736,475,22897
TD000476,15588350,476,49081
TD000477,15777352,477,28040
TD000478,15720187,478,19978
TD000479,15644572,479,27978
TD000480,15772896,480,36958
TD000481,15710456,481,12374
TD000482,15637954,482,18875
TD000483,15671256,483,22233
TD000484,15612187,484,4148
TD000485,15668893,485,47016
TD000486,15568506,486,22099
TD000487,15605284,487,35211
TD000488,15713853,488,19798
TD000489,15686909,489,17568
TD000490,15733247,490,33034
TD000491,15633648,491,32545
TD000492,15811490,492,8551
TD000493,15633922,493,41073
TD000494,15701602,494,32127
TD000495,15699389,495,12542
TD000496,15786063,496,4398
TD000497,15743532,497,8981
TD000498,15668444,498,33318
TD000499,15785798,499,45235
TD000500,15573456,500,28784
TD000501,15773792,501,16090
TD000502,15697311,502,46245
TD000503,15624188,503,33495
TD000504,15812191,504,30486
TD000505,15663252,505,19488
TD000506,15734674,506,28542
TD000507,15795564,507,5110
TD000508,15753719,508,30959
TD000509,15594917,509,8214
TD000510,15688251,510,10526
TD000511,15705639,511,10560
TD000512,15662403,512,42289
TD000513,15706647,513,41842
TD000514,15592300,514,25174
TD000515,15745295,515,14939
TD000516,15807609,516,35651
TD000517,15633233,517,20122
TD000518,15660535,518,33484
TD000519,15636624,519,27275
TD000520,15802741,520,31814
TD000521,15811762,521,17476
TD000522,15745417,522,18840
TD000523,15652266,523,22235
TD000524,15619343,524,30660
TD000525,15684196,525,32079
TD000526,15641655,526,36352
TD000527,15809722,527,3339
TD000528,15723685,528,31264
TD000529,15592846,529,42355
TD000530,15576269,530,18495
TD000531,15680970,531,30177
TD000532,15730059,532,32922
TD000533,15648064,533,39146
TD000534,15665678,534,46186
TD000535,15794396,535,18379
TD000536,15622003,536,15322
TD000537,15592937,537,45312
TD000538,15763218,538,31932
TD000539,15815364,539,31442
TD000540,15599131,540,41373
TD000541,15807923,541,45810
TD000542,15767432,542,15631
TD000543,15662976,543,11578
TD000544,15790757,544,3725
TD000545,15659843,545,12491
TD000546,15619708,546,42349
TD000547,15628936,547,34428
TD000548,15613085,548,33074
TD000549,15727688,549,8711
TD000550,15742358,550,22489
TD000551,15775625,551,24762
TD000552,15773972,552,22537
TD000553,15759317,553,9258
TD000554,15748936,554,30471
TD000555,15646558,555,41835
TD000556,15811773,556,18412
TD000557,15772781,557,34702
TD000558,15584766,558,37373
TD000559,15684951,559,7061
TD000560,15634632,560,15221
TD000561,15733616,561,45680
TD000562,15753337,562,20035
TD000563,15775238,563,12969
TD000564,15593782,564,22965
TD000565,15738181,565,40260
TD000566,15797227,566,8665
TD000567,15716164,567,43781
TD000568,15705521,568,7871
TD000569,15725811,569,48866
TD000570,15806964,570,16574
TD000571,15751710,571,18752
TD000572,15585595,572,14309
TD000573,15603436,573,28386
TD000574,15686983,574,21307
TD000575,15775306,575,15281
TD000576,15698474,576,34555
TD000577,15803764,577,15495
TD000578,15734634,578,28526
TD000579,15641675,579,37873
TD000580,15614215,580,19647
TD000581,15724127,581,45867
TD000582,15683625,582,15347
TD000583,15753754,583,33319
TD000584,15649744,584,43092
TD000585,15576256,585,19027
TD000586,15607170,586,46359
TD000587,15658969,587,35112
TD000588,15592387,588,29129
TD000589,15666252,589,15914
TD000590,15811327,590,5164
TD000591,15716491,591,5325
TD000592,15736112,592,25581
TD000593,15686611,593,10098
TD000594,15750658,594,35532
TD000595,15593365,595,10565
TD000596,15682585,596,32346
TD000597,15583725,597,5765
TD000598,15667215,598,45920
TD000599,15604119,599,1000
TD000600,15784844,600,17378
TD000601,15746490,601,4445
TD000602,15574004,602,47506
TD000603,15571778,603,27518
TD000604,15677307,604,15867
TD000605,15567832,605,3228
TD000606,15677538,606,23062
TD000607,15625080,607,13914
TD000608,15644833,608,38262
TD000609,15598493,609,22768
TD000610,15664610,610,14370
TD000611,15790314,611,40132
TD000612,15653595,612,15946
TD000613,15633537,613,31178
TD000614,15613880,614,9840
TD000615,15706534,615,40073
TD000616,15625944,616,40851
TD000617,15724296,617,2717
TD000618,15706365,618,34885
TD000619,15732628,619,16038
TD000620,15615457,620,9828
TD000621,15692671,621,2430
TD000622,15712551,622,30715
TD000623,15728505,623,35296
TD000624,15789158,624,4517
TD000625,15643630,625,1258
TD000626,15688963,626,34570
TD000627,15768455,627,48789
TD000628,15654060,628,30633
TD000629,15614782,629,38057
TD000630,15726234,630,14015
TD000631,15713578,631,13704
TD000632,15680998,632,32762
TD000633,15635435,633,41355
TD000634,15642394,634,12096
TD000635,15790659,635,2234
TD000636,15611579,636,36885
TD000637,15727281,637,46591
TD000638,15619935,638,1949
TD000639,15653780,639,22140
TD000640,15758449,640,32830
TD000641,15799384,641,27806
TD000642,15773456,642,8071
TD000643,15776231,643,45112
TD000644,15707567,644,23588
TD000645,15605286,645,37959
TD000646,15807595,646,37427
TD000647,15576368,647,23553
TD000648,15813412,648,21784
TD000649,15730830,649,9811
TD000650,15688071,650,7326
TD000651,15705515,651,9096
TD000652,15724282,652,2878
TD000653,15643696,653,3780
TD000654,15644753,654,36564
TD000655,15571221,655,11135
TD000656,15592222,656,25170
TD000657,15624170,657,35555
TD000658,15610446,658,2136
TD000659,15798398,659,46547
TD000660,15806132,660,41313
TD000661,15744607,661,45094
TD000662,15708196,662,43393
TD000663,15576352,663,23329
TD000664,15672012,664,48746
TD000665,15798348,665,45099
TD000666,15733387,666,40366
TD000667,15634772,667,21380
TD000668,15764351,668,20264
TD000669,15586970,669,9582
TD000670,15794580,670,26378
TD000671,15746737,671,13292
TD000672,15693864,672,40280
TD000673,15747960,673,2238
TD000674,15659931,674,17412
TD000675,15690134,675,22703
TD000676,15592229,676,25727
TD000677,15585865,677,24464
TD000678,15630698,678,42276
TD000679,15681206,679,40009
TD000680,15739858,680,45201
TD000681,15591986,681,18279
TD000682,15637476,682,7457
TD000683,15687946,683,4012
TD000684,15730076,684,36033
TD000685,15629677,685,10744
TD000686,15665956,686,8387
TD000687,15583212,687,40393
TD000688,15636684,688,32008
TD000689,15649423,689,34926
TD000690,15633064,690,17824
TD000691,15715142,691,14207
TD000692,15648075,692,42190
TD000693,15776223,693,45714
TD000694,15603134,694,21081
TD000695,15786905,695,33883
TD000696,15663478,696,29741
TD000697,15726032,697,8892
TD000698,15761986,698,45461
TD000699,15788659,699,39324
TD000700,15719302,700,45318
TD000701,15600734,701,44802
TD000702,15603065,702,19078
TD000703,15762218,703,3737
TD000704,15592583,704,37177
TD000705,15580148,705,43717
TD000706,15629244,706,46679
TD000707,15701537,707,33733
TD000708,15775153,708,12799
TD000709,15699637,709,23868
TD000710,15677610,710,27062
TD000711,15722902,711,10102
TD000712,15640825,712,13784
TD000713,15725511,713,42014
TD000714,15720649,714,38312
TD000715,15579334,715,18653
TD000716,15603156,716,22137
TD000717,15755649,717,45341
TD000718,15650288,718,13233
TD000719,15761043,719,16585
TD000720,15711309,720,42880
TD000721,15762238,721,4663
TD000722,15801277,722,38865
TD000723,15723873,723,40407
TD000724,15654673,724,2267
TD000725,15800434,725,12783
TD000726,15660101,726,23566
TD000727,15677305,727,17896
TD000728,15640442,728,2183
TD000729,15665238,729,35861
TD000730,15695632,730,47073
TD000731,15661036,731,3635
TD000732,15722548,732,48486
TD000733,15669516,733,21544
TD000734,15659098,734,41610
TD000735,15737741,735,29510
TD000736,15748625,736,23924
TD000737,15718673,737,26448
TD000738,15582741,738,26659
TD000739,15714227,739,35659
TD000740,15794916,740,37984
TD000741,15745621,741,28887
TD000742,15700476,742,1437
TD000743,15769974,743,48849
TD000744,15653253,744,7588
TD000745,15592979,745,1149
TD000746,15616451,746,42784
TD000747,15587535,747,28423
TD000748,15750447,748,31609
TD000749,15566111,749,1326
TD000750,15620204,750,12192
TD000751,15566292,751,6971
TD000752,15780628,752,36269
TD000753,15603323,753,27943
TD000754,15652955,754,47521
TD000755,15808621,755,22085
TD000756,15715003,756,11003
TD000757,15741295,757,42056
TD000758,15654238,758,38361
TD000759,15723907,759,42073
TD000760,15746902,760,19920
TD000761,15681554,761,3190
TD000762,15653857,762,26618
TD000763,15652883,763,45442
TD000764,15640059,764,39923
TD000765,15654229,765,38201
TD000766,15578186,766,32933
TD000767,15806983,767,20512
TD000768,15691723,768,24542
TD000769,15799422,769,31160
TD000770,15812071,770,31288
TD000771,15745196,771,16222
TD000772,15803457,772,9293
TD000773,15626742,773,19257
TD000774,15758639,774,40998
TD000775,15598883,775,37680
TD000776,15744517,776,44259
TD000777,15645316,777,7107
TD000778,15612108,778,6697
TD000779,15596914,779,25710
TD000780,15782390,780,42366
TD000781,15619955,781,5000
TD000782,15683124,782,3216
TD000783,15672056,783,3132
TD000784,15668958,784,5113
TD000785,15796505,785,39007
TD000786,15707473,786,23088
TD000787,15645772,787,21413
TD000788,15781307,788,8929
TD000789,15612525,789,19811
TD000790,15623927,790,30283
TD000791,15697307,791,2033
TD000792,15646810,792,4675
TD000793,15600739,793,46521
TD000794,15590241,794,15106
TD000795,15782454,795,44605
TD000796,15581479,796,37524
TD000797,15639314,797,17389
TD000798,15586993,798,12488
TD000799,15590146,799,12246
TD000800,15766908,800,3773
TD000801,15681068,801,37805
TD000802,15683403,802,12205
TD000803,15596761,803,21375
TD000804,15628298,804,19019
TD000805,15686436,805,8277
TD000806,15724223,806,3667
TD000807,15766741,807,47716
TD000808,15698839,808,49814
TD000809,15746708,809,14739
TD000810,15692317,810,43670
TD000811,15599552,811,10030
TD000812,15737792,812,32400
TD000813,15668747,813,48066
TD000814,15684171,814,36217
TD000815,15690007,815,21146
TD000816,15708916,816,19330
TD000817,15638806,817,1981
TD000818,15747807,818,48961
TD000819,15814846,819,20144
TD000820,15736534,820,42539
TD000821,15752137,821,36239
TD000822,15754177,822,1494
TD000823,15654700,823,4787
TD000824,15797748,824,29202
TD000825,15594594,825,3573
TD000826,15613319,826,45054
TD000827,15589793,827,1779
TD000828,15747878,828,2331
TD000829,15578980,829,9617
TD000830,15595766,830,39990
TD000831,15696859,831,37826
TD000832,15658935,832,38223
TD000833,15805260,833,17222
TD000834,15601589,834,24567
TD000835,15686137,835,48519
TD000836,15651533,836,4833
TD000837,15623828,837,28013
TD000838,15633930,838,47186
TD000839,15754112,839,48769
TD000840,15661629,840,23871
TD000841,15808189,841,10155
TD000842,15809100,842,38413
TD000843,15754713,843,18467
TD000844,15662100,844,38540
TD000845,15660602,845,41120
TD000846,15704442,846,28149
TD000847,15756026,847,10237
TD000848,15572265,848,46780
TD000849,15709441,849,36166
TD000850,15591357,850,1653
TD000851,15680303,851,14940
TD000852,15745012,852,11895
TD000853,15585888,853,28169
TD000854,15656333,854,6936
TD000855,15745083,855,14147
TD000856,15779176,856,42026
TD000857,15581229,857,30811
TD000858,15571002,858,7797
TD000859,15596493,859,14019
TD000860,15684042,860,33000
TD000861,15765518,861,10721
TD000862,15793693,862,2145
TD000863,15724848,863,24011
TD000864,15587451,864,27808
TD000865,15672145,865,7285
TD000866,15676521,866,44956
TD000867,15667896,867,22603
TD000868,15793890,868,8354
TD000869,15710928,869,33602
TD000870,15814275,870,3310
TD000871,15575581,871,2964
TD000872,15637979,872,26280
TD000873,15566156,873,4829
TD000874,15637876,874,23121
TD000875,15785899,875,5757
TD000876,15584091,876,21854
TD000877,15631310,877,15630
TD000878,15762277,878,8541
TD000879,15726631,879,30555
TD000880,15570134,880,30264
TD000881,15780140,881,23334
TD000882,15804586,882,46162
TD000883,15752731,883,6706
TD000884,15685320,884,24025
TD000885,15782736,885,5876
TD000886,15786800,886,33875
TD000887,15807663,887,43632
TD000888,15645621,888,18449
TD000889,15639882,889,36561
TD000890,15697000,890,43200
TD000891,15711889,891,14766
TD000892,15739189,892,28066
TD000893,15692750,893,9503
TD000894,15697497,894,9674
TD000895,15786014,895,9662
TD000896,15566091,896,3205
TD000897,15782899,897,11133
TD000898,15812272,898,39695
TD000899,15784676,899,17253
TD000900,15777553,900,41462
TD000901,15642041,901,5692
TD000902,15769005,902,21513
TD000903,15605279,903,42128
TD000904,15613656,904,7826
TD000905,15609286,905,19376
TD000906,15670481,906,5399
TD000907,15661528,907,21879
TD000908,15718443,908,22225
TD000909,15571928,909,37370
TD000910,15695585,910,48676
TD000911,15699430,911,20885
TD000912,15747174,912,30936
TD000913,15599433,913,8075
TD000914,15662397,914,48937
TD000915,15600462,915,40008
TD000916,15782236,916,39904
TD000917,15794549,917,29616
TD000918,15788126,918,26524
TD000919,15613772,919,11677
TD000920,15735246,920,4311
TD000921,15651823,921,15268
TD000922,15666548,922,30751
TD000923,15686164,923,1851
TD000924,15646161,924,35801
TD000925,15632324,925,47880
TD000926,15670374,926,2422
TD000927,15804602,927,47423
TD000928,15756475,928,25533
TD000929,15799811,929,45939
TD000930,15631681,930,28032
TD000931,15794048,931,14323
TD000932,15593601,932,23610
TD000933,15659557,933,10221
TD000934,15739803,934,47814
TD000935,15659105,935,45244
TD000936,15658486,936,26072
TD000937,15753831,937,41724
TD000938,15664521,938,17187
TD000939,15721487,939,19114
TD000940,15669987,940,39664
TD000941,15792360,941,11166
TD000942,15569247,942,3821
TD000943,15744368,943,42479
TD000944,15594864,944,13966
TD000945,15677369,945,23586
TD000946,15658052,946,12788
TD000947,15794560,947,30467
TD000948,15709324,948,34222
TD000949,15685372,949,26742
TD000950,15651093,950,42132
TD000951,15750156,951,26039
TD000952,15755223,952,36130
TD000953,15673570,953,3955
TD000954,15743007,954,49476
TD000955,15607133,955,2484
TD000956,15600583,956,44456
TD000957,15682618,957,39506
TD000958,15733119,958,37022
TD000959,15661526,959,22701
TD000960,15756804,960,36276
TD000961,15658032,961,12423
TD000962,15679587,962,43632
TD000963,15594404,963,49030
TD000964,15633650,964,40648
TD000965,15642937,965,34556
TD000966,15752342,966,45059
TD000967,15788291,967,32472
TD000968,15567446,968,46434
TD000969,15689176,969,47004
TD000970,15578799,970,6403
TD000971,15717164,971,32648
TD000972,15749482,972,5502
TD000973,15656912,973,26908
TD000974,15813132,974,18646
TD000975,15710404,975,19160
TD000976,15671322,976,32660
TD000977,15687752,977,2996
TD000978,15580956,978,24405
TD000979,15744983,979,13155
TD000980,15672516,980,20741
TD000981,15682639,981,40565
TD000982,15643658,982,8195
TD000983,15767864,983,36520
TD000984,15770424,984,17895
TD000985,15674991,985,48550
TD000986,15624293,986,44961
TD000987,15759805,987,31764
TD000988,15604044,988,5288
TD000989,15762937,989,30888
TD000990,15584363,990,32224
TD000991,15593773,991,29945
TD000992,15660155,992,29762
TD000993,15605918,993,14466
TD000994,15600337,994,37476
TD000995,15750243,995,29484
TD000996,15748856,996,35505
TD000997,15692583,997,6094
TD000998,15585198,998,9244
TD000999,15714939,999,13150
TD001000,15705860,1000,25724
TD001001,15780144,1001,25498
TD001002,15750258,1002,30068
TD001003,15763431,1003,46440
TD001004,15675964,1004,30035
TD001005,15570601,1005,46866
TD001006,15628303,1006,22608
TD001007,15686870,1007,25165
TD001008,15798521,1008,7292
TD001009,15572360,1009,3461
TD001010,15600997,1010,9207
TD001011,15719856,1011,18778
TD001012,15627876,1012,9473
TD001013,15651052,1013,41932
TD001014,15719352,1014,3205
TD001015,15690079,1015,26778
TD001016,15733114,1016,37853
TD001017,15570060,1017,30299
TD001018,15723299,1018,27628
TD001019,15623521,1019,21590
TD001020,15578603,1020,1177
TD001021,15650889,1021,37015
TD001022,15777826,1022,2998
TD001023,15596939,1023,30633
TD001024,15706186,1024,36238
TD001025,15805062,1025,14348
TD001026,15647099,1026,17612
TD001027,15599268,1027,4898
TD001028,15743871,1028,28517
TD001029,15601659,1029,30052
TD001030,15616280,1030,42311
TD001031,15715667,1031,36262
TD001032,15749177,1032,46068
TD001033,15569050,1033,48262
TD001034,15649121,1034,31429
TD001035,15696098,1035,17703
TD001036,15616330,1036,43963
TD001037,15640078,1037,45153
TD001038,15754084,1038,2283
TD001039,15596800,1039,26596
TD001040,15770435,1040,19188
TD001041,15716155,1041,2559
TD001042,15569807,1042,22881
TD001043,15607537,1043,16504
TD001044,15710743,1044,30842
TD001045,15698786,1045,3199
TD001046,15589358,1046,41018
TD001047,15763625,1047,4201
TD001048,15677052,1048,15510
TD001049,15754605,1049,18621
TD001050,15792388,1050,13887
TD001051,15706593,1051,49314
TD001052,15656121,1052,3730
TD001053,15789095,1053,9857
TD001054,15814032,1054,47906
TD001055,15693904,1055,48031
TD001056,15740900,1056,34894
TD001057,15701555,1057,40241
TD001058,15734886,1058,44498
TD001059,15580845,1059,22341
TD001060,15781802,1060,28898
TD001061,15628674,1061,35044
TD001062,15778463,1062,23425
TD001063,15607598,1063,18735
TD001064,15646764,1064,7873
TD001065,15685997,1065,48089
TD001066,15787655,1066,14439
TD001067,15617078,1067,18677
TD001068,15602010,1068,41596
TD001069,15769169,1069,29436
TD001070,15593973,1070,37488
TD001071,15797733,1071,32936
TD001072,15620507,1072,27059
TD001073,15773809,1073,26341
TD001074,15781553,1074,21417
TD001075,15635141,1075,39755
TD001076,15732199,1076,10508
TD001077,15592089,1077,28204
TD001078,15805112,1078,16799
TD001079,15589221,1079,37332
TD001080,15582797,1080,34209
TD001081,15585961,1081,34308
TD001082,15578977,1082,13825
TD001083,15791991,1083,2141
TD001084,15610383,1084,7425
TD001085,15615032,1085,4558
TD001086,15625881,1086,46888
TD001087,15804072,1087,33713
TD001088,15625698,1088,41249
TD001089,15648489,1089,12772
TD001090,15590820,1090,38087
TD001091,15665695,1091,7181
TD001092,15769504,1092,40212
TD001093,15590476,1093,27474
TD001094,15779182,1094,46258
TD001095,15803681,1095,21728
TD001096,15813917,1096,45055
TD001097,15568025,1097,17575
TD001098,15583548,1098,8795
TD001099,15619087,1099,32499
TD001100,15714689,1100,7117
TD001101,15738174,1101,49155
TD001102,15765537,1102,15407
TD001103,15624347,1103,48624
TD001104,15674148,1104,24440
TD001105,15772892,1105,47459
TD001106,15738907,1106,22962
TD001107,15636589,1107,36186
TD001108,15603830,1108,49695
TD001109,15670080,1109,45420
TD001110,15578761,1110,7605
TD001111,15682528,1111,39334
TD001112,15671097,1112,27997
TD001113,15749004,1113,42082
TD001114,15714567,1114,3573
TD001115,15716134,1115,3166
TD001116,15647301,1116,25404
TD001117,15801658,1117,8390
TD001118,15814035,1118,49087
TD001119,15791700,1119,42733
TD001120,15668081,1120,32639
TD001121,15598846,1121,42415
TD001122,15806688,1122,17402
TD001123,15640280,1123,3876
TD001124,15812241,1124,42576
TD001125,15605965,1125,18167
TD001126,15727915,1126,25557
TD001127,15626900,1127,30173
TD001128,15703119,1128,40931
TD001129,15763612,1129,5192
TD001130,15752026,1130,38051
TD001131,15720559,1131,42611
TD001132,15710424,1132,22449
TD001133,15598782,1133,40635
TD001134,15694821,1134,28800
TD001135,15639788,1135,37829
TD001136,15620981,1136,42841
TD001137,15791767,1137,45116
TD001138,15636089,1138,21213
TD001139,15585036,1139,6619
TD001140,15580684,1140,18727
TD001141,15634950,1141,34956
TD001142,15721935,1142,36453
TD001143,15676715,1143,6678
TD001144,15765311,1144,9115
TD001145,15607040,1145,2831
TD001146,15761374,1146,34105
TD001147,15702789,1147,31024
TD001148,15609824,1148,40185
TD001149,15630328,1149,38813
TD001150,15654379,1150,49396
TD001151,15760550,1151,8646
TD001152,15808689,1152,30942
TD001153,15716822,1153,25140
TD001154,15640454,1154,9797
TD001155,15601688,1155,33093
TD001156,15709387,1156,39711
TD001157,15625916,1157,49180
TD001158,15695846,1158,11982
TD001159,15745843,1159,42875
TD001160,15746970,1160,28828
TD001161,15742632,1161,41370
TD001162,15575024,1162,39645
TD001163,15805254,1163,22646
TD001164,15683195,1164,11911
TD001165,15676242,1165,41390
TD001166,15613141,1166,45316
TD001167,15762418,1167,17825
TD001168,15762332,1168,15176
TD001169,15798906,1169,21964
TD001170,15625824,1170,46549
TD001171,15680727,1171,33524
TD001172,15696231,1172,24155
TD001173,15697789,1173,23469
TD001174,15633419,1174,37057
TD001175,15704583,1175,38113
TD001176,15653762,1176,30711
TD001177,15654654,1177,9379
TD001178,15668886,1178,9579
TD001179,15686963,1179,30972
TD001180,15776807,1180,23096
TD001181,15757811,1181,22249
TD001182,15627232,1182,41400
TD001183,15807008,1183,28359
TD001184,15761976,1184,4412
TD001185,15743067,1185,6262
TD001186,15626485,1186,18311
TD001187,15575883,1187,17698
TD001188,15672692,1188,29733
TD001189,15716609,1189,19149
TD001190,15733964,1190,18160
TD001191,15674922,1191,49913
TD001192,15805955,1192,44870
TD001193,15588670,1193,22189
TD001194,15779947,1194,22672
TD001195,15658485,1195,30444
TD001196,15589805,1196,8424
TD001197,15683930,1197,35257
TD001198,15801548,1198,6357
TD001199,15600991,1199,12234
TD001200,15623944,1200,37780
TD001201,15768104,1201,47666
TD001202,15774155,1202,39260
TD001203,15783615,1203,38531
TD001204,15740494,1204,24824
TD001205,15651983,1205,25056
TD001206,15726556,1206,33789
TD001207,15791191,1207,28450
TD001208,15576162,1208,26704
TD001209,15604348,1209,18469
TD001210,15720893,1210,5307
TD001211,15792328,1211,14764
TD001212,15739131,1212,31708
TD001213,15695129,1213,39691
TD001214,15612064,1214,12745
TD001215,15720910,1215,5919
TD001216,15729956,1216,41357
TD001217,15807294,1217,37803
TD001218,15613844,1218,18992
TD001219,15712825,1219,49358
TD001220,15605037,1220,40015
TD001221,15705620,1221,22041
TD001222,15627484,1222,49892
TD001223,15694366,1223,16208
TD001224,15755638,1224,4618
TD001225,15676519,1225,1996
TD001226,15806926,1226,26548
TD001227,15791279,1227,31518
TD001228,15640865,1228,23796
TD001229,15737748,1229,38125
TD001230,15600821,1230,7491
TD001231,15810347,1231,34682
TD001232,15683841,1232,33093
TD001233,15678626,1233,18448
TD001234,15692132,1234,45143
TD001235,15790299,1235,1274
TD001236,15799515,1236,41982
TD001237,15578006,1237,35360
TD001238,15808473,1238,25708
TD001239,15709117,1239,32752
TD001240,15745080,1240,20599
TD001241,15668032,1241,33177
TD001242,15758116,1242,32741
TD001243,15662294,1243,2336
TD001245,15758606,1245,47982
TD001246,15704769,1246,45086
TD001247,15567367,1247,48728
TD001248,15750765,1248,49967
TD001249,15774738,1249,9131
TD001250,15582714,1250,34526
TD001251,15808228,1251,18334
TD001252,15599289,1252,9374
TD001253,15628034,1253,18468
TD001254,15660422,1254,42493
TD001255,15755648,1255,5455
TD001256,15754068,1256,5493
TD001257,15769522,1257,43575
TD001258,15703399,1258,2820
TD001259,15702968,1259,38477
TD001260,15804919,1260,13910
TD001261,15727490,1261,14677
TD001262,15629448,1262,13454
TD001263,15640268,1263,5884
TD001264,15734565,1264,38049
TD001265,15800440,1265,22149
TD001266,15711219,1266,49372
TD001267,15641009,1267,28923
TD001268,15658306,1268,26136
TD001269,15797964,1269,43463
TD001270,15688691,1270,37086
TD001271,15587233,1271,27969
TD001272,15724623,1272,23989
TD001273,15611325,1273,39840
TD001274,15587611,1274,39738
TD001275,15578006,1275,36006
TD001276,15687162,1276,38790
TD001277,15790782,1277,16961
TD001278,15612494,1278,27163
TD001279,15605968,1279,20878
TD001280,15765014,1280,2220
TD001281,15745527,1281,35153
TD001282,15732270,1282,16211
TD001283,15694456,1283,20018
TD001284,15640953,1284,27476
TD001285,15578866,1285,13835
TD001286,15745827,1286,44538
TD001287,15674880,1287,1242
TD001288,15632210,1288,1516
TD001289,15693814,1289,49219
TD001290,15585067,1290,10147
TD001291,15770030,1291,10900
TD001292,15646372,1292,48598
TD001293,15714466,1293,3485
TD001294,15729975,1294,43272
TD001295,15806438,1295,12593
TD001296,15664772,1296,31054
TD001297,15745324,1297,29132
TD001298,15586959,1298,19934
TD001299,15698442,1299,45854
TD001300,15638003,1300,34300
TD001301,15686936,1301,32209
TD001302,15781465,1302,22565
TD001303,15783398,1303,33504
TD001304,15705657,1304,24599
TD001305,15718893,1305,42924
TD001306,15685150,1306,25929
TD001307,15669410,1307,28016
TD001308,15752300,1308,49571
TD001309,15613749,1309,17594
TD001310,15790497,1310,8687
TD001311,15709295,1311,39494
TD001312,15810218,1312,32060
TD001313,15776433,1313,13763
TD001314,15646566,1314,5985
TD001315,15742854,1315,1869
TD001316,15813113,1316,23871
TD001317,15748797,1317,39133
TD001318,15599956,1318,31173
TD001319,15722246,1319,49103
TD001320,15571752,1320,38901
TD001321,15621644,1321,17538
TD001322,15769948,1322,8885
TD001323,15575409,1323,5316
TD001324,15642833,1324,37435
TD001325,15655274,1325,31115
TD001326,15785519,1326,1644
TD001327,15593295,1327,20839
TD001328,15780961,1328,7383
TD001329,15687959,1329,15397
TD001330,15730038,1330,45837
TD001331,15686345,1331,14398
TD001332,15646276,1332,46302
TD001333,15733974,1333,20901
TD001334,15570417,1334,46755
TD001335,15775905,1335,46770
TD001336,15712403,1336,38265
TD001337,15713843,1337,33921
TD001338,15571816,1338,41191
TD001339,15778410,1339,26491
TD001340,15646615,1340,7946
TD001341,15704284,1341,31666
TD001342,15657566,1342,4454
TD001343,15579062,1343,20897
TD001344,15789669,1344,32598
TD001345,15596021,1345,7649
TD001346,15742378,1346,36641
TD001347,15667651,1347,23168
TD001348,15775663,1348,39489
TD001349,15741429,1349,7273
TD001350,15785865,1350,12778
TD001351,15617603,1351,39780
TD001352,15787318,1352,8854
TD001353,15750778,1353,3154
TD001354,15709737,1354,4926
TD001355,15762110,1355,11473
TD001356,15665077,1356,41529
TD001357,15566251,1357,16002
TD001358,15772933,1358,4030
TD001359,15664523,1359,24406
TD001360,15624391,1360,5356
TD001361,15727251,1361,8968
TD001362,15753566,1362,40734
TD001363,15699911,1363,43480
TD001364,15762134,1364,12370
TD001365,15680855,1365,40790
TD001366,15690664,1366,1879
TD001367,15607381,1367,17176
TD001368,15780835,1368,4157
TD001369,15732266,1369,17566
TD001370,15785980,1370,16683
TD001371,15761132,1371,30428
TD001372,15724307,1372,15893
TD001373,15771942,1373,22565
TD001374,15621644,1374,18439
TD001375,15696637,1375,40192
TD001376,15762198,1376,14558
TD001377,15626114,1377,10057
TD001378,15797276,1378,23988
TD001379,15789546,1379,29380
TD001380,15604304,1380,20012
TD001381,15646037,1381,39726
TD001382,15599660,1382,23085
TD001383,15640846,1383,25842
TD001384,15690647,1384,1658
TD001385,15595592,1385,44031
TD001386,15647091,1386,23484
TD001387,15629617,1387,20818
TD001388,15765520,1388,19742
TD001389,15589975,1389,16975
TD001390,15794874,1390,47732
TD001391,15772995,1391,6513
TD001392,15707078,1392,21145
TD001393,15571973,1393,46993
TD001394,15697095,1394,5712
TD001395,15662955,1395,25411
TD001396,15689614,1396,18840
TD001397,15621687,1397,20163
TD001398,15640260,1398,7931
TD001399,15786199,1399,23965
TD001400,15654495,1400,8241
TD001401,15793949,1401,19244
TD001402,15597951,1402,19447
TD001403,15624388,1403,5994
TD001404,15624068,1404,45092
TD001405,15671139,1405,34280
TD001406,15631070,1406,17183
TD001407,15714993,1407,21760
TD001408,15651554,1408,15208
TD001409,15614818,1409,3432
TD001410,15800228,1410,18042
TD001411,15637650,1411,25244
TD001412,15650098,1412,19141
TD001413,15795228,1413,10096
TD001414,15688713,1414,40216
TD001415,15645544,1415,25021
TD001416,15652693,1416,1652
TD001417,15646859,1417,16819
TD001418,15754796,1418,30815
TD001419,15801488,1419,8254
TD001420,15589449,1420,1196
TD001421,15636731,1421,45926
TD001422,15627305,1422,47743
TD001423,15708212,1423,7825
TD001424,15650933,1424,45230
TD001425,15791302,1425,35597
TD001426,15754342,1426,16877
TD001427,15596175,1427,13817
TD001428,15597131,1428,43470
TD001429,15780954,1429,8883
TD001430,15690678,1430,3401
TD001431,15800703,1431,33124
TD001432,15774931,1432,18225
TD001433,15756471,1433,33994
TD001434,15812338,1434,1852
TD001435,15737795,1435,43084
TD001436,15781884,1436,37832
TD001437,15695475,1437,5224
TD001438,15813034,1438,23496
TD001439,15657085,1439,40193
TD001440,15805449,1440,33400
TD001441,15707114,1441,23094
TD001442,15566211,1442,16207
TD001443,15692002,1443,44666
TD001444,15685309,1444,33204
TD001445,15729832,1445,41406
TD001446,15591123,1446,4531
TD001447,15723886,1447,4117
TD001448,15806880,1448,28896
TD001449,15589660,1449,8230
TD001450,15583595,1450,16236
TD001451,15589754,1451,11178
TD001452,15689081,1452,3269
TD001453,15613471,1453,11424
TD001454,15633897,1454,7634
TD001455,15625021,1455,26501
TD001456,15719348,1456,10595
TD001457,15660316,1457,42658
TD001458,15644765,1458,1603
TD001459,15782219,1459,48608
TD001460,15725141,1460,43243
TD001461,15628205,1461,27305
TD001462,15595282,1462,35730
TD001463,15706899,1463,16803
TD001464,15604804,1464,36940
TD001465,15708608,1465,20815
TD001466,15656726,1466,29523
TD001467,15729362,1467,27210
TD001468,15630321,1468,44019
TD001469,15649992,1469,16824
TD001470,15743411,1470,21771
TD001471,15751531,1471,28503
TD001472,15620505,1472,33797
TD001473,15794479,1473,36898
TD001474,15794142,1474,26468
TD001475,15750264,1475,38295
TD001476,15585241,1476,18703
TD001477,15671209,1477,37674
TD001478,15777211,1478,40686
TD001479,15576683,1479,47462
TD001480,15810978,1480,9475
TD001481,15591932,1481,30205
TD001482,15585367,1482,22711
TD001483,15658459,1483,34534
TD001484,15648794,1484,28942
TD001485,15766575,1485,5095
TD001486,15723053,1486,27958
TD001487,15681174,1487,3752
TD001488,15633531,1488,45867
TD001489,15685357,1489,35457
TD001490,15734311,1490,34017
TD001491,15808017,1491,15873
TD001492,15652400,1492,42862
TD001493,15782468,1493,7904
TD001494,15593969,1494,44572
TD001495,15702430,1495,25811
TD001496,15667134,1496,9674
TD001497,15646817,1497,16877
TD001498,15697625,1498,23910
TD001499,15633640,1499,49433
TD001500,15589257,1500,45605
TD001501,15728773,1501,9529
TD001502,15779390,1502,10641
TD001503,15666055,1503,25345
TD001504,15584930,1504,9538
TD001505,15569451,1505,19716
TD001506,15654851,1506,21079
TD001507,15585255,1507,19664
TD001508,15752463,1508,9023
TD001509,15634141,1509,16133
TD001510,15645511,1510,25613
TD001511,15655339,1511,36292
TD001512,15692744,1512,19840
TD001513,15806447,1513,16578
TD001514,15592736,1514,6689
TD001515,15689341,1515,12400
TD001516,15746749,1516,28029
TD001517,15715031,1517,24808
TD001518,15814930,1518,34631
TD001519,15616529,1519,9342
TD001520,15657812,1520,15106
TD001521,15778287,1521,25772
TD001522,15762745,1522,33997
TD001523,15737071,1523,22136
TD001524,15768006,1524,1118
TD001525,15697879,1525,32243
TD001526,15750929,1526,10776
TD001527,15747591,1527,5317
TD001528,15674840,1528,4099
TD001529,15682834,1529,6925
TD001530,15690182,1530,38726
TD001531,15636935,1531,5119
TD001532,15663438,1532,42713
TD001533,15604217,1533,19916
TD001534,15799479,1534,45932
TD001535,15696900,1535,2064
TD001536,15725024,1536,40908
TD001537,15568360,1537,35440
TD001538,15769499,1538,47639
TD001539,15792064,1539,12156
TD001540,15591711,1540,24357
TD001541,15743976,1541,40493
TD001542,15692416,1542,10182
TD001543,15688880,1543,47586
TD001544,15752508,1544,11030
TD001545,15732448,1545,26200
TD001546,15585047,1546,13879
TD001547,15672756,1547,37820
TD001548,15700212,1548,6955
TD001549,15759436,1549,29879
TD001550,15658057,1550,23211
TD001551,15623644,1551,34447
TD001552,15677135,1552,26651
TD001553,15605926,1553,24234
TD001554,15700255,1554,8390
TD001555,15575935,1555,25566
TD001556,15669899,1556,47408
TD001557,15813168,1557,29673
TD001558,15708063,1558,5501
TD001559,15680167,1559,22760
TD001560,15576676,1560,48622
TD001561,15755178,1561,45088
TD001562,15710164,1562,21699
TD001563,15570326,1563,47827
TD001564,15748718,1564,40883
TD001565,15660429,1565,47997
TD001566,15724858,1566,36272
TD001567,15696703,1567,45502
TD001568,15603246,1568,39411
TD001569,15643824,1569,23320
TD001570,15618936,1570,35825
TD001571,15583499,1571,15317
TD001572,15569410,1572,19584
TD001573,15811842,1573,37840
TD001574,15800517,1574,29789
TD001575,15600110,1575,40316
TD001576,15768201,1576,8047
TD001577,15600651,1577,8120
TD001578,15590993,1578,2745
TD001579,15774882,1579,19205
TD001580,15633108,1580,34318
TD001581,15582180,1581,23599
TD001582,15685329,1582,36170
TD001584,15806967,1584,33905
TD001585,15805429,1585,35245
TD001586,15784280,1586,16656
TD001587,15625641,1587,47965
TD001588,15623502,1588,30674
TD001589,15684999,1589,26059
TD001590,15700174,1590,6491
TD001591,15775546,1591,39993
TD001592,15722322,1592,7099
TD001593,15609510,1593,38016
TD001594,15613282,1594,7962
TD001595,15766887,1595,16637
TD001596,15730540,1596,16920
TD001597,15753969,1597,8221
TD001598,15784092,1598,11032
TD001599,15569423,1599,20446
TD001600,15633461,1600,45601
TD001601,15802501,1601,42751
TD001602,15775880,1602,1533
TD001603,15592994,1603,16200
TD001604,15774696,1604,13864
TD001605,15721426,1605,28545
TD001606,15664001,1606,12423
TD001607,15704483,1607,42357
TD001608,15792649,1608,31464
TD001609,15704770,1609,2287
TD001610,15679611,1610,6391
TD001611,15804394,1611,3602
TD001612,15630725,1612,9990
TD001613,15681843,1613,26633
TD001614,15815560,1614,6792
TD001615,15724620,1615,29727
TD001616,15584271,1616,40014
TD001617,15586996,1617,26504
TD001618,15729279,1618,27204
TD001619,15635459,1619,9860
TD001620,15721292,1620,24646
TD001621,15747867,1621,15471
TD001622,15588248,1622,16400
TD001623,15769829,1623,10313
TD001624,15606149,1624,32354
TD001625,15567993,1625,25559
TD001626,15756668,1626,43382
TD001627,15762605,1627,31442
TD001628,15636572,1628,44516
TD001629,15802478,1629,42514
TD001630,15761141,1630,35110
TD001631,15750497,1631,48170
TD001632,15647385,1632,36780
TD001633,15808044,1633,19124
TD001634,15782569,1634,13432
TD001635,15654901,1635,24822
TD001636,15694296,1636,21059
TD001637,15813444,1637,39589
TD001638,15588986,1638,39550
TD001639,15565779,1639,6164
TD001640,15575410,1640,10736
TD001641,15777904,1641,15939
TD001642,15770525,1642,32212
TD001643,15687658,1643,11404
TD001644,15650575,1644,37872
TD001645,15675316,1645,20844
TD001646,15684801,1646,20890
TD001647,15672374,1647,27678
TD001648,15741336,1648,9473
TD001649,15703143,1649,1531
TD001650,15604295,1650,24323
TD001651,15744279,1651,2755
TD001652,15763055,1652,45817
TD001653,15783865,1653,4930
TD001654,15766289,1654,48103
TD001655,15750776,1655,8226
TD001656,15717225,1656,46184
TD001657,15697283,1657,16011
TD001658,15706185,1658,46985
TD001659,15650391,1659,32423
TD001660,15645103,1660,15515
TD001661,15720702,1661,7053
TD001662,15601008,1662,20632
TD001663,15582591,1663,37734
TD001664,15587419,1664,40416
TD001665,15630419,1665,1405
TD001666,15626608,1666,30284
TD001667,15793247,1667,2004
TD001668,15602084,1668,5089
TD001669,15571059,1669,23351
TD001670,15724563,1670,28895
TD001671,15691111,1671,20921
TD001672,15721730,1672,39108
TD001673,15575417,1673,11514
TD001674,15607713,1674,32687
TD001675,15619653,1675,10836
TD001676,15812750,1676,18738
TD001677,15800856,1677,42049
TD001678,15583576,1678,19523
TD001679,15595303,1679,40070
TD001680,15608653,1680,12928
TD001681,15615797,1681,38405
TD001682,15720662,1682,6170
TD001683,15605263,1683,5891
TD001684,15668058,1684,41514
TD001685,15668445,1685,4527
TD001686,15618018,1686,9339
TD001687,15779711,1687,23737
TD001688,15595221,1688,37681
TD001689,15701301,1689,43111
TD001690,15587581,1690,45880
TD001691,15574213,1691,23497
TD001692,15602994,1692,33707
TD001693,15768095,1693,6750
TD001694,15619889,1694,18475
TD001695,15672598,1695,35438
TD001696,15637414,1696,22773
TD001697,15802256,1697,36788
TD001698,15647975,1698,7191
TD001699,15623560,1699,34359
TD001700,15778190,1700,25808
TD001701,15623277,1701,25620
TD001702,15663830,1702,8754
TD001703,15806027,1703,6788
TD001704,15582616,1704,39206
TD001705,15640627,1705,24527
TD001706,15591130,1706,9168
TD001707,15639077,1707,25512
TD001708,15773487,1708,27154
TD001709,15716835,1709,34995
TD001710,15593331,1710,28466
TD001711,15807909,1711,16265
TD001712,15740164,1712,23230
TD001713,15781210,1713,21647
TD001714,15808182,1714,24779
TD001715,15617197,1715,33382
TD001716,15794014,1716,26614
TD001717,15588080,1717,12807
TD001718,15766609,1718,10110
TD001719,15741554,1719,17438
TD001720,15600992,1720,21122
TD001721,15793881,1721,22576
TD001722,15671590,1722,4649
TD001723,15579706,1723,47321
TD001724,15797160,1724,26274
TD001725,15735878,1725,37588
TD001726,15750248,1726,42066
TD001727,15714397,1727,8724
TD001728,15723720,1728,3748
TD001729,15772573,1729,48178
TD001730,15678385,1730,19426
TD001731,15813144,1731,31887
TD001732,15578006,1732,43775
TD001733,15772777,1733,5569
TD001734,15756539,1734,41219
TD001735,15597909,1735,23806
TD001736,15782574,1736,15321
TD001737,15709183,1737,43264
TD001738,15759381,1738,31387
TD001739,15596088,1739,16424
TD001740,15611430,1740,2033
TD001741,15796969,1741,20642
TD001742,15742480,1742,46535
TD001743,15716023,1743,10401
TD001744,15590876,1744,1940
TD001745,15729668,1745,41422
TD001746,15645572,1746,31516
TD001747,15674811,1747,6923
TD001748,15579166,1748,31006
TD001749,15738828,1749,31444
TD001750,15704954,1750,10388
TD001751,15744105,1751,48062
TD001752,15754999,1752,42786
TD001753,15622017,1753,36445
TD001754,15712319,1754,42767
TD001755,15677049,1755,27436
TD001756,15586880,1756,25271
TD001757,15787772,1757,29813
TD001758,15664907,1758,43093
TD001759,15778934,1759,49875
TD001760,15573086,1760,38734
TD001761,15810457,1761,47102
TD001762,15617934,1762,8027
TD001763,15767129,1763,26995
TD001764,15780514,1764,49939
TD001765,15772243,1765,38560
TD001766,15679283,1766,47876
TD001767,15773605,1767,31815
TD001768,15701265,1768,43338
TD001769,15678727,1769,30691
TD001770,15755868,1770,21030
TD001771,15779059,1771,4953
TD001772,15613713,1772,24349
TD001773,15659651,1773,27415
TD001774,15725835,1774,21094
TD001775,15764170,1775,33472
TD001776,15634896,1776,44077
TD001777,15605275,1777,7861
TD001778,15726267,1778,34554
TD001779,15565701,1779,6126
TD001780,15693259,1780,40361
TD001781,15731815,1781,10589
TD001782,15628886,1782,4872
TD001783,15625904,1783,10449
TD001784,15621353,1784,16388
TD001785,15739054,1785,39062
TD001786,15603594,1786,4904
TD001787,15700854,1787,30920
TD001788,15778135,1788,25599
TD001789,15597239,1789,3954
TD001790,15678374,1790,20105
TD001791,15573242,1791,44097
TD001792,15726494,1792,41829
TD001793,15612771,1793,44505
TD001794,15751336,1794,27949
TD001795,15733234,1795,5815
TD001796,15669293,1796,32702
TD001797,15615029,1797,16569
TD001798,15655238,1798,38040
TD001799,15635597,1799,17198
TD001800,15662758,1800,26189
TD001801,15586243,1801,6289
TD001802,15718247,1802,31347
TD001803,15739357,1803,48761
TD001804,15684269,1804,7084
TD001805,15774857,1805,22272
TD001806,15719958,1806,35455
TD001807,15679024,1807,40544
TD001808,15732175,1808,22208
TD001809,15767794,1809,48392
TD001810,15727021,1810,9471
TD001811,15718779,1811,47992
TD001812,15629338,1812,19394
TD001813,15679299,1813,49171
TD001814,15749050,1814,6424
TD001815,15679550,1815,7985
TD001816,15594349,1816,12825
TD001817,15612627,1817,40449
TD001818,15663489,1818,49156
TD001819,15756680,1819,47035
TD001820,15659962,1820,37855
TD001821,15666043,1821,30379
TD001822,15757646,1822,28031
TD001823,15615096,1823,19088
TD001824,15691104,1824,23305
TD001825,15632256,1825,12071
TD001826,15642002,1826,20208
TD001827,15809143,1827,7490
TD001828,15756901,1828,5038
TD001829,15644200,1829,39396
TD001830,15581840,1830,17292
TD001831,15594862,1831,28983
TD001832,15776467,1832,23640
TD001833,15711834,1833,29075
TD001834,15798895,1834,32928
TD001835,15645956,1835,44933
TD001836,15574910,1836,47569
TD001837,15718071,1837,26486
TD001838,15786993,1838,7041
TD001839,15599403,1839,22887
TD001840,15752816,1840,25610
TD001841,15746326,1841,20441
TD001842,15652540,1842,4151
TD001843,15715769,1843,4227
TD001844,15605950,1844,29925
TD001845,15806049,1845,9884
TD001846,15646513,1846,13386
TD001847,15710206,1847,27846
TD001848,15805312,1848,36089
TD001849,15629078,1849,11963
TD001850,15796334,1850,2810
TD001851,15651713,1851,27668
TD001852,15626710,1852,36608
TD001853,15615012,1853,16994
TD001854,15588614,1854,31690
TD001855,15578908,1855,24827
TD001856,15583090,1856,7483
TD001857,15714750,1857,21877
TD001858,15815420,1858,6600
TD001859,15790683,1859,23786
TD001860,15570835,1860,19654
TD001861,15701200,1861,42904
TD001862,15657529,1862,12147
TD001863,15711716,1863,25927
TD001864,15608886,1864,23279
TD001865,15735572,1865,30482
TD001866,15763544,1866,15613
TD001867,15723250,1867,40542
TD001868,15623471,1868,34473
TD001869,15775295,1869,36938
TD001870,15804610,1870,14701
TD001871,15722364,1871,13144
TD001872,15631054,1872,24609
TD001873,15814268,1873,20144
TD001874,15649280,1874,1637
TD001875,15779481,1875,19803
TD001876,15634375,1876,29626
TD001877,15812197,1877,5012
TD001878,15617705,1878,2900
TD001879,15618581,1879,30073
TD001880,15660833,1880,16875
TD001881,15596414,1881,28944
TD001882,15723411,1882,45788
TD001883,15576517,1883,49184
TD001884,15708048,1884,10578
TD001885,15692991,1885,33838
TD001886,15595067,1886,36273
TD001887,15762803,1887,42000
TD001888,15638149,1888,48822
TD001889,15584037,1889,37401
TD001890,15596552,1890,33375
TD001891,15757648,1891,29266
TD001892,15718106,1892,28506
TD001893,15663161,1893,40263
TD001894,15586974,1894,30531
TD001895,15602497,1895,21751
TD001896,15617518,1896,46410
TD001897,15749905,1897,34340
TD001898,15621432,1898,20775
TD001899,15802351,1899,43167
TD001900,15745605,1900,48094
TD001901,15631189,1901,29287
TD001902,15694188,1902,22233
TD001903,15645269,1903,24792
TD001904,15765461,1904,26685
TD001905,15701765,1905,12166
TD001906,15752488,1906,16564
TD001907,15657107,1907,48831
TD001908,15741728,1908,26045
TD001909,15709994,1909,22328
TD001910,15651802,1910,31430
TD001911,15737605,1911,45286
TD001912,15734008,1912,31798
TD001913,15689612,1913,27567
TD001914,15777576,1914,10412
TD001915,15573280,1915,47383
TD001916,15593470,1916,36277
TD001917,15747222,1917,49509
TD001918,15570205,1918,1110
TD001919,15685844,1919,8863
TD001920,15772528,1920,1029
TD001921,15629846,1921,36995
TD001922,15589195,1922,1856
TD001923,15746594,1923,30143
TD001924,15673055,1924,4497
TD001925,15631813,1925,49039
TD001926,15689514,1926,24750
TD001927,15639322,1927,36847
TD001928,15704250,1928,40591
TD001929,15622454,1929,3983
TD001930,15659486,1930,24969
TD001931,15698510,1931,9705
TD001932,15574167,1932,26168
TD001933,15801466,1933,16310
TD001934,15732740,1934,41865
TD001935,15568963,1935,11898
TD001936,15603851,1936,15421
TD001937,15809772,1937,28859
TD001938,15648577,1938,29933
TD001939,15585041,1939,20374
TD001940,15700223,1940,13960
TD001941,15780846,1941,14239
TD001942,15597896,1942,26922
TD001943,15590268,1943,35476
TD001944,15609637,1944,47920
TD001945,15746410,1945,24813
TD001946,15571550,1946,43281
TD001947,15778157,1947,28984
TD001948,15719606,1948,26957
TD001949,15815660,1949,15587
TD001950,15618182,1950,18911
TD001951,15690925,1951,19915
TD001952,15618314,1952,23037
TD001953,15726354,1953,40226
TD001954,15678886,1954,38765
TD001955,15758836,1955,18181
TD001956,15633612,1956,7333
TD001957,15594685,1957,25638
TD001958,15764174,1958,36707
TD001959,15617648,1959,2510
TD001960,15736656,1960,16700
TD001961,15796343,1961,4976
TD001962,15724863,1962,43159
TD001963,15569678,1963,34539
TD001964,15641043,1964,41826
TD001965,15713479,1965,33313
TD001966,15671789,1966,14966
TD001967,15746190,1967,18367
TD001968,15811236,1968,25769
TD001969,15798975,1969,37703
TD001970,15799211,1970,45036
TD001971,15724466,1971,31005
TD001972,15645543,1972,34459
TD001973,15569222,1973,20573
TD001974,15721303,1974,31005
TD001975,15734491,1975,47842
TD001976,15709338,1976,3131
TD001977,15577806,1977,41740
TD001978,15649418,1978,7683
TD001979,15638355,1979,7754
TD001980,15796313,1980,4369
TD001981,15701333,1981,49067
TD001982,15769818,1982,16075
TD001983,15730738,1983,29637
TD001984,15761763,1984,11409
TD001985,15773869,1985,43705
TD001986,15724834,1986,42668
TD001987,15593795,1987,47559
TD001988,15598175,1988,36353
TD001989,15591179,1989,15498
TD001990,15569187,1990,19777
TD001991,15701946,1991,19239
TD001992,15731507,1992,4628
TD001993,15673238,1993,11343
TD001994,15689980,1994,40352
TD001995,15569209,1995,20544
TD001996,15592116,1996,44664
TD001997,15813590,1997,1234
TD001998,15725478,1998,13835
TD001999,15685245,1999,40655
TD002000,15635660,2000,22568
TD002001,15654106,2001,6399
TD002002,15591386,2002,22136
TD002003,15677512,2003,46005
TD002004,15714634,2004,20780
TD002005,15790379,2005,16844
TD002006,15585901,2006,48173
TD002007,15742238,2007,43538
TD002008,15652626,2008,9639
TD002009,15644896,2009,15031
TD002010,15687477,2010,12032
TD002011,15570004,2011,45461
TD002012,15693018,2012,36834
TD002013,15665221,2013,8161
TD002014,15732917,2014,48712
TD002015,15788539,2015,8975
TD002016,15610147,2016,15953
TD002017,15631201,2017,31631
TD002018,15608387,2018,10428
TD002019,15683677,2019,41388
TD002020,15638988,2020,28074
TD002021,15681956,2021,37072
TD002022,15779064,2022,9375
TD002023,15586821,2023,27981
TD002024,15682533,2024,6009
TD002025,15753362,2025,45681
TD002026,15785078,2026,48874
TD002027,15751057,2027,23261
TD002028,15647474,2028,46271
TD002029,15783955,2029,14112
TD002030,15727944,2030,41824
TD002031,15812497,2031,16930
TD002032,15704763,2032,9261
TD002033,15714080,2033,4099
TD002034,15646539,2034,17388
TD002035,15775572,2035,48347
TD002036,15768293,2036,18719
TD002037,15751788,2037,46092
TD002038,15599251,2038,21558
TD002039,15673342,2039,15349
TD002040,15771636,2040,24418
TD002041,15773906,2041,45804
TD002042,15607691,2042,38261
TD002043,15801062,2043,5656
TD002044,15706815,2044,24076
TD002045,15648455,2045,27970
TD002046,15680918,2046,5319
TD002047,15618255,2047,22823
TD002048,15771702,2048,26600
TD002049,15802486,2049,49902
TD002050,15684267,2050,11204
TD002051,15576644,2051,6976
TD002052,15764237,2052,40258
TD002053,15655574,2053,3790
TD002054,15684484,2054,17999
TD002055,15725039,2055,1195
TD002056,15670345,2056,20733
TD002057,15748381,2057,38817
TD002058,15729970,2058,7104
TD002059,15591257,2059,19106
TD002060,15739502,2060,8624
TD002061,15728352,2061,5998
TD002062,15574886,2062,1666
TD002063,15670172,2063,15489
TD002064,15732476,2064,35891
TD002065,15720338,2065,2637
TD002066,15808784,2066,49425
TD002067,15724443,2067,31924
TD002068,15607263,2068,25435
TD002069,15681758,2069,31750
TD002070,15777922,2070,23790
TD002071,15716518,2071,31322
TD002072,15742638,2072,8042
TD002073,15641136,2073,46562
TD002074,15604782,2074,46628
TD002075,15650351,2075,38255
TD002076,15752953,2076,33869
TD002077,15730339,2077,18866
TD002078,15612071,2078,27650
TD002079,15713379,2079,32151
TD002080,15753549,2080,3412
TD002081,15630551,2081,12569
TD002082,15719809,2082,35528
TD002083,15698321,2083,6430
TD002084,15791836,2084,14353
TD002085,15756056,2085,32213
TD002086,15678058,2086,15341
TD002087,15571305,2087,38083
TD002088,15614929,2088,18416
TD002089,15770174,2089,28930
TD002090,15699598,2090,46136
TD002091,15566494,2091,36013
TD002092,15651063,2092,11615
TD002093,15661219,2093,32462
TD002094,15693893,2094,16352
TD002095,15789548,2095,41614
TD002096,15663808,2096,14770
TD002097,15645463,2097,34104
TD002098,15612776,2098,49845
TD002099,15792722,2099,42074
TD002100,15758813,2100,19933
TD002101,15631848,2101,4115
TD002102,15766686,2102,19025
TD002103,15619029,2103,47769
TD002104,15787026,2104,12586
TD002105,15651140,2105,14223
TD002106,15812945,2106,32093
TD002107,15634267,2107,30205
TD002108,15607314,2108,27696
TD002109,15804075,2109,2179
TD002110,15688637,2110,49692
TD002111,15796179,2111,2442
TD002112,15672594,2112,42403
TD002113,15576945,2113,17361
TD002114,15604314,2114,32800
TD002115,15668575,2115,15867
TD002116,15657342,2116,10668
TD002117,15667458,2117,30275
TD002118,15776824,2118,39569
TD002119,15800229,2119,30126
TD002120,15672704,2120,45949
TD002121,15606641,2121,7054
TD002122,15771139,2122,10405
TD002123,15612030,2123,27144
TD002124,15718944,2124,9427
TD002125,15782659,2125,24569
TD002126,15598751,2126,7554
TD002127,15738219,2127,18991
TD002128,15686255,2128,25157
TD002129,15748116,2129,31826
TD002130,15586870,2130,31319
TD002131,15583364,2131,20652
TD002132,15613097,2132,11373
TD002133,15624428,2133,19644
TD002134,15662884,2134,35773
TD002135,15634891,2135,1024
TD002136,15792008,2136,20569
TD002137,15782941,2137,33515
TD002138,15573893,2138,21176
TD002139,15743818,2139,45761
TD002140,15584364,2140,2804
TD002141,15792228,2141,27474
TD002142,15641183,2142,49192
TD002143,15682268,2143,48818
TD002144,15769051,2144,44053
TD002145,15756820,2145,7916
TD002146,15704629,2146,7045
TD002147,15598088,2147,36359
TD002148,15622750,2148,16882
TD002149,15748947,2149,8926
TD002150,15791131,2150,42621
TD002151,15691703,2151,47433
TD002152,15701109,2152,45030
TD002153,15624781,2153,30927
TD002154,15763665,2154,24260
TD002155,15573769,2155,17621
TD002156,15666141,2156,39112
TD002157,15782591,2157,23005
TD002158,15756751,2158,5998
TD002159,15799825,2159,18282
TD002160,15734762,2160,10387
TD002161,15603216,2161,48562
TD002162,15723320,2162,47727
TD002163,15603942,2163,22101
TD002164,15809777,2164,32873
TD002165,15732020,2165,23472
TD002166,15647842,2166,11024
TD002167,15631333,2167,38273
TD002168,15642345,2168,36655
TD002169,15703588,2169,24166
TD002170,15578515,2170,17999
TD002171,15723008,2171,38208
TD002172,15582960,2172,8825
TD002173,15741385,2173,19917
TD002174,15685346,2174,46761
TD002175,15661821,2175,3517
TD002176,15763171,2176,9320
TD002177,15653937,2177,4152
TD002178,15577274,2178,28665
TD002179,15595537,2179,6823
TD002180,15732430,2180,36437
TD002181,15663263,2181,48321
TD002182,15634262,2182,31325
TD002183,15647008,2183,34460
TD002184,15618926,2184,45953
TD002185,15636756,2185,10688
TD002186,15596397,2186,33602
TD002187,15677217,2187,39988
TD002188,15616709,2188,26295
TD002189,15756875,2189,10369
TD002190,15613189,2190,15211
TD002191,15735263,2191,26445
TD002192,15663441,2192,5025
TD002193,15619972,2193,29531
TD002194,15673539,2194,24091
TD002195,15682356,2195,3429
TD002196,15642544,2196,43300
TD002197,15622585,2197,12600
TD002198,15569503,2198,33109
TD002199,15612193,2199,33489
TD002200,15801767,2200,30180
TD002201,15634281,2201,32237
TD002202,15607993,2202,1342
TD002203,15647402,2203,47014
TD002204,15589204,2204,6929
TD002205,15717560,2205,16901
TD002206,15804131,2206,5564
TD002207,15781989,2207,5193
TD002208,15800062,2208,26462
TD002209,15732102,2209,26762
TD002210,15663885,2210,19095
TD002211,15712176,2211,46103
TD002212,15664204,2212,29018
TD002213,15703059,2213,8515
TD002214,15649738,2214,21615
TD002215,15722765,2215,31423
TD002216,15683521,2216,39901
TD002217,15582259,2217,36860
TD002218,15794870,2218,12683
TD002219,15699284,2219,38595
TD002220,15725997,2220,33698
TD002221,15695492,2221,19079
TD002222,15726490,2222,49015
TD002223,15733429,2223,19136
TD002224,15721460,2224,40122
TD002225,15715707,2225,8799
TD002226,15622494,2226,10272
TD002227,15566633,2227,42634
TD002228,15726186,2228,39693
TD002229,15726557,2229,2210
TD002230,15611029,2230,46933
TD002231,15607837,2231,46000
TD002232,15664754,2232,46408
TD002233,15720838,2233,20993
TD002234,15663234,2234,48323
TD002235,15735388,2235,31068
TD002236,15784736,2236,41842
TD002237,15714877,2237,32274
TD002238,15676571,2238,20829
TD002239,15639576,2239,1024
TD002240,15595388,2240,3241
TD002241,15660524,2241,13433
TD002242,15566958,2242,3963
TD002243,15755018,2243,2721
TD002244,15706587,2244,20408
TD002245,15799031,2245,44131
TD002246,15604073,2246,27573
TD002247,15730394,2247,23461
TD002248,15733768,2248,30070
TD002249,15657386,2249,14293
TD002250,15778368,2250,40676
TD002251,15667554,2251,35529
TD002252,15713854,2252,49817
TD002253,15793854,2253,30783
TD002254,15747265,2254,7570
TD002255,15731327,2255,3519
TD002256,15691446,2256,41251
TD002257,15572461,2257,27808
TD002258,15601184,2258,36220
TD002259,15737265,2259,40662
TD002260,15746451,2260,31439
TD002261,15578825,2261,29156
TD002262,15648005,2262,17709
TD002263,15717898,2263,28365
TD002264,15768244,2264,21076
TD002265,15781586,2265,42687
TD002266,15729201,2266,35802
TD002267,15574842,2267,3787
TD002268,15723339,2268,1117
TD002269,15651585,2269,30806
TD002270,15778155,2270,34413
TD002271,15591766,2271,38489
TD002272,15611905,2272,25802
TD002273,15654211,2273,14278
TD002274,15744843,2274,30830
TD002275,15732832,2275,1513
TD002276,15764419,2276,49708
TD002277,15653696,2277,47382
TD002278,15599301,2278,27188
TD002279,15704746,2279,12933
TD002280,15575691,2280,30327
TD002281,15805303,2281,43171
TD002282,15679249,2282,6593
TD002283,15739068,2283,47962
TD002284,15608968,2284,32961
TD002285,15680752,2285,4236
TD002286,15677906,2286,14029
TD002287,15694641,2287,42821
TD002288,15688409,2288,45650
TD002289,15589348,2289,12838
TD002290,15649124,2290,3873
TD002291,15798310,2291,22562
TD002292,15634719,2292,47362
TD002293,15576085,2293,42762
TD002294,15774224,2294,10962
TD002295,15631927,2295,9862
TD002296,15567333,2296,16506
TD002297,15722611,2297,28043
TD002298,15773890,2298,49677
TD002299,15769346,2299,6832
TD002300,15654390,2300,20286
TD002301,15814209,2301,25591
TD002302,15725794,2302,28799
TD002303,15803121,2303,24904
TD002304,15703482,2304,23175
TD002305,15670753,2305,37614
TD002306,15728474,2306,13945
TD002307,15589076,2307,4712
TD002308,15622117,2308,48980
TD002309,15643752,2309,33668
TD002310,15707144,2310,38797
TD002311,15649616,2311,19482
TD002312,15675320,2312,32307
TD002313,15746076,2313,20715
TD002314,15628170,2314,40721
TD002315,15626156,2315,27305
TD002316,15675422,2316,35537
TD002317,15582325,2317,40606
TD002318,15623314,2318,37256
TD002319,15718852,2319,9890
TD002320,15616811,2320,31701
TD002321,15778025,2321,31250
TD002322,15756472,2322,49138
TD002323,15736274,2323,11029
TD002324,15689237,2324,22929
TD002325,15715745,2325,11677
TD002326,15744614,2326,24615
TD002327,15811613,2327,43559
TD002328,15629511,2328,33529
TD002329,15782802,2329,32470
TD002330,15729954,2330,11232
TD002331,15644005,2331,41885
TD002332,15786200,2332,39857
TD002333,15641480,2333,12645
TD002334,15642885,2334,7216
TD002335,15664881,2335,3095
TD002336,15707674,2336,6668
TD002337,15613712,2337,33923
TD002338,15684103,2338,11016
TD002339,15658668,2339,6564
TD002340,15764105,2340,41062
TD002341,15621644,2341,34878
TD002342,15589572,2342,20683
TD002343,15619857,2343,28516
TD002344,15574879,2344,6243
TD002345,15791988,2345,23502
TD002346,15575119,2346,13717
TD002347,15654577,2347,26882
TD002348,15670702,2348,36764
TD002349,15667521,2349,36172
TD002350,15671609,2350,15914
TD002351,15633260,2351,3136
TD002352,15577478,2352,37947
TD002353,15747677,2353,22025
TD002354,15633574,2354,12921
TD002355,15610355,2355,28164
TD002356,15693347,2356,3880
TD002357,15793726,2357,28583
TD002358,15613326,2358,22314
TD002359,15777923,2359,28734
TD002360,15726088,2360,38899
TD002361,15721719,2361,1479
TD002362,15782530,2362,24599
TD002363,15775741,2363,10161
TD002364,15673372,2364,21804
TD002365,15687310,2365,12890
TD002366,15797010,2366,32538
TD002367,15757568,2367,34878
TD002368,15761294,2368,3398
TD002369,15738605,2369,35071
TD002370,15675380,2370,35153
TD002371,15678168,2371,23596
TD002372,15631912,2372,10706
TD002373,15778219,2373,38148
TD002374,15682435,2374,8921
TD002375,15669957,2375,14128
TD002376,15596870,2376,2494
TD002377,15590606,2377,4331
TD002378,15619626,2378,21950
TD002379,15774491,2379,20684
TD002380,15727299,2380,27779
TD002381,15597930,2381,35439
TD002382,15735222,2382,28421
TD002383,15810864,2383,21292
TD002384,15600700,2384,23358
TD002385,15757001,2385,17607
TD002386,15644724,2386,16108
TD002387,15603846,2387,22933
TD002388,15636238,2388,47082
TD002389,15684865,2389,35505
TD002390,15773017,2390,24178
TD002391,15596181,2391,30391
TD002392,15749130,2392,18730
TD002393,15749528,2393,31085
TD002394,15705777,2394,46849
TD002395,15626787,2395,48226
TD002396,15625522,2396,9028
TD002397,15576602,2397,11556
TD002398,15628999,2398,18847
TD002399,15720354,2399,8811
TD002400,15600934,2400,30884
TD002401,15622527,2401,14270
TD002402,15809826,2402,38438
TD002403,15589018,2403,4546
TD002404,15743016,2404,25404
TD002405,15769586,2405,16074
TD002406,15688007,2406,35194
TD002407,15601026,2407,33855
TD002408,15793842,2408,33046
TD002409,15698335,2409,12406
TD002410,15593715,2410,3269
TD002411,15706537,2411,21697
TD002412,15671124,2412,1933
TD002413,15750649,2413,17175
TD002414,15715465,2414,4510
TD002415,15665110,2415,11554
TD002416,15650034,2416,34225
TD002417,15671591,2417,16495
TD002418,15581748,2418,24436
TD002419,15812706,2419,30005
TD002420,15800845,2420,5338
TD002421,15690440,2421,12870
TD002422,15778149,2422,36811
TD002423,15589380,2423,16108
TD002424,15750808,2424,22291
TD002425,15727919,2425,47764
TD002426,15756333,2426,46597
TD002427,15773447,2427,38137
TD002428,15801218,2428,17037
TD002429,15699634,2429,4014
TD002430,15648800,2430,45210
TD002431,15688619,2431,5590
TD002432,15770101,2432,32498
TD002433,15596979,2433,6842
TD002434,15646227,2434,14516
TD002435,15713826,2435,3059
TD002436,15677173,2436,42857
TD002437,15758035,2437,1544
TD002438,15767474,2438,49165
TD002439,15699772,2439,8462
TD002440,15811588,2440,44705
TD002441,15651943,2441,44828
TD002442,15794278,2442,47140
TD002443,15721189,2443,35444
TD002444,15783659,2444,11991
TD002445,15621083,2445,19255
TD002446,15682773,2446,20623
TD002447,15642824,2447,7246
TD002448,15621210,2448,23243
TD002449,15677382,2449,49557
TD002450,15667938,2450,1815
TD002451,15641835,2451,25656
TD002452,15762268,2452,35020
TD002453,15680736,2453,6596
TD002454,15628007,2454,38048
TD002455,15770498,2455,45196
TD002456,15769254,2456,6649
TD002457,15756125,2457,40676
TD002458,15795166,2458,25939
TD002459,15790282,2459,21555
TD002460,15589320,2460,14877
TD002461,15784958,2461,3548
TD002462,15576094,2462,45914
TD002463,15809006,2463,14055
TD002464,15694556,2464,43195
TD002465,15787619,2465,37106
TD002466,15618774,2466,46035
TD002467,15774358,2467,18057
TD002468,15758482,2468,15928
TD002469,15780746,2469,20115
TD002470,15813916,2470,19381
TD002471,15645778,2471,1226
TD002472,15617982,2472,21585
TD002473,15704586,2473,11271
TD002474,15632575,2474,32993
TD002475,15579212,2475,44791
TD002476,15749401,2476,28559
TD002477,15649150,2477,7858
TD002478,15626983,2478,6712
TD002479,15644296,2479,4421
TD002480,15693468,2480,9739
TD002481,15596671,2481,47111
TD002482,15656096,2482,27265
TD002483,15706163,2483,11327
TD002484,15623791,2484,5864
TD002485,15745543,2485,7116
TD002486,15731543,2486,14142
TD002487,15583668,2487,36128
TD002488,15630402,2488,14869
TD002489,15651369,2489,27850
TD002490,15610337,2490,29901
TD002491,15799626,2491,17757
TD002492,15711455,2492,28529
TD002493,15693203,2493,1745
TD002494,15643438,2494,27079
TD002495,15715622,2495,10754
TD002496,15635728,2496,33108
TD002497,15778481,2497,48378
TD002498,15574947,2498,10969
TD002499,15770309,2499,40085
TD002500,15710161,2500,37552
TD002501,15686780,2501,47773
TD002502,15723706,2502,16472
TD002503,15725355,2503,18607
TD002504,15597901,2504,36631
TD002505,15736069,2505,7768
TD002506,15681562,2506,33103
TD002507,15657214,2507,13347
TD002508,15624633,2508,32374
TD002509,15796721,2509,26010
TD002510,15585451,2510,42791
TD002511,15621653,2511,38047
TD002512,15644119,2512,48496
TD002513,15761670,2513,17519
TD002514,15640161,2514,23834
TD002515,15730639,2515,35612
TD002516,15748597,2516,4315
TD002517,15760244,2517,22382
TD002518,15576044,2518,45316
TD002519,15769917,2519,28273
TD002520,15624820,2520,38375
TD002521,15801265,2521,20075
TD002522,15734999,2522,23888
TD002523,15722965,2523,42859
TD002524,15812616,2524,29000
TD002525,15615820,2525,4465
TD002526,15572467,2526,32567
TD002527,15637240,2527,31506
TD002528,15616922,2528,38678
TD002529,15738634,2529,38690
TD002530,15811314,2530,37741
TD002531,15758845,2531,28252
TD002532,15608114,2532,10703
TD002533,15684696,2533,32714
TD002534,15647266,2534,48425
TD002535,15658532,2535,5680
TD002536,15619280,2536,13910
TD002537,15785975,2537,36367
TD002538,15788535,2538,17742
TD002539,15601892,2539,13944
TD002540,15633043,2540,48623
TD002541,15707120,2541,41980
TD002542,15729040,2542,35503
TD002543,15743490,2543,42461
TD002544,15810864,2544,24029
TD002545,15582762,2545,9028
TD002546,15669922,2546,15950
TD002547,15795954,2547,2879
TD002548,15747208,2548,10801
TD002549,15626147,2549,31004
TD002550,15599860,2550,49141
TD002551,15744942,2551,38608
TD002552,15645517,2552,43513
TD002553,15724402,2553,38915
TD002554,15610056,2554,22278
TD002555,15671655,2555,20825
TD002556,15787255,2556,27369
TD002557,15602797,2557,42305
TD002558,15731522,2558,14715
TD002559,15779497,2559,31927
TD002560,15662434,2560,29065
TD002561,15780677,2561,19540
TD002562,15679642,2562,23536
TD002563,15673908,2563,41803
TD002564,15614878,2564,24927
TD002565,15773503,2565,42219
TD002566,15708228,2566,27752
TD002567,15734942,2567,22886
TD002568,15614220,2568,4597
TD002569,15711398,2569,28071
TD002570,15615575,2570,46636
TD002571,15727467,2571,36234
TD002572,15727546,2572,38700
TD002573,15635078,2573,14267
TD002574,15671032,2574,1835
TD002575,15566843,2575,6059
TD002576,15588450,2576,38880
TD002577,15786153,2577,42565
TD002578,15673619,2578,33099
TD002579,15695792,2579,34465
TD002580,15778154,2580,39652
TD002581,15724334,2581,37283
TD002582,15567399,2582,23414
TD002583,15657468,2583,22513
TD002584,15771087,2584,16647
TD002585,15581620,2585,23307
TD002586,15702541,2586,47799
TD002587,15724145,2587,31526
TD002588,15785406,2588,19595
TD002589,15812198,2589,17147
TD002590,15574783,2590,7449
TD002591,15735428,2591,38360
TD002592,15568595,2592,11659
TD002593,15630913,2593,32495
TD002594,15705885,2594,4596
TD002595,15727384,2595,34069
TD002596,15610686,2596,42522
TD002597,15813022,2597,42827
TD002598,15799925,2598,28845
TD002600,15608226,2600,15331
TD002601,15766417,2601,19169
TD002602,15666916,2602,21718
TD002603,15573599,2603,19967
TD002604,15733883,2604,39687
TD002605,15805637,2605,10032
TD002606,15674526,2606,12691
TD002607,15813439,2607,6923
TD002608,15629575,2608,40273
TD002609,15737310,2609,48007
TD002610,15574331,2610,42778
TD002611,15590730,2611,12153
TD002612,15788946,2612,31741
TD002613,15697424,2613,36634
TD002614,15733581,2614,30495
TD002615,15635939,2615,41672
TD002616,15777772,2616,28422
TD002617,15647782,2617,16831
TD002618,15759684,2618,6739
TD002619,15749019,2619,19148
TD002620,15641604,2620,21368
TD002621,15669411,2621,1384
TD002622,15663164,2622,3748
TD002623,15622171,2623,7008
TD002624,15709846,2624,29895
TD002625,15638463,2625,22084
TD002626,15623647,2626,3814
TD002627,15753861,2627,22383
TD002628,15703541,2628,30512
TD002629,15612050,2629,36366
TD002630,15648702,2630,45572
TD002631,15815626,2631,26127
TD002632,15602034,2632,19927
TD002633,15783305,2633,4230
TD002634,15583681,2634,39030
TD002635,15694829,2635,5564
TD002636,15738318,2636,30713
TD002637,15780572,2637,17577
TD002638,15789582,2638,2898
TD002639,15654733,2639,36682
TD002640,15615219,2640,36790
TD002641,15578096,2641,13017
TD002642,15665402,2642,24465
TD002643,15674331,2643,7275
TD002644,15809087,2644,19643
TD002645,15671930,2645,30880
TD002646,15621611,2646,39040
TD002647,15756920,2647,19550
TD002648,15624510,2648,30941
TD002649,15623430,2649,46479
TD002650,15570859,2650,33828
TD002651,15660200,2651,10359
TD002652,15747168,2652,11329
TD002653,15640258,2653,29204
TD002654,15610900,2654,1141
TD002655,15569178,2655,30803
TD002656,15712584,2656,17315
TD002657,15711288,2657,26157
TD002658,15730448,2658,32122
TD002659,15697597,2659,42779
TD002660,15628972,2660,22464
TD002661,15738448,2661,35168
TD002662,15721462,2662,47630
TD002663,15766374,2663,18890
TD002664,15575247,2664,23091
TD002665,15751774,2665,7333
TD002666,15808389,2666,47380
TD002667,15698716,2667,28603
TD002668,15779744,2668,41437
TD002669,15577170,2669,33788
TD002670,15568573,2670,12303
TD002671,15606310,2671,6143
TD002672,15779862,2672,45163
TD002673,15669656,2673,9863
TD002674,15654463,2674,28907
TD002675,15782806,2675,38476
TD002676,15775203,2676,47805
TD002677,15722072,2677,17794
TD002678,15682563,2678,18057
TD002679,15594456,2679,30813
TD002680,15742613,2680,17603
TD002681,15720929,2681,31430
TD002682,15805104,2682,43819
TD002683,15567980,2683,43142
TD002684,15611644,2684,24715
TD002685,15772798,2685,22404
TD002686,15679294,2686,14856
TD002687,15780124,2687,4539
TD002688,15629744,2688,46872
TD002689,15772601,2689,16365
TD002690,15580560,2690,41233
TD002691,15615207,2691,37285
TD002692,15720071,2692,5019
TD002693,15587913,2693,24222
TD002694,15653776,2694,7950
TD002695,15676404,2695,23421
TD002696,15778395,2696,49095
TD002697,15583073,2697,21253
TD002698,15729054,2698,38589
TD002699,15746553,2699,42064
TD002700,15591740,2700,44976
TD002701,15610165,2701,28156
TD002702,15715297,2702,4198
TD002703,15600724,2703,29525
TD002704,15704987,2704,27629
TD002705,15723006,2705,47224
TD002706,15671917,2706,31514
TD002707,15626141,2707,33504
TD002708,15721835,2708,10974
TD002709,15778975,2709,18295
TD002710,15621644,2710,41151
TD002711,15769216,2711,9806
TD002712,15726791,2712,17675
TD002713,15799710,2713,24135
TD002714,15792989,2714,11805
TD002715,15702300,2715,42521
TD002716,15735270,2716,35587
TD002717,15670823,2717,46788
TD002718,15803685,2718,49443
TD002719,15630241,2719,13805
TD002720,15589544,2720,26241
TD002721,15747724,2721,29738
TD002722,15780254,2722,9164
TD002723,15798024,2723,21040
TD002724,15769272,2724,11763
TD002725,15615456,2725,45582
TD002726,15632977,2726,49739
TD002727,15792329,2727,40567
TD002728,15789815,2728,11651
TD002729,15620111,2729,42952
TD002730,15783225,2730,3399
TD002731,15681402,2731,31968
TD002732,15807837,2732,31390
TD002733,15631685,2733,9806
TD002734,15652527,2734,18912
TD002735,15659475,2735,38313
TD002736,15800215,2736,40181
TD002737,15806913,2737,2831
TD002738,15774166,2738,16712
TD002739,15697214,2739,32266
TD002740,15808526,2740,3884
TD002741,15780128,2741,5581
TD002742,15743582,2742,48696
TD002743,15762716,2743,4854
TD002744,15813659,2744,16072
TD002745,15670587,2745,39948
TD002746,15760774,2746,42705
TD002747,15677324,2747,3824
TD002748,15780870,2748,28702
TD002749,15669887,2749,18316
TD002750,15573309,2750,13476
TD002751,15698349,2751,18654
TD002752,15614034,2752,1959
TD002753,15734628,2753,16314
TD002754,15711015,2754,19343
TD002755,15621644,2755,41916
TD002756,15770576,2756,3730
TD002757,15590320,2757,1925
TD002758,15681075,2758,22290
TD002759,15748589,2759,8198
TD002760,15656086,2760,31681
TD002761,15663386,2761,12993
TD002762,15599722,2762,48467
TD002763,15673578,2763,34973
TD002764,15796910,2764,36204
TD002765,15804787,2765,35403
TD002766,15737647,2766,12122
TD002767,15579781,2767,18393
TD002768,15624229,2768,24270
TD002769,15675854,2769,7629
TD002770,15812324,2770,24130
TD002771,15605872,2771,43266
TD002772,15602929,2772,1051
TD002773,15701096,2773,6183
TD002774,15804814,2774,36393
TD002775,15757577,2775,42093
TD002776,15792525,2776,47476
TD002777,15644356,2777,11347
TD002778,15774630,2778,31776
TD002779,15578462,2779,26709
TD002780,15681327,2780,30476
TD002781,15617617,2781,15523
TD002782,15571302,2782,49805
TD002783,15715638,2783,16146
TD002784,15668669,2784,30154
TD002785,15782360,2785,26520
TD002786,15655298,2786,7695
TD002787,15661974,2787,18664
TD002788,15694288,2788,40395
TD002789,15751561,2789,2838
TD002790,15584113,2790,6073
TD002791,15627162,2791,17582
TD002792,15700460,2792,35791
TD002793,15626385,2793,42530
TD002795,15741275,2795,27081
TD002796,15716449,2796,41508
TD002797,15651264,2797,29831
TD002798,15765532,2798,44084
TD002799,15664639,2799,3481
TD002800,15646609,2800,32580
TD002801,15733966,2801,45609
TD002802,15587013,2802,47176
TD002803,15764927,2803,25414
TD002804,15600626,2804,28204
TD002805,15691119,2805,40447
TD002806,15775803,2806,19614
TD002807,15574324,2807,45910
TD002808,15684367,2808,27190
TD002809,15714680,2809,35891
TD002810,15810864,2810,28551
TD002811,15677435,2811,8353
TD002812,15766183,2812,15502
TD002813,15787835,2813,49718
TD002814,15613699,2814,41629
TD002815,15752375,2815,28514
TD002816,15621629,2816,42488
TD002817,15631838,2817,15977
TD002818,15609562,2818,11452
TD002819,15754649,2819,1074
TD002820,15641640,2820,25884
TD002821,15728906,2821,36092
TD002822,15680141,2822,43425
TD002823,15656901,2823,9016
TD002824,15781574,2824,2817
TD002825,15771154,2825,22821
TD002826,15772341,2826,10634
TD002827,15799350,2827,14913
TD002828,15751392,2828,47263
TD002829,15794566,2829,13646
TD002830,15628947,2830,24579
TD002831,15617482,2831,12188
TD002832,15694409,2832,44894
TD002833,15732643,2833,5140
TD002834,15636454,2834,12359
TD002835,15684868,2835,43180
TD002836,15703019,2836,17866
TD002837,15759874,2837,16352
TD002838,15570769,2838,34234
TD002839,15694200,2839,38534
TD002840,15678916,2840,5756
TD002841,15773283,2841,40091
TD002842,15738267,2842,32634
TD002843,15722404,2843,30908
TD002844,15685279,2844,7073
TD002845,15689751,2845,47720
TD002846,15770225,2846,43380
TD002847,15648721,2847,49850
TD002848,15669664,2848,13086
TD002849,15608406,2849,25144
TD002850,15597914,2850,42916
TD002851,15570629,2851,30115
TD002852,15784130,2852,33528
TD002853,15691513,2853,4476
TD002854,15806956,2854,6153
TD002855,15756305,2855,4021
TD002856,15716381,2856,40420
TD002857,15743617,2857,2735
TD002858,15712287,2858,11542
TD002859,15679770,2859,32553
TD002860,15579112,2860,48236
TD002861,15807993,2861,38419
TD002862,15576714,2862,22933
TD002863,15585282,2863,43553
TD002864,15675842,2864,8872
TD002865,15671969,2865,35829
TD002867,15776233,2867,33981
TD002868,15660301,2868,17179
TD002869,15670898,2869,2696
TD002870,15731890,2870,31427
TD002871,15713644,2871,4829
TD002872,15634501,2872,1463
TD002873,15638257,2873,19914
TD002874,15762984,2874,15389
TD002875,15769246,2875,13524
TD002876,15737782,2876,18177
TD002877,15795990,2877,9605
TD002878,15658716,2878,17215
TD002879,15585533,2879,2605
TD002880,15809320,2880,30878
TD002881,15641690,2881,28471
TD002882,15776631,2882,46574
TD002883,15595831,2883,27905
TD002884,15769582,2884,24093
TD002885,15736431,2885,25450
TD002886,15674671,2886,21946
TD002887,15607827,2887,7841
TD002888,15596647,2888,4285
TD002889,15781034,2889,36183
TD002890,15646302,2890,24593
TD002891,15802466,2891,14595
TD002892,15606836,2892,26206
TD002893,15758726,2893,30717
TD002894,15798850,2894,49553
TD002895,15635116,2895,20919
TD002896,15760446,2896,35087
TD002897,15639415,2897,7219
TD002898,15755722,2898,35680
TD002899,15631460,2899,5653
TD002900,15735719,2900,3633
TD002901,15804002,2901,13380
TD002902,15661723,2902,12838
TD002903,15616666,2903,37117
TD002904,15758901,2904,36329
TD002905,15633378,2905,16212
TD002906,15625592,2906,19868
TD002907,15685706,2907,21381
TD002908,15672091,2908,40342
TD002909,15746139,2909,32800
TD002910,15660688,2910,29890
TD002911,15654975,2911,48808
TD002912,15739576,2912,25402
TD002913,15756241,2913,3023
TD002914,15722578,2914,37509
TD002915,15763747,2915,39739
TD002916,15654230,2916,25798
TD002917,15719309,2917,34223
TD002918,15714658,2918,37062
TD002919,15721585,2919,6811
TD002920,15802060,2920,2502
TD002921,15642725,2921,12235
TD002922,15797627,2922,12116
TD002923,15810864,2923,30472
TD002924,15746127,2924,32683
TD002925,15573876,2925,34028
TD002926,15638871,2926,39849
TD002927,15684198,2927,23974
TD002928,15699492,2928,8095
TD002929,15763662,2929,37342
TD002930,15690188,2930,13711
TD002931,15768367,2931,36228
TD002932,15653050,2932,38491
TD002933,15800554,2933,5038
TD002934,15727041,2934,29199
TD002935,15602551,2935,41105
TD002936,15795519,2936,45008
TD002937,15730272,2937,31409
TD002938,15742272,2938,11418
TD002939,15810786,2939,28326
TD002940,15811177,2940,40464
TD002941,15641416,2941,20997
TD002942,15627212,2942,21699
TD002943,15794273,2943,6501
TD002944,15716994,2944,11918
TD002945,15775562,2945,14506
TD002946,15772632,2946,21695
TD002947,15608109,2947,17603
TD002948,15727353,2948,39109
TD002949,15607577,2949,1145
TD002950,15700209,2950,30696
TD002951,15777639,2951,29994
TD002952,15814536,2952,46795
TD002953,15681506,2953,38966
TD002954,15678284,2954,37103
TD002955,15593014,2955,39804
TD002956,15567442,2956,31105
TD002957,15780650,2957,25435
TD002958,15727197,2958,34443
TD002959,15726103,2959,49547
TD002960,15729574,2960,10162
TD002961,15636061,2961,2335
TD002962,15669342,2962,5042
TD002963,15626008,2963,33733
TD002964,15742204,2964,9752
TD002965,15629739,2965,2425
TD002966,15583748,2966,46751
TD002967,15724536,2967,1106
TD002968,15726945,2968,26801
TD002969,15600103,2969,14796
TD002970,15569571,2970,48341
TD002971,15600392,2971,23789
TD002972,15586674,2972,39557
TD002973,15740104,2973,42807
TD002974,15730688,2974,44934
TD002975,15699619,2975,12831
TD002976,15642710,2976,12705
TD002977,15806941,2977,7779
TD002978,15765806,2978,6637
TD002979,15635972,2979,48883
TD002980,15583850,2980,1150
TD002981,15579208,2981,4268
TD002982,15757559,2982,45054
TD002983,15800326,2983,47821
TD002984,15672821,2984,15263
TD002985,15624695,2985,42405
TD002986,15610765,2986,2600
TD002987,15622518,2987,23953
TD002988,15704788,2988,26288
TD002989,15586264,2989,27136
TD002990,15625395,2990,15189
TD002991,15679148,2991,15515
TD002992,15572356,2992,37048
TD002993,15666823,2993,25482
TD002994,15596060,2994,36891
TD002995,15778830,2995,18662
TD002996,15795129,2996,33938
TD002997,15659399,2997,40411
TD002998,15751158,2998,42899
TD002999,15792222,2999,41874
TD003000,15649292,3000,21151
TD003001,15786463,3001,10382
TD003002,15763097,3002,21068
TD003004,15787550,3004,44130
TD003005,15717879,3005,40390
TD003006,15630617,3006,30340
TD003007,15687153,3007,18937
TD003008,15650545,3008,11129
TD003009,15663826,3009,30849
TD003010,15576219,3010,10104
TD003011,15622532,3011,24795
TD003012,15747757,3012,35708
TD003013,15759140,3013,45591
TD003014,15794939,3014,28354
TD003015,15793726,3015,39769
TD003016,15598700,3016,21103
TD003017,15745001,3017,48359
TD003018,15695339,3018,27885
TD003019,15654409,3019,33098
TD003020,15776047,3020,30816
TD003021,15664150,3021,41097
TD003022,15731569,3022,24060
TD003023,15625092,3023,6357
TD003024,15672437,3024,4039
TD003025,15693267,3025,12773
TD003026,15709474,3026,25197
TD003027,15566689,3027,8969
TD003028,15730273,3028,32987
TD003029,15572762,3029,1262
TD003030,15810167,3030,10684
TD003031,15751491,3031,4782
TD003032,15578738,3032,39566
TD003033,15771668,3033,42291
TD003034,15598695,3034,21254
TD003035,15596984,3035,17231
TD003036,15794276,3036,8175
TD003037,15602124,3037,29602
TD003038,15752507,3038,36397
TD003039,15650258,3039,2759
TD003040,15793346,3040,28414
TD003041,15609458,3041,12019
TD003042,15807563,3042,28166
TD003043,15697997,3043,12706
TD003044,15653251,3044,46626
TD003045,15667620,3045,2072
TD003046,15766765,3046,37522
TD003047,15737977,3047,27129
TD003048,15799156,3048,12656
TD003049,15576824,3049,29522
TD003050,15748123,3050,47700
TD003051,15794661,3051,20365
TD003052,15797389,3052,6948
TD003053,15711825,3053,49536
TD003054,15647725,3054,22493
TD003055,15756560,3055,15326
TD003056,15812767,3056,42725
TD003057,15588622,3057,3388
TD003058,15724076,3058,37394
TD003059,15772650,3059,24174
TD003060,15598840,3060,26191
TD003061,15567339,3061,29697
TD003062,15738411,3062,40838
TD003063,15672330,3063,1385
TD003064,15630661,3064,32690
TD003065,15601796,3065,19910
TD003066,15635893,3066,47913
TD003067,15808846,3067,19363
TD003069,15600710,3069,35313
TD003070,15801904,3070,49217
TD003071,15605684,3071,42538
TD003072,15601012,3072,44726
TD003073,15679909,3073,40500
TD003074,15572093,3074,30289
TD003075,15804797,3075,40983
TD003076,15759021,3076,42973
TD003077,15778290,3077,3316
TD003078,15683544,3078,6267
TD003079,15603135,3079,12656
TD003080,15789097,3080,44378
TD003081,15791053,3081,7029
TD003082,15798666,3082,47045
TD003083,15670619,3083,46686
TD003084,15581654,3084,32844
TD003085,15765173,3085,37834
TD003086,15806332,3086,39754
TD003087,15772262,3087,12622
TD003088,15578006,3088,17826
TD003089,15628999,3089,30594
TD003090,15684908,3090,48755
TD003091,15775082,3091,2108
TD003092,15679062,3092,14566
TD003093,15589715,3093,37883
TD003094,15687270,3094,24043
TD003095,15568953,3095,31308
TD003096,15744529,3096,35070
TD003097,15577064,3097,37778
TD003098,15788676,3098,31633
TD003099,15660878,3099,38993
TD003100,15704795,3100,28409
TD003101,15707551,3101,15860
TD003102,15620443,3102,10584
TD003103,15675896,3103,14609
TD003104,15581440,3104,26550
TD003105,15625545,3105,21794
TD003106,15797686,3106,17073
TD003107,15691785,3107,17226
TD003108,15758171,3108,17167
TD003109,15682600,3109,26531
TD003110,15747503,3110,29500
TD003111,15589975,3111,46249
TD003112,15631240,3112,2454
TD003113,15769312,3113,19616
TD003114,15577587,3114,5279
TD003115,15670562,3115,45463
TD003116,15673529,3116,39455
TD003117,15655171,3117,9385
TD003118,15757837,3118,6983
TD003119,15702095,3119,43034
TD003120,15627203,3120,24446
TD003121,15709487,3121,27215
TD003122,15693732,3122,28837
TD003123,15640922,3123,8777
TD003124,15751628,3124,10610
TD003125,15753343,3125,14791
TD003126,15797900,3126,24047
TD003127,15760102,3127,28350
TD003128,15625623,3128,24603
TD003129,15669783,3129,21552
TD003130,15673367,3130,34671
TD003131,15653037,3131,41471
TD003132,15712303,3132,16696
TD003133,15625942,3133,34577
TD003134,15746802,3134,8177
TD003135,15593128,3135,46398
TD003136,15810460,3136,21569
TD003137,15642093,3137,45316
TD003138,15789432,3138,6748
TD003139,15684512,3139,37312
TD003140,15751175,3140,45840
TD003141,15672945,3141,21776
TD003142,15719991,3142,10189
TD003143,15689168,3143,34713
TD003144,15729763,3144,19149
TD003145,15644103,3145,9760
TD003146,15598086,3146,4279
TD003147,15669589,3147,15844
TD003148,15601811,3148,21786
TD003149,15764618,3149,21717
TD003150,15658813,3150,24846
TD003151,15614420,3151,20708
TD003152,15724307,3152,46153
TD003153,15633141,3153,13081
TD003154,15589017,3154,17282
TD003155,15730868,3155,4590
TD003156,15758056,3156,14418
TD003157,15712287,3157,16625
TD003158,15568106,3158,6122
TD003159,15765812,3159,9900
TD003160,15741875,3160,2885
TD003161,15600879,3161,42116
TD003162,15792818,3162,14120
TD003163,15764444,3163,16561
TD003164,15703205,3164,29208
TD003165,15716324,3165,43906
TD003166,15701318,3166,19746
TD003167,15714610,3167,39807
TD003168,15607347,3168,46739
TD003169,15769703,3169,32689
TD003170,15662151,3170,30662
TD003171,15803804,3171,11832
TD003172,15721007,3172,42195
TD003173,15626383,3173,48928
TD003174,15779247,3174,34632
TD003175,15621893,3175,7774
TD003176,15635964,3176,2983
TD003177,15701042,3177,11377
TD003178,15658360,3178,11279
TD003179,15595588,3179,25404
TD003180,15642726,3180,16669
TD003181,15627262,3181,27312
TD003182,15583049,3182,28754
TD003183,15576760,3183,29816
TD003184,15595609,3184,26140
TD003185,15618225,3185,41239
TD003186,15719950,3186,9666
TD003187,15742009,3187,7498
TD003188,15775891,3188,28836
TD003189,15620398,3189,10668
TD003190,15605341,3190,33928
TD003191,15630167,3191,19535
TD003192,15701291,3192,19351
TD003193,15645200,3193,44583
TD003194,15644174,3194,12794
TD003195,15646037,3195,21563
TD003196,15634310,3196,1050
TD003197,15726832,3197,27191
TD003198,15633531,3198,25936
TD003199,15631305,3199,5948
TD003200,15685300,3200,13776
TD003201,15789339,3201,4936
TD003202,15731478,3202,24299
TD003203,15681196,3203,33606
TD003204,15616954,3204,2161
TD003205,15611058,3205,15406
TD003206,15588446,3206,49466
TD003207,15647965,3207,32534
TD003208,15808851,3208,21915
TD003209,15648967,3209,14629
TD003210,15655794,3210,30279
TD003211,15694395,3211,1902
TD003212,15713267,3212,47940
TD003213,15703292,3213,32738
TD003214,15615020,3214,40379
TD003215,15644692,3215,29209
TD003216,15734202,3216,10979
TD003217,15809347,3217,37444
TD003218,15675190,3218,43679
TD003219,15768471,3219,44348
TD003220,15814004,3220,34859
TD003221,15779529,3221,44173
TD003222,15649523,3222,32086
TD003223,15716000,3223,34848
TD003224,15755242,3224,26342
TD003225,15794493,3225,18115
TD003226,15578648,3226,40074
TD003227,15605835,3227,49871
TD003228,15762169,3228,45143
TD003229,15603088,3229,13749
TD003230,15771409,3230,37611
TD003231,15602735,3231,2840
TD003232,15714256,3232,29938
TD003233,15715920,3233,32538
TD003234,15630920,3234,43609
TD003235,15743673,3235,10897
TD003236,15784097,3236,39033
TD003237,15589147,3237,22723
TD003238,15621031,3238,31124
TD003239,15627697,3239,41783
TD003240,15711028,3240,28008
TD003241,15631339,3241,7716
TD003242,15591577,3242,49137
TD003243,15625151,3243,11926
TD003244,15656683,3244,9415
TD003245,15585427,3245,5541
TD003246,15631072,3246,48525
TD003247,15797960,3247,27964
TD003248,15775067,3248,4312
TD003249,15604345,3249,4055
TD003250,15810864,3250,36031
TD003251,15600399,3251,28766
TD003252,15598982,3252,33857
TD003253,15769064,3253,14308
TD003254,15634218,3254,48185
TD003255,15611105,3255,17713
TD003256,15763097,3256,25386
TD003257,15609011,3257,1834
TD003258,15671014,3258,12905
TD003259,15631170,3259,2783
TD003260,15764409,3260,17125
TD003261,15595135,3261,12755
TD003262,15787459,3262,45695
TD003263,15692819,3263,2931
TD003264,15776348,3264,44295
TD003265,15699450,3265,12522
TD003266,15656351,3266,48498
TD003267,15616088,3267,25387
TD003268,15680167,3268,2812
TD003269,15665053,3269,24305
TD003270,15690743,3270,36696
TD003271,15580134,3271,37904
TD003272,15628767,3272,26513
TD003273,15747358,3273,27776
TD003274,15782247,3274,31330
TD003275,15806210,3275,39185
TD003276,15634949,3276,22219
TD003277,15585580,3277,10828
TD003278,15598744,3278,26921
TD003279,15598070,3279,6044
TD003280,15705009,3280,38103
TD003281,15718789,3281,24291
TD003282,15710164,3282,1938
TD003283,15736990,3283,49545
TD003284,15748481,3284,13775
TD003285,15711378,3285,39623
TD003286,15643679,3286,48014
TD003287,15641114,3287,17517
TD003288,15671243,3288,20514
TD003289,15717010,3289,18279
TD003290,15750466,3290,26411
TD003291,15567557,3291,40365
TD003292,15770159,3292,48916
TD003294,15582492,3294,13391
TD003295,15701962,3295,41903
TD003296,15726747,3296,26239
TD003297,15586757,3297,47655
TD003298,15760570,3298,45765
TD003299,15567422,3299,36316
TD003300,15765192,3300,42078
TD003301,15603246,3301,19871
TD003302,15724099,3302,42255
TD003303,15736778,3303,43313
TD003304,15593897,3304,24109
TD003305,15792646,3305,11219
TD003306,15608528,3306,36695
TD003307,15587735,3307,29142
TD003308,15689147,3308,36867
TD003309,15770974,3309,25469
TD003310,15668347,3310,29114
TD003311,15667417,3311,49302
TD003312,15621644,3312,2384
TD003313,15740630,3313,15892
TD003314,15694376,3314,3064
TD003315,15776780,3315,9553
TD003316,15769902,3316,41357
TD003317,15725698,3317,43078
TD003318,15605665,3318,46148
TD003319,15720508,3319,29225
TD003320,15698335,3320,27893
TD003321,15599829,3321,12286
TD003322,15612769,3322,21435
TD003323,15585835,3323,19515
TD003324,15768072,3324,33764
TD003325,15733876,3325,2726
TD003326,15671766,3326,37373
TD003327,15693947,3327,38987
TD003328,15635285,3328,33519
TD003329,15785385,3329,31541
TD003330,15614635,3330,30416
TD003331,15582168,3331,3976
TD003332,15755825,3332,46251
TD003333,15610594,3333,3198
TD003334,15655171,3334,13074
TD003335,15649414,3335,30628
TD003336,15708236,3336,41090
TD003337,15584190,3337,17759
TD003338,15718153,3338,5544
TD003339,15812917,3339,3185
TD003340,15810864,3340,37561
TD003341,15671769,3341,37721
TD003342,15777797,3342,41539
TD003343,15804516,3343,36828
TD003344,15574369,3344,7433
TD003345,15741049,3345,29425
TD003346,15702380,3346,6727
TD003347,15757521,3347,1080
TD003348,15585284,3348,2859
TD003349,15627352,3349,32958
TD003350,15807961,3350,45740
TD003351,15770420,3351,9009
TD003352,15798424,3352,44133
TD003353,15570943,3353,48383
TD003354,15710450,3354,12028
TD003355,15660735,3355,38912
TD003356,15665438,3356,37719
TD003357,15810944,3357,40330
TD003358,15810418,3358,24041
TD003359,15593425,3359,10412
TD003360,15622833,3360,40059
TD003361,15809838,3361,6112
TD003362,15664227,3362,49281
TD003363,15635776,3363,49335
TD003364,15783958,3364,36900
TD003365,15755678,3365,42255
TD003366,15631871,3366,26333
TD003367,15671249,3367,22043
TD003368,15616152,3368,29088
TD003369,15582944,3369,28678
TD003370,15634143,3370,47832
TD003371,15741745,3371,2442
TD003372,15694125,3372,45270
TD003373,15765322,3373,47349
TD003374,15686461,3374,3724
TD003375,15699247,3375,8099
TD003376,15712287,3376,20348
TD003377,15703728,3377,49042
TD003378,15592078,3378,17979
TD003379,15664498,3379,8970
TD003380,15721740,3380,19453
TD003381,15798024,3381,32226
TD003383,15700487,3383,46675
TD003384,15723894,3384,37294
TD003385,15714485,3385,39638
TD003386,15587507,3386,23417
TD003387,15735636,3387,9339
TD003388,15776725,3388,9089
TD003389,15809823,3389,6123
TD003390,15670602,3390,2377
TD003391,15813532,3391,23134
TD003392,15672432,3392,10140
TD003393,15750839,3393,39725
TD003394,15763107,3394,28042
TD003395,15684861,3395,3482
TD003396,15774744,3396,45816
TD003397,15629885,3397,14295
TD003398,15806808,3398,10813
TD003399,15764284,3399,15613
TD003400,15608338,3400,32403
TD003401,15646196,3401,29994
TD003402,15665008,3402,25171
TD003403,15648320,3403,46871
TD003404,15624186,3404,33749
TD003405,15655410,3405,21690
TD003406,15757588,3406,4160
TD003407,15785170,3407,26202
TD003408,15707968,3408,34006
TD003409,15788483,3409,30937
TD003410,15566708,3410,16069
TD003411,15707189,3411,9908
TD003412,15739046,3412,17472
TD003413,15745107,3413,9376
TD003414,15602373,3414,43730
TD003415,15598044,3415,7550
TD003416,15635500,3416,41680
TD003417,15675787,3417,16568
TD003418,15742229,3418,18245
TD003419,15777504,3419,33765
TD003420,15667751,3420,12508
TD003421,15639946,3421,32588
TD003422,15757931,3422,15065
TD003423,15581548,3423,35321
TD003424,15793813,3424,49419
TD003425,15595071,3425,13559
TD003426,15787699,3426,6922
TD003427,15658889,3427,31911
TD003428,15803005,3428,40433
TD003429,15577751,3429,15718
TD003430,15793455,3430,38423
TD003431,15701121,3431,18144
TD003432,15783444,3432,22122
TD003433,15602844,3433,9653
TD003434,15668472,3434,35097
TD003435,15711991,3435,12175
TD003436,15603319,3436,24429
TD003437,15664734,3437,17272
TD003438,15674541,3438,27300
TD003439,15690231,3439,23697
TD003440,15730397,3440,43835
TD003441,15586996,3441,8511
TD003442,15568044,3442,9028
TD003443,15672132,3443,1707
TD003444,15578297,3444,32899
TD003445,15665402,3445,38116
TD003446,15589224,3446,28663
TD003447,15794479,3447,21455
TD003448,15599081,3448,40258
TD003449,15689425,3449,47882
TD003450,15686941,3450,19896
TD003451,15742820,3451,37127
TD003452,15660866,3452,44622
TD003453,15763980,3453,7107
TD003454,15683157,3454,49663
TD003455,15588944,3455,20136
TD003456,15629323,3456,46877
TD003457,15728078,3457,21236
TD003458,15596339,3458,4427
TD003459,15581811,3459,44086
TD003460,15801316,3460,37619
TD003461,15687079,3461,24361
TD003462,15760244,3462,38447
TD003463,15772412,3463,23664
TD003464,15763256,3464,33851
TD003465,15736126,3465,25855
TD003466,15651883,3466,11392
TD003467,15575002,3467,29147
TD003468,15616931,3468,5936
TD003469,15726487,3469,21120
TD003470,15812513,3470,41889
TD003471,15810800,3471,37804
TD003472,15803749,3472,15244
TD003473,15642787,3473,23541
TD003474,15680243,3474,8670
TD003475,15766272,3475,29532
TD003476,15641850,3476,43546
TD003477,15756425,3477,18315
TD003478,15700826,3478,9798
TD003479,15755863,3479,49928
TD003480,15813067,3480,10232
TD003481,15592816,3481,42608
TD003482,15612966,3482,30262
TD003483,15699550,3483,19328
TD003484,15750056,3484,16999
TD003485,15582762,3485,25008
TD003486,15682070,3486,16510
TD003487,15763097,3487,29313
TD003488,15751203,3488,3623
TD003489,15654292,3489,37461
TD003490,15712849,3490,39708
TD003491,15628123,3491,10272
TD003492,15707596,3492,23902
TD003493,15613014,3493,31937
TD003494,15733602,3494,46106
TD003495,15758372,3495,29977
TD003496,15713144,3496,48955
TD003497,15700353,3497,44459
TD003498,15681446,3498,46371
TD003499,15646936,3499,5599
TD003500,15698732,3500,43260
TD003501,15803685,3501,13753
TD003502,15595917,3502,41094
TD003503,15767264,3503,11759
TD003504,15807481,3504,33478
TD003505,15722322,3505,39620
TD003506,15643496,3506,46081
TD003507,15694098,3507,46728
TD003508,15750638,3508,35449
TD003509,15608230,3509,30908
TD003510,15603582,3510,33840
TD003511,15708791,3511,12269
TD003512,15710087,3512,3461
TD003513,15778320,3513,11658
TD003514,15640769,3514,10681
TD003515,15616380,3515,38655
TD003516,15753332,3516,21097
TD003517,15660809,3517,43960
TD003518,15663939,3518,43005
TD003519,15705298,3519,2124
TD003520,15737133,3520,9006
TD003521,15568162,3521,14029
TD003522,15806307,3522,46391
TD003523,15596013,3523,44427
TD003524,15614934,3524,42983
TD003525,15809286,3525,40789
TD003526,15689616,3526,6111
TD003527,15781272,3527,5406
TD003528,15571415,3528,16989
TD003529,15686835,3529,17953
TD003530,15693264,3530,21265
TD003531,15805254,3531,13901
TD003532,15761477,3532,28859
TD003533,15679760,3533,43701
TD003534,15727408,3534,1775
TD003535,15741988,3535,12763
TD003536,15725664,3536,45747
TD003537,15652192,3537,22178
TD003538,15763108,3538,30521
TD003539,15680767,3539,26019
TD003540,15653251,3540,6057
TD003541,15704844,3541,37425
TD003542,15785485,3542,38262
TD003543,15671387,3543,29313
TD003544,15734578,3544,28211
TD003545,15579914,3545,35742
TD003546,15735522,3546,8508
TD003547,15714680,3547,48437
TD003548,15589431,3548,36814
TD003549,15651664,3549,6014
TD003550,15678201,3550,44662
TD003551,15633352,3551,26388
TD003552,15571148,3552,9120
TD003553,15790113,3553,34914
TD003554,15638607,3554,42341
TD003555,15654611,3555,48472
TD003556,15670755,3556,9942
TD003557,15659234,3557,44816
TD003558,15809263,3558,40637
TD003559,15579891,3559,35267
TD003560,15799966,3560,46470
TD003561,15674851,3561,39001
TD003562,15643294,3562,40771
TD003563,15750874,3563,43700
TD003564,15664543,3564,13510
TD003565,15707110,3565,10077
TD003566,15659736,3566,11530
TD003567,15707634,3567,26355
TD003568,15617866,3568,36621
TD003569,15685109,3569,14128
TD003570,15594762,3570,6445
TD003571,15796813,3571,46916
TD003572,15578238,3572,33246
TD003573,15705890,3573,21394
TD003574,15653715,3574,21019
TD003575,15677921,3575,36407
TD003576,15640866,3576,14742
TD003577,15725429,3577,39159
TD003578,15785782,3578,48081
TD003579,15742681,3579,34994
TD003580,15723318,3580,22770
TD003581,15654574,3581,47767
TD003582,15691624,3582,20310
TD003583,15685314,3583,20721
TD003584,15717185,3584,28719
TD003585,15654519,3585,46130
TD003586,15645095,3586,48009
TD003587,15569274,3587,49623
TD003588,15623450,3588,14061
TD003589,15748854,3589,30523
TD003590,15810898,3590,42865
TD003591,15777759,3591,44594
TD003592,15693381,3592,25946
TD003593,15756932,3593,36004
TD003594,15725639,3594,45958
TD003595,15609623,3595,26552
TD003596,15602841,3596,12331
TD003597,15655171,3597,17545
TD003598,15726589,3598,26475
TD003599,15610903,3599,17299
TD003600,15595883,3600,41706
TD003601,15628583,3601,26402
TD003602,15791174,3602,19637
TD003603,15670668,3603,8044
TD003604,15574305,3604,9869
TD003605,15678146,3605,43892
TD003606,15761654,3606,35604
TD003607,15644962,3607,44243
TD003608,15657321,3608,35381
TD003609,15689786,3609,12792
TD003610,15685654,3610,31720
TD003611,15775433,3611,21829
TD003612,15790412,3612,45186
TD003613,15679410,3613,34211
TD003614,15711468,3614,48006
TD003615,15674637,3615,33285
TD003616,15592645,3616,39602
TD003617,15697270,3617,48928
TD003618,15577178,3618,1168
TD003619,15592707,3619,41575
TD003620,15606841,3620,38737
TD003621,15712409,3621,28295
TD003622,15763613,3622,47604
TD003623,15770719,3623,22902
TD003624,15779738,3624,8502
TD003625,15589869,3625,2700
TD003626,15705113,3626,47209
TD003627,15780411,3627,29416
TD003628,15618213,3628,48398
TD003629,15752857,3629,8293
TD003630,15773512,3630,11602
TD003631,15682211,3631,23346
TD003632,15672966,3632,30774
TD003633,15588923,3633,22511
TD003634,15668504,3634,39489
TD003635,15675501,3635,11408
TD003636,15813504,3636,26431
TD003637,15716284,3637,1689
TD003638,15693199,3638,21086
TD003639,15719508,3639,3665
TD003640,15703820,3640,7364
TD003641,15648898,3641,19834
TD003642,15668460,3642,38261
TD003643,15803790,3643,19422
TD003644,15655436,3644,26559
TD003645,15683471,3645,13643
TD003646,15776454,3646,5074
TD003647,15769191,3647,24943
TD003648,15674950,3648,43549
TD003649,15666856,3649,37657
TD003650,15689061,3650,40015
TD003651,15595228,3651,22268
TD003652,15733303,3652,39523
TD003653,15585362,3653,10462
TD003654,15770554,3654,18314
TD003655,15642870,3655,29208
TD003656,15589643,3656,45222
TD003657,15624793,3657,7866
TD003658,15694946,3658,26582
TD003659,15789974,3659,32407
TD003660,15660147,3660,25869
TD003661,15675185,3661,2054
TD003662,15579130,3662,13427
TD003663,15619436,3663,37905
TD003664,15684010,3664,30675
TD003665,15612092,3665,6279
TD003666,15626040,3666,46676
TD003667,15797204,3667,11668
TD003668,15734044,3668,13765
TD003669,15702631,3669,19999
TD003670,15632551,3670,3580
TD003671,15610426,3671,3736
TD003672,15701392,3672,30642
TD003673,15799964,3673,48329
TD003674,15637644,3674,14528
TD003675,15675675,3675,17482
TD003676,15593736,3676,25442
TD003677,15663921,3677,45150
TD003678,15766896,3678,3326
TD003679,15767871,3679,33568
TD003680,15810775,3680,40582
TD003681,15581252,3681,30531
TD003682,15785576,3682,43463
TD003683,15598161,3683,15733
TD003684,15793641,3684,48507
TD003685,15807768,3685,45452
TD003686,15580629,3686,11303
TD003687,15712287,3687,25635
TD003688,15580988,3688,22466
TD003689,15694879,3689,25032
TD003690,15726358,3690,20878
TD003691,15651103,3691,40038
TD003692,15776844,3692,17946
TD003693,15605327,3693,42045
TD003694,15637131,3694,47966
TD003695,15757911,3695,19086
TD003696,15625941,3696,44117
TD003697,15768530,3697,5302
TD003698,15618703,3698,15777
TD003699,15762228,3699,5978
TD003700,15687130,3700,30005
TD003701,15627881,3701,6340
TD003702,15584967,3702,48051
TD003703,15614302,3703,26434
TD003704,15638610,3704,44984
TD003705,15798439,3705,1598
TD003706,15778861,3706,31710
TD003707,15808389,3707,16076
TD003708,15606507,3708,29879
TD003709,15567078,3709,32622
TD003710,15685576,3710,31002
TD003711,15582404,3711,17752
TD003712,15810593,3712,35484
TD003713,15794360,3713,22288
TD003714,15680587,3714,23414
TD003715,15762216,3715,5878
TD003716,15706394,3716,39449
TD003718,15629787,3718,16714
TD003719,15783029,3719,14136
TD003720,15591107,3720,42693
TD003721,15594577,3721,3277
TD003722,15782311,3722,40930
TD003723,15801934,3723,12247
TD003724,15571666,3724,28102
TD003725,15787189,3725,45196
TD003726,15606755,3726,37873
TD003727,15700693,3727,9908
TD003728,15589230,3728,33643
TD003729,15809137,3729,39638
TD003730,15735549,3730,12473
TD003731,15735080,3731,46952
TD003732,15594084,3732,37182
TD003733,15654296,3733,41733
TD003734,15631709,3734,27567
TD003735,15772073,3735,17779
TD003736,15728456,3736,37697
TD003737,15610140,3737,44993
TD003738,15743714,3738,20719
TD003739,15658693,3739,31139
TD003740,15715160,3740,17597
TD003741,15690130,3741,25700
TD003742,15655123,3742,18522
TD003743,15609653,3743,29998
TD003744,15746333,3744,4008
TD003745,15748034,3745,7755
TD003746,15754267,3746,4991
TD003747,15730793,3747,12329
TD003748,15687372,3748,38323
TD003749,15795298,3749,2977
TD003750,15742269,3750,25129
TD003751,15698619,3751,44024
TD003752,15774727,3752,2340
TD003753,15701281,3753,28578
TD003754,15600975,3754,6172
TD003755,15583718,3755,10233
TD003756,15794253,3756,19702
TD003758,15649668,3758,45693
TD003759,15801395,3759,45151
TD003760,15791373,3760,28492
TD003761,15709928,3761,2765
TD003762,15675791,3762,22557
TD003763,15706116,3763,31630
TD003764,15595728,3764,39689
TD003765,15621685,3765,11356
TD003766,15810864,3766,44803
TD003767,15648735,3767,16923
TD003768,15787161,3768,45059
TD003769,15759066,3769,7148
TD003770,15632665,3770,8814
TD003771,15642655,3771,24515
TD003772,15736397,3772,39475
TD003773,15636428,3773,27516
TD003774,15673837,3774,11188
TD003775,15797595,3775,25625
TD003776,15810864,3776,44973
TD003777,15593094,3777,7257
TD003778,15742886,3778,44732
TD003779,15717995,3779,8143
TD003780,15666297,3780,22555
TD003781,15761158,3781,23203
TD003782,15567431,3782,44806
TD003783,15771299,3783,43602
TD003784,15670943,3784,19646
TD003785,15812470,3785,45911
TD003786,15764604,3786,32112
TD003787,15737647,3787,29479
TD003788,15747043,3788,26766
TD003789,15683375,3789,13115
TD003790,15611794,3790,48167
TD003791,15656865,3791,24356
TD003792,15606435,3792,29075
TD003793,15660541,3793,40344
TD003794,15575694,3794,7157
TD003795,15708534,3795,9130
TD003796,15747097,3796,28576
TD003797,15727311,3797,3239
TD003798,15723373,3798,28181
TD003799,15815236,3799,33893
TD003800,15786454,3800,23686
TD003801,15603749,3801,43964
TD003802,15745533,3802,29195
TD003803,15634974,3803,31953
TD003804,15663446,3804,32584
TD003805,15576185,3805,22565
TD003806,15573741,3806,44820
TD003807,15665416,3807,44704
TD003808,15767681,3808,29871
TD003809,15603565,3809,38396
TD003810,15775590,3810,30079
TD003811,15811261,3811,8874
TD003812,15651581,3812,7912
TD003813,15641994,3813,4738
TD003814,15746203,3814,1168
TD003815,15594391,3815,48110
TD003816,15786852,3816,36296
TD003817,15573171,3817,27337
TD003818,15583137,3818,42294
TD003819,15720943,3819,2209
TD003820,15765694,3820,17479
TD003821,15796351,3821,36844
TD003822,15654156,3822,38906
TD003824,15586629,3824,3645
TD003825,15654456,3825,48257
TD003826,15604588,3826,21397
TD003827,15608344,3827,39848
TD003828,15594902,3828,15171
TD003829,15670205,3829,46534
TD003830,15665283,3830,40972
TD003831,15636736,3831,38050
TD003832,15779492,3832,4412
TD003833,15755798,3833,4930
TD003834,15774151,3834,34879
TD003835,15600379,3835,38074
TD003836,15697702,3836,17042
TD003837,15685536,3837,31921
TD003838,15667190,3838,2223
TD003839,15720284,3839,31121
TD003840,15715939,3840,43446
TD003841,15800061,3841,5191
TD003842,15776494,3842,9646
TD003843,15638963,3843,9289
TD003844,15612615,3844,25535
TD003845,15687491,3845,43661
TD003846,15800515,3846,19350
TD003847,15737571,3847,28143
TD003848,15781678,3848,23449
TD003849,15574072,3849,6811
TD003850,15593954,3850,35158
TD003851,15757467,3851,7974
TD003852,15672115,3852,8133
TD003853,15655648,3853,36684
TD003854,15644621,3854,37871
TD003855,15596710,3855,22677
TD003856,15745716,3856,35786
TD003857,15639590,3857,28964
TD003858,15717893,3858,6324
TD003859,15646190,3859,37594
TD003860,15694192,3860,6642
TD003861,15635396,3861,46021
TD003862,15570931,3862,7663
TD003863,15733014,3863,34151
TD003864,15655192,3864,22735
TD003865,15650313,3865,18506
TD003866,15597109,3866,35233
TD003867,15768455,3867,5867
TD003868,15787848,3868,19055
TD003869,15588090,3869,49701
TD003870,15774872,3870,8841
TD003871,15737506,3871,26536
TD003872,15745250,3872,21612
TD003873,15771417,3873,48790
TD003874,15715638,3874,34693
TD003875,15814553,3875,14012
TD003876,15574372,3876,16570
TD003877,15581198,3877,32189
TD003878,15630113,3878,29540
TD003879,15759038,3879,8150
TD003880,15664895,3880,29794
TD003881,15797910,3881,37192
TD003882,15775335,3882,23398
TD003883,15701176,3883,27533
TD003884,15657809,3884,6200
TD003885,15727317,3885,4921
TD003886,15630106,3886,29459
TD003887,15637169,3887,3424
TD003888,15750684,3888,43335
TD003889,15676513,3889,47098
TD003890,15576723,3890,40688
TD003891,15567114,3891,36832
TD003892,15641366,3892,35614
TD003893,15708196,3893,49319
TD003894,15632365,3894,1622
TD003895,15585133,3895,7477
TD003896,15744582,3896,1312
TD003897,15788442,3897,37962
TD003898,15773276,3898,8842
TD003899,15743236,3899,8638
TD003900,15665222,3900,40271
TD003901,15612465,3901,21854
TD003902,15731117,3902,25008
TD003903,15701537,3903,39064
TD003904,15626233,3904,7704
TD003905,15724527,3905,16773
TD003906,15730469,3906,4988
TD003907,15633834,3907,47382
TD003908,15569249,3908,5304
TD003909,15569976,3909,27858
TD003910,15629150,3910,49232
TD003911,15685628,3911,36031
TD003912,15807340,3912,36043
TD003913,15774696,3913,4116
TD003914,15724150,3914,5239
TD003915,15790442,3915,2266
TD003916,15626684,3916,21889
TD003917,15731760,3917,45196
TD003918,15689351,3918,4560
TD003919,15657449,3919,44636
TD003920,15775709,3920,35638
TD003921,15689201,3921,48962
TD003922,15775662,3922,34215
TD003923,15813159,3923,20615
TD003924,15754952,3924,29252
TD003925,15620030,3925,11772
TD003926,15636982,3926,47291
TD003927,15673995,3927,18687
TD003928,15628144,3928,18352
TD003929,15702566,3929,22404
TD003930,15780212,3930,28398
TD003931,15766869,3931,6790
TD003932,15592194,3932,30993
TD003933,15665159,3933,38879
TD003934,15749693,3934,13396
TD003935,15757140,3935,48266
TD003936,15705991,3936,30696
TD003937,15658195,3937,19067
TD003938,15750447,3938,36838
TD003939,15775234,3939,21236
TD003940,15587177,3940,22605
TD003941,15660505,3941,41744
TD003942,15763097,3942,37048
TD003943,15807045,3943,27425
TD003944,15591915,3944,22548
TD003945,15611800,3945,1987
TD003946,15798024,3946,41831
TD003947,15628523,3947,30424
TD003948,15769596,3948,42615
TD003949,15787014,3949,43579
TD003950,15602731,3950,14939
TD003951,15609704,3951,35115
TD003952,15675360,3952,12426
TD003953,15615938,3953,32399
TD003954,15738291,3954,3281
TD003955,15805523,3955,29448
TD003956,15701809,3956,48397
TD003957,15587443,3957,31140
TD003958,15587690,3958,38814
TD003959,15720745,3959,47452
TD003960,15743498,3960,17797
TD003961,15708505,3961,11053
TD003962,15579996,3962,45373
TD003963,15768574,3963,11188
TD003964,15713596,3964,21922
TD003965,15768387,3965,5425
TD003966,15585455,3966,18666
TD003967,15693203,3967,26803
TD003968,15590228,3968,19660
TD003969,15758531,3969,42964
TD003970,15654346,3970,47312
TD003971,15591286,3971,3508
TD003972,15764195,3972,22595
TD003973,15762351,3973,14449
TD003974,15577078,3974,4120
TD003975,15639004,3975,12804
TD003976,15796480,3976,43478
TD003977,15728706,3977,49544
TD003978,15765952,3978,28163
TD003979,15595324,3979,30820
TD003980,15636061,3980,19658
TD003981,15636105,3981,21039
TD003982,15596761,3982,26417
TD003983,15766017,3983,30263
TD003984,15624775,3984,12867
TD003985,15725660,3985,4255
TD003986,15581733,3986,1626
TD003987,15726403,3987,27322
TD003988,15626474,3988,16603
TD003989,15575214,3989,44593
TD003990,15772341,3990,30422
TD003991,15706005,3991,32065
TD003992,15639357,3992,24036
TD003993,15617877,3993,44187
TD003994,15592570,3994,43703
TD003995,15603914,3995,3376
TD003996,15655632,3996,38619
TD003997,15747878,3997,7203
TD003998,15577515,3998,18075
TD003999,15628813,3999,40298
TD004000,15814022,4000,48677
TD004001,15717056,4001,31809
TD004002,15783541,4002,34819
TD004003,15761554,4003,39253
TD004004,15724251,4004,9900
TD004005,15601550,4005,28264
TD004006,15794122,4006,19891
TD004007,15642202,4007,14484
TD004008,15805909,4008,42315
TD004009,15570360,4009,41462
TD004010,15791743,4010,44212
TD004011,15774382,4011,45049
TD004012,15756196,4012,20311
TD004013,15591010,4013,44667
TD004014,15800554,4014,23415
TD004015,15619465,4015,44788
TD004016,15747980,4016,10688
TD004017,15712199,4017,28517
TD004018,15654959,4018,18130
TD004019,15753248,4019,27044
TD004020,15720713,4020,47497
TD004021,15697127,4021,2362
TD004022,15728542,4022,45225
TD004023,15652218,4023,31246
TD004024,15723864,4024,47244
TD004025,15667265,4025,7727
TD004026,15710397,4026,21809
TD004027,15674206,4027,26928
TD004028,15574122,4028,11404
TD004029,15626806,4029,27592
TD004030,15793049,4030,36037
TD004031,15759274,4031,18050
TD004032,15605698,4032,10308
TD004033,15565796,4033,47389
TD004034,15760090,4034,43397
TD004035,15729908,4035,38791
TD004036,15713374,4036,16264
TD004037,15618661,4037,20238
TD004038,15588449,4038,14702
TD004039,15723169,4039,25954
TD004040,15791550,4040,38739
TD004041,15666181,4041,23396
TD004042,15577514,4042,18792
TD004043,15699325,4043,21873
TD004044,15656840,4044,27882
TD004045,15800251,4045,14549
TD004046,15606613,4046,38911
TD004047,15751748,4047,30021
TD004048,15726310,4048,25476
TD004049,15793693,4049,7323
TD004050,15719561,4050,12295
TD004051,15641877,4051,5157
TD004052,15759913,4052,38216
TD004053,15576263,4053,29199
TD004054,15792729,4054,26525
TD004055,15711218,4055,47753
TD004056,15670496,4056,10413
TD004057,15804721,4057,6320
TD004058,15714586,4058,5209
TD004059,15732235,4059,13334
TD004060,15753102,4060,23215
TD004061,15715907,4061,46211
TD004062,15680436,4062,24649
TD004063,15673333,4063,49478
TD004064,15661275,4064,18704
TD004065,15811690,4065,26491
TD004066,15721307,4066,17692
TD004067,15737354,4067,25156
TD004068,15708256,4068,5153
TD004069,15728906,4069,8307
TD004070,15605059,4070,40146
TD004071,15764431,4071,31594
TD004072,15740283,4072,18038
TD004073,15710295,4073,19446
TD004074,15811565,4074,22769
TD004075,15709459,4075,42565
TD004076,15620758,4076,36907
TD004077,15759566,4077,27884
TD004078,15653997,4078,38329
TD004079,15580935,4079,27470
TD004080,15708289,4080,6380
TD004081,15644103,4081,25672
TD004082,15585256,4082,14469
TD004083,15643439,4083,5122
TD004084,15785367,4084,43818
TD004085,15796111,4085,33892
TD004086,15750867,4086,3373
TD004087,15583597,4087,12126
TD004088,15716781,4088,24763
TD004089,15752984,4089,20050
TD004090,15654859,4090,16254
TD004091,15604576,4091,25530
TD004092,15757408,4092,10242
TD004093,15683758,4093,30156
TD004094,15755241,4094,41101
TD004095,15813422,4095,31692
TD004096,15581280,4096,38454
TD004097,15760294,4097,1791
TD004098,15613623,4098,12100
TD004099,15577999,4099,34796
TD004100,15757916,4100,26126
TD004101,15671390,4101,38892
TD004102,15719090,4102,47579
TD004103,15651823,4103,20361
TD004104,15801125,4104,42646
TD004105,15609545,4105,32804
TD004106,15678944,4106,28146
TD004107,15804787,4107,9216
TD004108,15610781,4108,22170
TD004109,15730579,4109,11849
TD004110,15684921,4110,17497
TD004111,15751333,4111,18244
TD004112,15792660,4112,25372
TD004113,15592025,4113,28831
TD004114,15644686,4114,44306
TD004115,15576928,4115,1867
TD004116,15805104,4116,19196
TD004117,15748069,4117,15164
TD004118,15734524,4118,36295
TD004119,15683977,4119,37387
TD004120,15762138,4120,10345
TD004121,15609998,4121,47119
TD004122,15645835,4122,31060
TD004123,15595937,4123,3270
TD004124,15614230,4124,31359
TD004125,15674433,4125,35631
TD004126,15815095,4126,35081
TD004127,15707488,4127,31349
TD004128,15762902,4128,34165
TD004129,15602554,4129,12495
TD004130,15652808,4130,2354
TD004131,15806837,4131,24173
TD004132,15585823,4132,32896
TD004133,15757541,4133,15062
TD004134,15652469,4134,40914
TD004135,15784320,4135,12228
TD004136,15747345,4136,42044
TD004137,15645766,4137,29176
TD004138,15634491,4138,22675
TD004139,15782456,4139,3513
TD004140,15621409,4140,9175
TD004141,15736510,4141,49251
TD004142,15791102,4142,26585
TD004143,15616929,4143,17349
TD004144,15576156,4144,27429
TD004145,15638871,4145,11571
TD004146,15643188,4146,47413
TD004147,15728006,4147,30734
TD004148,15567486,4148,3732
TD004149,15586135,4149,42857
TD004150,15579617,4150,36820
TD004151,15725665,4151,7232
TD004152,15597033,4152,37739
TD004153,15811486,4153,21663
TD004154,15672242,4154,17204
TD004155,15680234,4155,19968
TD004156,15574296,4156,18974
TD004157,15729836,4157,38633
TD004158,15592765,4158,3535
TD004159,15590344,4159,26503
TD004160,15671534,4160,44359
TD004161,15723105,4161,26044
TD004162,15705001,4162,3848
TD004163,15751593,4163,27188
TD004164,15739223,4164,35743
TD004165,15688193,4165,21862
TD004166,15635177,4166,44417
TD004167,15800890,4167,36432
TD004168,15677146,4168,22463
TD004169,15761950,4169,5350
TD004170,15674929,4170,2771
TD004171,15713912,4171,35237
TD004172,15787151,4172,2616
TD004173,15710257,4173,19968
TD004174,15623062,4174,11995
TD004175,15719579,4175,14978
TD004176,15591035,4176,48213
TD004177,15613945,4177,23425
TD004178,15627999,4178,18107
TD004179,15789425,4179,24228
TD004180,15653306,4180,18642
TD004181,15789863,4181,37840
TD004182,15720968,4182,9155
TD004183,15700549,4183,13196
TD004184,15580366,4184,11616
TD004185,15799534,4185,43703
TD004186,15616700,4186,10981
TD004187,15593250,4187,19063
TD004188,15738907,4188,26355
TD004189,15722246,4189,48892
TD004190,15662063,4190,45274
TD004191,15636024,4191,22098
TD004192,15733661,4192,10800
TD004193,15594827,4193,19051
TD004194,15636658,4194,41803
TD004195,15653222,4195,16293
TD004196,15623210,4196,16957
TD004197,15723263,4197,31554
TD004198,15719779,4198,21569
TD004199,15582849,4199,39843
TD004200,15633546,4200,43435
TD004201,15782630,4201,9961
TD004202,15734649,4202,41598
TD004203,15810942,4203,5649
TD004204,15788683,4204,1651
TD004205,15611973,4205,11770
TD004206,15674442,4206,37287
TD004207,15792868,4207,33435
TD004208,15685829,4208,47311
TD004209,15724154,4209,10378
TD004210,15766776,4210,8650
TD004211,15697020,4211,2275
TD004212,15569670,4212,23523
TD004213,15761102,4213,28811
TD004214,15628059,4214,20579
TD004215,15600911,4215,12025
TD004216,15603170,4216,33070
TD004217,15768151,4217,2393
TD004218,15684951,4218,20263
TD004219,15697100,4219,4891
TD004220,15657439,4220,49443
TD004221,15649078,4221,35274
TD004222,15786643,4222,36719
TD004223,15749727,4223,19363
TD004224,15665963,4224,19749
TD004225,15578211,4225,43510
TD004226,15725818,4226,13250
TD004227,15605113,4227,44489
TD004228,15800814,4228,35113
TD004229,15806570,4229,17562
TD004230,15790659,4230,14348
TD004231,15675328,4231,16177
TD004232,15814465,4232,17353
TD004233,15633112,4233,30542
TD004234,15746662,4234,22537
TD004235,15669301,4235,25412
TD004236,15569120,4236,6881
TD004237,15657937,4237,16169
TD004238,15745232,4238,27276
TD004239,15766746,4239,8213
TD004240,15677117,4240,22788
TD004241,15633666,4241,47852
TD004242,15787907,4242,27242
TD004243,15723721,4243,46534
TD004244,15739592,4244,48542
TD004245,15639368,4245,28678
TD004246,15614687,4246,47600
TD004247,15654341,4247,2865
TD004248,15735400,4248,16660
TD004249,15705544,4249,22160
TD004250,15741094,4250,46205
TD004251,15692207,4251,49756
TD004252,15744240,4252,45763
TD004253,15766427,4253,47563
TD004254,15786215,4254,23995
TD004255,15713370,4255,19863
TD004256,15789498,4256,27800
TD004257,15681550,4257,13497
TD004258,15732307,4258,18949
TD004259,15796434,4259,46863
TD004260,15809909,4260,23596
TD004261,15667289,4261,12483
TD004262,15663134,4262,30698
TD004263,15806184,4263,6174
TD004264,15585280,4264,18307
TD004265,15733447,4265,5407
TD004266,15700383,4266,9461
TD004267,15641359,4267,41772
TD004268,15753213,4268,30192
TD004269,15694510,4269,23453
TD004270,15710853,4270,40093
TD004271,15603465,4271,43150
TD004272,15710366,4272,25030
TD004273,15642709,4273,34723
TD004274,15750778,4274,3810
TD004275,15657139,4275,41078
TD004276,15641490,4276,45986
TD004277,15569079,4277,6307
TD004278,15687648,4278,6888
TD004279,15721569,4279,29435
TD004280,15749300,4280,7095
TD004281,15650442,4281,29577
TD004282,15757617,4282,19951
TD004283,15736769,4283,10693
TD004284,15642468,4284,27439
TD004285,15773013,4285,7268
TD004286,15608166,4286,42133
TD004287,15807335,4287,42263
TD004288,15679983,4288,14448
TD004289,15655360,4289,35168
TD004290,15636520,4290,39157
TD004291,15595991,4291,7800
TD004292,15794841,4292,47042
TD004293,15659236,4293,8389
TD004294,15662865,4294,22903
TD004295,15757897,4295,28852
TD004296,15633877,4296,6327
TD004297,15606915,4297,3539
TD004298,15694129,4298,12135
TD004299,15574830,4299,37959
TD004300,15619935,4300,15202
TD004301,15678317,4301,12024
TD004302,15643671,4302,16037
TD004303,15637178,4303,10775
TD004304,15778752,4304,38497
TD004305,15640409,4305,12968
TD004306,15760880,4306,23510
TD004307,15579559,4307,37691
TD004308,15805151,4308,23917
TD004309,15735788,4309,29725
TD004310,15762821,4310,34748
TD004311,15717527,4311,2679
TD004312,15682421,4312,41433
TD004313,15789874,4313,40425
TD004314,15733777,4314,16470
TD004315,15729489,4315,30562
TD004316,15719793,4316,24009
TD004317,15791321,4317,36349
TD004318,15754342,4318,17040
TD004319,15740527,4319,29801
TD004320,15659694,4320,23046
TD004321,15631603,4321,34260
TD004322,15801247,4322,1133
TD004323,15811032,4323,10479
TD004324,15588219,4324,12434
TD004325,15798885,4325,25964
TD004326,15693764,4326,1296
TD004327,15626491,4327,22893
TD004328,15732610,4328,29532
TD004329,15732268,4329,18947
TD004330,15747808,4330,10694
TD004331,15737071,4331,20871
TD004332,15794792,4332,46203
TD004333,15739168,4333,36911
TD004334,15675963,4334,37613
TD004335,15566269,4335,18185
TD004336,15646351,4336,1693
TD004337,15575676,4337,15830
TD004338,15666675,4338,43759
TD004339,15771270,4339,3154
TD004340,15615091,4340,12721
TD004341,15797165,4341,21917
TD004342,15772030,4342,26765
TD004343,15612109,4343,18332
TD004344,15815428,4344,49110
TD004345,15742834,4345,3758
TD004346,15588461,4346,20310
TD004347,15594556,4347,13268
TD004348,15771211,4348,1478
TD004349,15662533,4349,13546
TD004350,15724889,4350,35560
TD004351,15629094,4351,5992
TD004352,15667085,4352,7706
TD004353,15659175,4353,7518
TD004354,15662098,4354,49147
TD004355,15689598,4355,19646
TD004356,15767129,4356,22075
TD004357,15672610,4357,32063
TD004358,15667602,4358,23835
TD004359,15573319,4359,41139
TD004360,15790336,4360,6545
TD004361,15586425,4361,6450
TD004362,15659962,4362,32068
TD004363,15758023,4363,33914
TD004364,15729689,4364,37595
TD004365,15616365,4365,3639
TD004366,15795224,4366,11172
TD004367,15685290,4367,33305
TD004368,15685920,4368,3851
TD004369,15796838,4369,12256
TD004370,15643361,4370,7583
TD004371,15762048,4371,11822
TD004372,15661734,4372,38169
TD004373,15690209,4373,38893
TD004374,15615050,4374,12028
TD004375,15748639,4375,37220
TD004376,15704795,4376,1100
TD004377,15668248,4377,44184
TD004378,15645717,4378,31754
TD004379,15730735,4379,21275
TD004380,15658339,4380,31062
TD004381,15812982,4381,22914
TD004382,15629603,4382,22298
TD004383,15774098,4383,42569
TD004384,15592091,4384,35484
TD004385,15699486,4385,32678
TD004386,15729018,4386,17168
TD004387,15791268,4387,35896
TD004388,15679813,4388,10878
TD004389,15665460,4389,6961
TD004390,15684461,4390,7997
TD004391,15624519,4391,11850
TD004392,15632280,4392,7453
TD004393,15698294,4393,44863
TD004394,15599403,4394,17321
TD004395,15691910,4395,42997
TD004396,15713655,4396,31095
TD004397,15737267,4397,28069
TD004398,15744327,4398,1941
TD004399,15597394,4399,4128
TD004400,15714006,4400,42044
TD004401,15566295,4401,20113
TD004402,15736495,4402,4222
TD004403,15690939,4403,13032
TD004404,15793901,4404,19806
TD004405,15709004,4405,34070
TD004406,15569759,4406,29580
TD004407,15775293,4407,31021
TD004408,15670354,4408,11995
TD004409,15707199,4409,27184
TD004410,15717984,4410,18529
TD004411,15607142,4411,12514
TD004412,15668580,4412,6070
TD004413,15726058,4413,23869
TD004414,15662578,4414,16046
TD004415,15609558,4415,38477
TD004416,15718572,4416,36859
TD004417,15568104,4417,27463
TD004418,15718289,4418,28120
TD004419,15569452,4419,20284
TD004420,15649136,4420,40455
TD004421,15815043,4421,38484
TD004422,15605666,4422,15946
TD004423,15723613,4423,46246
TD004424,15787830,4424,27949
TD004425,15582951,4425,46847
TD004426,15680224,4426,24265
TD004427,15767391,4427,31404
TD004428,15702175,4428,18766
TD004429,15633866,4429,8247
TD004430,15763798,4430,18074
TD004431,15576126,4431,31378
TD004432,15579826,4432,48093
TD004433,15783019,4433,25964
TD004434,15747014,4434,36849
TD004435,15707132,4435,25549
TD004436,15653037,4436,14655
TD004437,15798844,4437,26597
TD004438,15751185,4438,19215
TD004439,15605333,4439,5912
TD004440,15806511,4440,19320
TD004441,15660840,4441,11628
TD004442,15578809,4442,16736
TD004443,15812850,4443,19876
TD004444,15614187,4444,35466
TD004445,15637593,4445,26054
TD004446,15694601,4446,29283
TD004447,15764294,4447,33739
TD004448,15781777,4448,36718
TD004449,15698791,4449,12221
TD004450,15790829,4450,23358
TD004451,15748068,4451,20811
TD004452,15621116,4452,5396
TD004453,15713608,4453,30607
TD004454,15662532,4454,15300
TD004455,15809830,4455,24462
TD004456,15803538,4456,25431
TD004457,15583462,4457,14231
TD004458,15715394,4458,37057
TD004459,15659194,4459,9909
TD004460,15574119,4460,18655
TD004461,15621267,4461,10230
TD004462,15609299,4462,31247
TD004463,15736271,4463,47316
TD004464,15754577,4464,26807
TD004465,15650670,4465,39773
TD004466,15777855,4466,13444
TD004467,15601873,4467,46131
TD004468,15659568,4468,21656
TD004469,15798659,4469,21406
TD004470,15586976,4470,25384
TD004471,15695356,4471,4112
TD004472,15585490,4472,28353
TD004473,15696989,4473,5768
TD004474,15726634,4474,42762
TD004475,15700657,4475,21508
TD004476,15634180,4476,18780
TD004477,15679284,4477,44993
TD004478,15806389,4478,16184
TD004479,15709396,4479,47480
TD004480,15645942,4480,40463
TD004481,15675949,4481,39678
TD004482,15607786,4482,33685
TD004483,15762882,4483,39580
TD004484,15775294,4484,32361
TD004485,15599869,4485,33314
TD004486,15586133,4486,48524
TD004487,15769645,4487,4296
TD004488,15747649,4488,8451
TD004489,15652180,4489,37990
TD004490,15611551,4490,3533
TD004491,15751193,4491,20364
TD004492,15637993,4492,39253
TD004493,15769110,4493,36814
TD004494,15804709,4494,13377
TD004495,15658890,4495,1097
TD004496,15664759,4496,36050
TD004497,15655590,4497,45834
TD004498,15653275,4498,23087
TD004499,15810385,4499,42415
TD004500,15596228,4500,18700
TD004501,15791040,4501,30766
TD004502,15572792,4502,27233
TD004503,15709412,4503,48384
TD004504,15681697,4504,22253
TD004505,15747854,4505,15095
TD004506,15724890,4506,38243
TD004507,15720941,4507,13843
TD004508,15590199,4508,27941
TD004509,15775892,4509,2323
TD004510,15705765,4510,33448
TD004511,15775756,4511,47142
TD004512,15643819,4512,24195
TD004513,15679297,4513,46008
TD004514,15780038,4514,32932
TD004515,15745326,4515,34899
TD004516,15692443,4516,12576
TD004517,15675518,4517,26929
TD004518,15622217,4518,40649
TD004519,15714355,4519,5885
TD004520,15698246,4520,45534
TD004521,15758510,4521,2696
TD004522,15649033,4522,38996
TD004523,15718242,4523,28448
TD004524,15691543,4524,33813
TD004525,15644788,4525,5454
TD004526,15619407,4526,2676
TD004527,15733476,4527,10760
TD004528,15796114,4528,41516
TD004529,15758755,4529,10427
TD004530,15623630,4530,35655
TD004531,15723737,4531,2925
TD004532,15671915,4532,13493
TD004533,15758306,4533,45577
TD004534,15568834,4534,3081
TD004535,15632859,4535,27833
TD004536,15627665,4536,13839
TD004537,15726814,4537,49413
TD004538,15623499,4538,31730
TD004539,15810075,4539,33485
TD004540,15723028,4540,30100
TD004541,15798470,4541,16771
TD004542,15775888,4542,2760
TD004543,15725478,4543,8099
TD004544,15788118,4544,38917
TD004545,15756299,4545,32565
TD004546,15581102,4546,40586
TD004547,15656613,4547,29396
TD004548,15744200,4548,49555
TD004549,15808473,4549,32994
TD004550,15776733,4550,29091
TD004551,15680167,4551,24623
TD004552,15771543,4552,15238
TD004553,15672970,4553,46555
TD004554,15610147,4554,10098
TD004555,15639669,4555,43279
TD004556,15718465,4556,35922
TD004557,15654183,4557,3237
TD004558,15810829,4558,8181
TD004559,15656100,4559,13697
TD004560,15786167,4560,27709
TD004561,15646037,4561,44785
TD004562,15784301,4562,18898
TD004563,15804822,4563,18053
TD004564,15697801,4564,32487
TD004565,15598275,4565,34261
TD004566,15676835,4566,19588
TD004567,15617082,4567,29300
TD004568,15732644,4568,34666
TD004569,15785547,4569,8642
TD004570,15579262,4570,32955
TD004571,15601594,4571,39250
TD004572,15591433,4572,18282
TD004573,15726588,4573,43019
TD004574,15684995,4574,27679
TD004575,15682369,4575,44292
TD004576,15786249,4576,30523
TD004577,15730137,4577,6103
TD004578,15584320,4578,42886
TD004579,15754537,4579,27522
TD004580,15759751,4580,42170
TD004581,15763381,4581,7714
TD004582,15600575,4582,7848
TD004583,15798960,4583,32675
TD004584,15736124,4584,44816
TD004585,15790763,4585,23607
TD004586,15737080,4586,25485
TD004587,15579183,4587,30795
TD004588,15666032,4588,28076
TD004589,15744919,4589,23540
TD004590,15699446,4590,34923
TD004591,15651900,4591,31044
TD004592,15725221,4592,49966
TD004593,15627251,4593,1974
TD004594,15768887,4594,31618
TD004595,15581282,4595,46999
TD004596,15803842,4596,37235
TD004597,15665062,4597,47160
TD004598,15761024,4598,32938
TD004599,15610403,4599,18799
TD004600,15655341,4600,39866
TD004601,15629299,4601,16597
TD004602,15742534,4602,47828
TD004603,15694805,4603,38276
TD004604,15795124,4604,12118
TD004605,15774179,4605,48854
TD004606,15751120,4606,20056
TD004607,15686099,4607,13463
TD004608,15750299,4608,43640
TD004609,15653315,4609,26214
TD004610,15677785,4610,49786
TD004611,15765415,4611,22277
TD004612,15599533,4612,25057
TD004613,15609669,4613,45284
TD004614,15710527,4614,35835
TD004615,15704910,4615,8728
TD004616,15758775,4616,12526
TD004617,15672185,4617,23308
TD004618,15582066,4618,22693
TD004619,15679651,4619,9783
TD004620,15755731,4620,16232
TD004621,15678034,4621,8691
TD004622,15738785,4622,29951
TD004623,15759250,4623,27370
TD004624,15735799,4624,35421
TD004625,15683416,4625,28598
TD004626,15664214,4626,21365
TD004627,15621227,4627,11812
TD004628,15720509,4628,2508
TD004629,15658956,4629,5421
TD004630,15668818,4630,17154
TD004631,15607278,4631,20470
TD004632,15634772,4632,39784
TD004633,15741092,4633,3653
TD004634,15620756,4634,46331
TD004635,15687094,4635,44784
TD004636,15734737,4636,2703
TD004637,15787222,4637,12722
TD004638,15764661,4638,48363
TD004639,15662901,4639,29884
TD004640,15765902,4640,37867
TD004641,15681439,4641,16584
TD004642,15673584,4642,18101
TD004643,15635240,4643,5478
TD004644,15756894,4644,3692
TD004645,15753362,4645,41220
TD004646,15631159,4646,26021
TD004647,15749638,4647,23812
TD004648,15591169,4648,11390
TD004649,15639277,4649,32725
TD004650,15796612,4650,10027
TD004651,15795132,4651,13165
TD004652,15759499,4652,35582
TD004653,15611644,4653,9187
TD004654,15698758,4654,14683
TD004655,15591747,4655,29427
TD004656,15687218,4656,48985
TD004657,15672594,4657,36667
TD004658,15703437,4658,12797
TD004659,15570932,4659,21243
TD004660,15639049,4660,25844
TD004661,15746564,4661,26758
TD004662,15700964,4662,34204
TD004663,15595426,4663,45610
TD004664,15803947,4664,41646
TD004665,15805025,4665,26080
TD004666,15745399,4666,39729
TD004667,15782531,4667,14814
TD004668,15789109,4668,22745
TD004669,15804142,4669,47776
TD004670,15754569,4670,30061
TD004671,15773338,4671,23905
TD004672,15741180,4672,7044
TD004673,15575748,4673,23774
TD004674,15735078,4674,13920
TD004675,15706170,4675,48808
TD004676,15730759,4676,27068
TD004677,15709476,4677,4325
TD004678,15726087,4678,29273
TD004679,15711316,4679,12398
TD004680,15694453,4680,28673
TD004681,15568328,4681,38895
TD004682,15747000,4682,40631
TD004683,15662662,4683,23223
TD004684,15783816,4684,5937
TD004685,15626507,4685,29475
TD004686,15711789,4686,27180
TD004687,15620276,4687,32352
TD004688,15726046,4688,28172
TD004689,15692664,4689,22368
TD004690,15803965,4690,42646
TD004691,15706232,4691,2001
TD004692,15680278,4692,30461
TD004693,15709941,4693,19012
TD004694,15810454,4694,47869
TD004695,15774262,4695,3956
TD004696,15677336,4696,37329
TD004697,15581036,4697,41107
TD004698,15695872,4698,23967
TD004699,15717156,4699,46775
TD004700,15695679,4700,18018
TD004701,15601503,4701,38639
TD004702,15737509,4702,40756
TD004703,15610379,4703,19823
TD004704,15645271,4704,23470
TD004705,15764351,4705,39892
TD004706,15641250,4706,45856
TD004707,15689096,4707,10068
TD004708,15711299,4708,12364
TD004709,15774133,4709,49196
TD004710,15639665,4710,45790
TD004711,15800287,4711,26987
TD004712,15646720,4712,19524
TD004713,15618765,4713,34954
TD004714,15710105,4714,24453
TD004715,15737452,4715,39210
TD004716,15702499,4716,33706
TD004717,15806901,4717,36119
TD004718,15808831,4718,46965
TD004719,15700864,4719,32073
TD004720,15650454,4720,37412
TD004721,15595391,4721,45511
TD004722,15704160,4722,36298
TD004723,15719479,4723,21194
TD004724,15763515,4724,14299
TD004725,15572145,4725,10967
TD004726,15782778,4726,23474
TD004727,15745266,4727,36643
TD004728,15572626,4728,25929
TD004729,15658548,4729,43474
TD004730,15612729,4730,44131
TD004731,15753874,4731,9553
TD004732,15703793,4732,25091
TD004733,15801336,4733,10879
TD004734,15694300,4734,24848
TD004735,15657565,4735,13103
TD004736,15663249,4736,42321
TD004737,15769959,4737,18280
TD004738,15611191,4738,45590
TD004739,15604544,4739,35554
TD004740,15815490,4740,8763
TD004741,15622443,4741,2445
TD004742,15742504,4742,49278
TD004743,15738516,4743,23669
TD004744,15623369,4744,31202
TD004745,15691863,4745,47490
TD004746,15791111,4746,37132
TD004747,15795275,4747,19230
TD004748,15763895,4748,26487
TD004749,15588197,4749,18977
TD004750,15622801,4750,13696
TD004751,15597467,4751,12375
TD004752,15623478,4752,34717
TD004753,15736413,4753,7647
TD004754,15779496,4754,20210
TD004755,15669175,4755,30346
TD004756,15734246,4756,38523
TD004757,15754261,4757,21992
TD004758,15718039,4758,26150
TD004759,15767339,4759,35436
TD004760,15669606,4760,43792
TD004761,15753888,4761,10497
TD004762,15661007,4762,22262
TD004763,15650068,4763,26177
TD004764,15768342,4764,17613
TD004765,15591279,4765,16789
TD004766,15670615,4766,26172
TD004767,15808326,4767,32143
TD004768,15717879,4768,21360
TD004769,15567778,4769,23341
TD004770,15715877,4770,8333
TD004771,15780654,4771,7396
TD004772,15725068,4772,48283
TD004773,15584536,4773,3896
TD004774,15588701,4774,35026
TD004775,15770185,4775,25932
TD004776,15569446,4776,26167
TD004777,15739578,4777,8168
TD004778,15614365,4778,46662
TD004779,15765266,4779,20514
TD004780,15606267,4780,40663
TD004781,15783083,4781,33864
TD004782,15722322,4782,12328
TD004783,15792228,4783,23387
TD004784,15569438,4784,26055
TD004785,15678916,4785,38821
TD004786,15757867,4786,36269
TD004787,15645136,4787,20696
TD004788,15726313,4788,38149
TD004789,15668521,4789,10650
TD004790,15721460,4790,34743
TD004791,15627995,4791,28404
TD004792,15795933,4792,40393
TD004793,15792176,4793,21945
TD004794,15720637,4794,9298
TD004795,15670914,4795,35934
TD004796,15669060,4796,27478
TD004797,15609676,4797,48629
TD004798,15597968,4798,28705
TD004799,15639265,4799,34903
TD004800,15636396,4800,43983
TD004801,15715597,4801,49181
TD004802,15731519,4802,3769
TD004803,15671804,4803,14659
TD004804,15739160,4804,44670
TD004805,15645744,4805,39850
TD004806,15706071,4806,47966
TD004807,15600708,4807,15796
TD004808,15677586,4808,46983
TD004809,15757777,4809,33870
TD004810,15635870,4810,27847
TD004811,15767598,4811,44349
TD004812,15813697,4812,3405
TD004813,15760121,4813,8600
TD004814,15709861,4814,18589
TD004815,15746737,4815,34739
TD004816,15642570,4816,39645
TD004817,15644132,4817,39083
TD004818,15809178,4818,10421
TD004819,15685243,4819,39532
TD004820,15565706,4820,8977
TD004821,15584114,4821,40631
TD004822,15598510,4822,45915
TD004823,15713532,4823,34541
TD004824,15722991,4824,33781
TD004825,15655171,4825,38421
TD004826,15686242,4826,21619
TD004827,15619801,4827,20007
TD004828,15804919,4828,25565
TD004829,15709441,4829,5824
TD004830,15606887,4830,11732
TD004831,15706217,4831,3916
TD004832,15642991,4832,3967
TD004833,15717138,4833,48495
TD004834,15624995,4834,34137
TD004835,15583863,4835,33088
TD004836,15779581,4836,24239
TD004837,15790235,4837,11523
TD004838,15665766,4838,24080
TD004839,15611599,4839,10954
TD004840,15641629,4840,10882
TD004841,15697480,4841,27245
TD004842,15658449,4842,42326
TD004843,15687421,4843,9456
TD004844,15592386,4844,3448
TD004845,15753847,4845,10654
TD004846,15616454,4846,14575
TD004847,15812482,4847,15336
TD004848,15654025,4848,3286
TD004849,15742210,4849,41983
TD004850,15718231,4850,33666
TD004851,15649451,4851,8546
TD004852,15631800,4852,49394
TD004853,15623196,4853,27692
TD004854,15643967,4854,34597
TD004855,15582276,4855,33232
TD004856,15578251,4856,6476
TD004857,15751774,4857,44597
TD004858,15592000,4858,40721
TD004859,15760216,4859,12327
TD004860,15625740,4860,8673
TD004861,15617252,4861,39568
TD004862,15782418,4862,14626
TD004863,15636634,4863,3431
TD004864,15777436,4864,7221
TD004865,15617136,4865,36040
TD004866,15638028,4866,46696
TD004867,15575955,4867,33489
TD004868,15779522,4868,22954
TD004869,15644501,4869,2405
TD004870,15580560,4870,29292
TD004871,15756926,4871,8543
TD004872,15694765,4872,41609
TD004873,15720671,4873,11695
TD004874,15705174,4874,21315
TD004875,15663234,4875,44219
TD004876,15717046,4876,46374
TD004877,15745455,4877,45052
TD004878,15610755,4878,34454
TD004879,15753215,4879,40641
TD004880,15568429,4880,45409
TD004881,15628219,4881,36878
TD004882,15722010,4882,4356
TD004883,15759456,4883,38176
TD004884,15693906,4884,15184
TD004885,15789941,4885,3225
TD004886,15794257,4886,39036
TD004887,15710553,4887,41282
TD004888,15732987,4888,1738
TD004889,15566467,4889,33741
TD004890,15605826,4890,28862
TD004891,15676937,4891,28275
TD004892,15612455,4892,38391
TD004893,15683027,4893,21095
TD004894,15738627,4894,29677
TD004895,15758073,4895,44508
TD004896,15678129,4896,16311
TD004897,15579647,4897,1448
TD004898,15691387,4898,35335
TD004899,15584505,4899,5077
TD004900,15815628,4900,15761
TD004901,15583840,4901,33497
TD004902,15724543,4902,34218
TD004903,15661532,4903,40934
TD004904,15610801,4904,36322
TD004905,15577970,4905,47599
TD004906,15773260,4906,25482
TD004907,15624437,4907,18080
TD004908,15748327,4908,36609
TD004909,15669945,4909,7833
TD004910,15680449,4910,39468
TD004911,15657317,4911,8407
TD004912,15659820,4912,37016
TD004913,15760521,4913,22700
TD004914,15697318,4914,23464
TD004915,15621064,4915,11655
TD004916,15812210,4916,8077
TD004917,15649616,4917,14783
TD004918,15629551,4918,29798
TD004919,15752912,4919,31928
TD004920,15734609,4920,3563
TD004921,15720847,4921,17967
TD004922,15778947,4922,6047
TD004923,15627412,4923,12575
TD004924,15769781,4924,15941
TD004925,15655875,4925,12944
TD004926,15742609,4926,6660
TD004927,15630709,4927,16848
TD004928,15707637,4928,49585
TD004929,15667742,4929,37882
TD004930,15676715,4930,22056
TD004931,15810563,4931,6276
TD004932,15780925,4932,18534
TD004933,15603743,4933,14021
TD004934,15715673,4934,4797
TD004935,15661249,4935,32705
TD004936,15613017,4936,7560
TD004937,15671148,4937,45602
TD004938,15570073,4938,48358
TD004939,15722061,4939,6906
TD004940,15799932,4940,19875
TD004941,15648362,4941,25318
TD004942,15696605,4942,1837
TD004943,15720463,4943,6437
TD004944,15760641,4944,26947
TD004945,15728005,4945,44269
TD004946,15767722,4946,1487
TD004947,15585100,4947,24338
TD004948,15795759,4948,37651
TD004949,15796167,4949,1315
TD004950,15773779,4950,42319
TD004951,15788776,4951,17233
TD004952,15668695,4952,18815
TD004953,15611544,4953,11187
TD004954,15659501,4954,27841
TD004955,15738672,4955,32109
TD004956,15699195,4956,33364
TD004957,15714680,4957,23406
TD004958,15785342,4958,8900
TD004959,15717962,4959,27180
TD004960,15785815,4960,23597
TD004961,15569641,4961,35357
TD004962,15612931,4962,5336
TD004963,15794472,4963,47010
TD004964,15801924,4964,33034
TD004965,15600813,4965,21737
TD004966,15740147,4966,29020
TD004967,15589437,4967,12122
TD004968,15677105,4968,34792
TD004969,15754072,4969,19737
TD004970,15673984,4970,36077
TD004971,15658306,4971,40086
TD004972,15659800,4972,37416
TD004973,15809901,4973,35469
TD004974,15567063,4974,4661
TD004975,15806945,4975,41869
TD004976,15792180,4976,25180
TD004977,15745083,4977,35220
TD004978,15626156,4978,23575
TD004979,15672875,4979,1851
TD004980,15641474,4980,8457
TD004981,15598884,4981,11211
TD004982,15618695,4982,37357
TD004983,15793890,4983,29308
TD004984,15578546,4984,17797
TD004985,15750769,4985,15618
TD004986,15636444,4986,48633
TD004987,15641662,4987,14404
TD004988,15739514,4988,9771
TD004989,15713463,4989,35224
TD004990,15696514,4990,48833
TD004991,15654000,4991,4942
TD004992,15615991,4992,2704
TD004993,15770405,4993,36458
TD004994,15682839,4994,16984
TD004995,15749381,4995,21761
TD004996,15764654,4996,5231
TD004997,15728167,4997,1174
TD004998,15791842,4998,15076
TD004999,15795963,4999,44842
TD005000,15716024,5000,16800
TD005001,15581626,5001,15564
TD005002,15703614,5002,24132
TD005003,15677324,5003,42176
TD005004,15640491,5004,27393
TD005005,15736760,5005,22688
TD005006,15808971,5006,7200
TD005007,15582841,5007,4330
TD005008,15595037,5008,39416
TD005009,15663410,5009,2952
TD005010,15621205,5010,17641
TD005011,15699507,5011,43971
TD005012,15673439,5012,19896
TD005013,15772559,5013,5570
TD005014,15576360,5014,48543
TD005015,15793726,5015,24768
TD005016,15592197,5016,49514
TD005017,15729087,5017,30034
TD005018,15708917,5018,41794
TD005019,15619616,5019,17536
TD005020,15694556,5020,37646
TD005021,15665376,5021,15101
TD005022,15792565,5022,37897
TD005023,15691504,5023,41087
TD005024,15750731,5024,15103
TD005025,15706269,5025,8826
TD005026,15605872,5026,32600
TD005027,15637110,5027,20975
TD005028,15591822,5028,38093
TD005029,15710543,5029,43386
TD005030,15573452,5030,7668
TD005031,15736254,5031,7444
TD005032,15687607,5032,18435
TD005033,15748673,5033,49460
TD005034,15767891,5034,8222
TD005035,15762543,5035,38455
TD005036,15614215,5036,46398
TD005037,15757632,5037,33251
TD005038,15680346,5038,38451
TD005039,15746490,5039,30890
TD005040,15673929,5040,35562
TD005041,15622321,5041,3763
TD005042,15707291,5042,40797
TD005043,15714391,5043,15909
TD005044,15691808,5044,1867
TD005045,15675585,5045,37982
TD005046,15734312,5046,45499
TD005047,15734438,5047,49422
TD005048,15687946,5048,29216
TD005049,15753110,5049,40276
TD005050,15696506,5050,49605
TD005051,15713378,5051,33643
TD005052,15569364,5052,28317
TD005053,15684171,5053,10278
TD005054,15689781,5054,37202
TD005055,15611580,5055,14037
TD005056,15780359,5056,3096
TD005057,15571244,5057,37681
TD005058,15616471,5058,18706
TD005059,15788151,5059,48695
TD005060,15713594,5060,40492
TD005061,15782569,5061,22690
TD005062,15630580,5062,15144
TD005063,15753370,5063,48574
TD005064,15605375,5064,17839
TD005065,15752838,5065,32116
TD005066,15638646,5066,20253
TD005067,15593976,5067,7528
TD005068,15585907,5068,2411
TD005069,15781495,5069,38533
TD005070,15784361,5070,29394
TD005071,15617486,5071,1391
TD005072,15617655,5072,6647
TD005073,15778489,5073,43417
TD005074,15657829,5074,27050
TD005075,15713094,5075,25247
TD005076,15604818,5076,49777
TD005077,15782993,5077,36106
TD005078,15665943,5078,33647
TD005079,15736302,5079,9748
TD005080,15715541,5080,3187
TD005081,15758702,5081,18168
TD005082,15771540,5082,24155
TD005083,15789379,5083,38170
TD005084,15590078,5084,33982
TD005085,15567442,5085,18297
TD005086,15805671,5086,4262
TD005087,15626412,5087,33364
TD005088,15784761,5088,42100
TD005089,15714057,5089,6337
TD005090,15641312,5090,5305
TD005091,15741078,5091,11005
TD005092,15727696,5092,37189
TD005093,15592877,5093,22902
TD005094,15689031,5094,14632
TD005095,15772618,5095,8793
TD005096,15579433,5096,47198
TD005097,15718773,5097,5666
TD005098,15789413,5098,39479
TD005099,15717770,5099,23608
TD005100,15716984,5100,48260
TD005101,15644212,5101,46391
TD005102,15706557,5102,19063
TD005103,15719827,5103,38442
TD005104,15651020,5104,12485
TD005105,15586300,5105,15223
TD005106,15780770,5106,16687
TD005107,15734161,5107,41855
TD005108,15632324,5108,20989
TD005109,15571261,5109,39092
TD005110,15791780,5110,15058
TD005111,15672144,5111,30435
TD005112,15572735,5112,35836
TD005113,15628950,5113,14482
TD005114,15702442,5114,38705
TD005115,15660475,5115,11771
TD005116,15815131,5116,4026
TD005117,15713505,5117,38702
TD005118,15638231,5118,8272
TD005119,15743538,5119,38740
TD005120,15642248,5120,34831
TD005121,15774536,5121,19692
TD005122,15771483,5122,23068
TD005123,15750335,5123,4510
TD005124,15566740,5124,46199
TD005125,15623730,5125,48870
TD005126,15737104,5126,35409
TD005127,15667476,5127,33002
TD005128,15715199,5128,42402
TD005129,15756321,5129,43175
TD005130,15762928,5130,3004
TD005131,15754874,5131,47353
TD005132,15649129,5132,3341
TD005133,15676094,5133,6256
TD005134,15742028,5134,41186
TD005135,15717706,5135,22236
TD005136,15807525,5136,13585
TD005137,15621550,5137,30495
TD005138,15697686,5138,38680
TD005139,15656263,5139,28610
TD005140,15666173,5140,41831
TD005141,15684294,5141,15587
TD005142,15789669,5142,48163
TD005143,15658486,5143,48590
TD005144,15674343,5144,1163
TD005145,15615016,5145,24081
TD005146,15748414,5146,43352
TD005147,15679145,5147,3073
TD005148,15731790,5148,18052
TD005149,15573520,5149,11799
TD005150,15612505,5150,44327
TD005151,15609356,5151,44727
TD005152,15749489,5152,27778
TD005153,15694209,5153,29150
TD005154,15694518,5154,38746
TD005155,15805704,5155,6458
TD005156,15800083,5156,28228
TD005157,15637678,5157,40793
TD005158,15681180,5158,17344
TD005159,15814468,5159,33205
TD005160,15698528,5160,16155
TD005161,15720559,5161,13119
TD005162,15768816,5162,39073
TD005163,15600688,5163,21228
TD005164,15677377,5164,46556
TD005165,15719170,5165,19129
TD005166,15570002,5166,1032
TD005167,15637411,5167,32686
TD005168,15656176,5168,26406
TD005169,15770345,5169,37590
TD005170,15568120,5170,40760
TD005171,15577985,5171,3585
TD005172,15601172,5172,36385
TD005173,15634606,5173,43835
TD005174,15729582,5174,48048
TD005175,15771154,5175,13770
TD005176,15623989,5176,8765
TD005177,15790846,5177,36244
TD005178,15730161,5178,17064
TD005179,15669326,5179,42235
TD005180,15787258,5180,23069
TD005181,15694381,5181,34958
TD005182,15726153,5182,39887
TD005183,15581525,5183,15527
TD005184,15711618,5184,30345
TD005185,15656717,5185,43466
TD005186,15609475,5186,49011
TD005187,15767729,5187,5801
TD005188,15810834,5188,19046
TD005189,15595160,5189,46306
TD005190,15665784,5190,30622
TD005191,15746183,5191,23957
TD005192,15712772,5192,17254
TD005193,15594041,5193,11685
TD005194,15750569,5194,12971
TD005195,15729412,5195,43135
TD005196,15660646,5196,18449
TD005197,15568046,5197,38925
TD005198,15681990,5198,43134
TD005199,15571144,5199,36995
TD005200,15626044,5200,23877
TD005201,15688071,5201,35692
TD005202,15672640,5202,47358
TD005203,15628420,5203,48583
TD005204,15573628,5204,16082
TD005205,15744789,5205,29982
TD005206,15649992,5206,31352
TD005207,15807003,5207,47611
TD005208,15638269,5208,10980
TD005209,15733387,5209,19595
TD005210,15802585,5210,8706
TD005211,15761364,5211,4898
TD005212,15700710,5212,35680
TD005213,15770214,5213,34277
TD005214,15794479,5214,2493
TD005215,15645937,5215,3802
TD005216,15766906,5216,29782
TD005217,15636872,5217,16827
TD005218,15646091,5218,8627
TD005219,15608760,5219,27407
TD005220,15750156,5220,49611
TD005221,15676519,5221,20927
TD005222,15696852,5222,14254
TD005223,15729958,5223,11536
TD005224,15570379,5224,13705
TD005225,15761487,5225,8949
TD005226,15761348,5226,4657
TD005227,15801188,5227,14689
TD005228,15743871,5228,1915
TD005229,15608873,5229,31080
TD005230,15596165,5230,29157
TD005231,15732299,5231,35242
TD005232,15677020,5232,36645
TD005233,15697510,5233,34839
TD005234,15687001,5234,3083
TD005235,15642816,5235,5393
TD005236,15599078,5236,21560
TD005237,15577478,5237,37991
TD005238,15713346,5238,35830
TD005239,15795895,5239,46814
TD005240,15603665,5240,16822
TD005241,15645323,5241,34211
TD005242,15787035,5242,17210
TD005243,15681991,5243,43930
TD005244,15661548,5244,47227
TD005245,15601659,5245,3722
TD005246,15802857,5246,17750
TD005247,15651740,5247,37236
TD005248,15709523,5248,15489
TD005249,15665340,5249,17861
TD005250,15642137,5250,33600
TD005251,15668385,5251,14288
TD005252,15687903,5252,31351
TD005253,15792986,5253,5874
TD005254,15614778,5254,18556
TD005255,15594133,5255,15591
TD005256,15701175,5256,1842
TD005257,15763111,5257,10836
TD005258,15701206,5258,2837
TD005259,15628999,5259,18483
TD005260,15673074,5260,12797
TD005261,15682890,5261,23104
TD005262,15589435,5262,17075
TD005263,15733297,5263,17723
TD005264,15658475,5264,1305
TD005265,15674868,5265,19495
TD005266,15585599,5266,45230
TD005267,15606849,5267,17983
TD005268,15663294,5268,3759
TD005269,15755077,5269,6991
TD005270,15815259,5270,10612
TD005271,15581323,5271,10761
TD005272,15570508,5272,18520
TD005273,15658158,5273,40632
TD005274,15681274,5274,22230
TD005275,15644994,5275,24590
TD005276,15677052,5276,38385
TD005277,15714227,5277,14803
TD005278,15720371,5278,9280
TD005279,15787597,5279,35261
TD005280,15658504,5280,2476
TD005281,15767793,5281,9383
TD005282,15638989,5282,34558
TD005283,15627220,5283,12743
TD005284,15711901,5284,40818
TD005285,15636061,5285,41843
TD005286,15581332,5286,11295
TD005287,15597983,5287,37483
TD005288,15576745,5288,16135
TD005289,15646784,5289,31317
